customer_id,visits_total,visits_per_month,avg_check,avg_fuel_liters,coffee_attach_rate,carwash_attach_rate,morning_share,weekend_share,revenue_total,persona_mode
1,15,5.844155844155844,2439.5913333333333,47.10666666666667,0.13333333333333333,0.0,0.0,0.3333333333333333,36593.87,Thrifty
2,34,11.46067415730337,1195.1888235294118,14.191176470588236,0.47058823529411764,0.2647058823529412,0.0,0.2647058823529412,40636.42,Shopper
3,28,10.120481927710843,2034.3021428571428,39.228571428571435,0.5,0.14285714285714285,0.0,0.32142857142857145,56960.46,Weekend
4,17,7.5,2058.6282352941175,39.34117647058823,0.29411764705882354,0.11764705882352941,0.11764705882352941,0.4117647058823529,34996.68,Weekend
5,54,19.518072289156628,1498.9396296296295,20.725925925925928,0.8518518518518519,0.09259259259259259,0.8333333333333334,0.37037037037037035,80942.73999999999,Commuter
6,60,20.224719101123593,1519.9648333333332,20.541666666666668,0.6333333333333333,0.11666666666666667,0.8,0.3,91197.89,Commuter
7,62,21.136363636363637,1468.3737096774194,19.52741935483871,0.6774193548387096,0.08064516129032258,0.8387096774193549,0.16129032258064516,91039.17,Commuter
8,32,11.162790697674419,1210.4809375,15.60625,0.46875,0.25,0.0,0.21875,38735.39,Shopper
9,20,7.0588235294117645,1980.387,38.92,0.45,0.2,0.0,0.3,39607.74,Weekend
10,20,7.228915662650603,2028.157,37.394999999999996,0.4,0.15,0.05,0.2,40563.14,Weekend
11,67,23.64705882352941,1499.3740298507462,20.47313432835821,0.6567164179104478,0.029850746268656716,0.7910447761194029,0.22388059701492538,100458.06,Commuter
12,41,13.820224719101123,1244.810975609756,16.092682926829266,0.5853658536585366,0.14634146341463414,0.0,0.2926829268292683,51037.25,Shopper
13,43,15.0,1199.733488372093,15.63953488372093,0.4186046511627907,0.20930232558139536,0.0,0.20930232558139536,51588.54,Shopper
14,65,22.413793103448278,1494.7307692307693,21.75846153846154,0.6923076923076923,0.12307692307692308,0.8153846153846154,0.3076923076923077,97157.5,Commuter
15,60,20.224719101123593,1517.2293333333332,19.34,0.75,0.13333333333333333,0.7833333333333333,0.3333333333333333,91033.76,Commuter
16,71,23.93258426966292,1501.6922535211268,20.204225352112676,0.676056338028169,0.1267605633802817,0.8450704225352113,0.323943661971831,106620.15,Commuter
17,14,5.675675675675675,2546.824285714286,52.73571428571428,0.14285714285714285,0.0,0.0,0.07142857142857142,35655.54,Thrifty
18,9,4.153846153846154,2564.7077777777777,54.58888888888889,0.0,0.1111111111111111,0.0,0.3333333333333333,23082.37,Thrifty
19,7,3.5593220338983054,2567.8757142857144,50.08571428571429,0.0,0.14285714285714285,0.0,0.5714285714285714,17975.13,Thrifty
20,60,20.0,1503.0231666666666,19.861666666666668,0.7166666666666667,0.08333333333333333,0.8333333333333334,0.35,90181.39,Commuter
21,24,8.181818181818182,2064.0,40.88333333333333,0.4166666666666667,0.125,0.08333333333333333,0.25,49536.0,Weekend
22,50,18.072289156626507,1526.102,20.11,0.66,0.06,0.84,0.34,76305.1,Commuter
23,71,24.204545454545457,1498.5170422535211,19.6056338028169,0.7746478873239436,0.08450704225352113,0.7323943661971831,0.2535211267605634,106394.71,Commuter
24,11,3.9759036144578315,2543.5745454545454,45.32727272727273,0.0,0.09090909090909091,0.0,0.36363636363636365,27979.32,Thrifty
25,12,4.736842105263158,2498.764166666667,52.96666666666667,0.0,0.08333333333333333,0.0,0.3333333333333333,29985.170000000002,Thrifty
26,20,7.0588235294117645,2060.0330000000004,39.94,0.4,0.05,0.1,0.35,41200.66,Weekend
27,68,23.448275862068968,1492.0417647058823,19.394117647058824,0.7794117647058824,0.08823529411764706,0.8088235294117647,0.2647058823529412,101458.84,Commuter
28,8,3.4782608695652177,2532.9987499999997,47.1125,0.0,0.0,0.0,0.375,20263.989999999998,Thrifty
29,11,3.8823529411764706,1990.0527272727275,39.5,0.2727272727272727,0.36363636363636365,0.0,0.18181818181818182,21890.58,Weekend
30,64,21.333333333333332,1514.53890625,19.459375,0.640625,0.0625,0.890625,0.21875,96930.49,Commuter
31,16,6.233766233766233,2102.715625,41.15,0.25,0.125,0.0,0.1875,33643.45,Weekend
32,69,24.069767441860463,1495.0656521739131,19.6768115942029,0.6666666666666666,0.10144927536231885,0.7971014492753623,0.2898550724637681,103159.53,Commuter
33,76,26.20689655172414,1504.2419736842105,20.348684210526315,0.7105263157894737,0.06578947368421052,0.75,0.27631578947368424,114322.39,Commuter
34,32,11.162790697674419,1191.5774999999999,15.009375,0.5625,0.21875,0.0,0.125,38130.479999999996,Shopper
35,44,16.923076923076923,1207.9770454545453,16.293181818181818,0.4772727272727273,0.29545454545454547,0.0,0.29545454545454547,53150.99,Shopper
36,33,11.647058823529411,1157.2945454545454,16.6030303030303,0.42424242424242425,0.18181818181818182,0.0,0.3939393939393939,38190.72,Shopper
37,14,4.941176470588235,2439.9728571428573,46.07142857142857,0.14285714285714285,0.0,0.0,0.42857142857142855,34159.62,Thrifty
38,71,23.666666666666668,1518.50676056338,19.12676056338028,0.704225352112676,0.056338028169014086,0.7887323943661971,0.323943661971831,107813.98,Commuter
39,28,9.438202247191011,2011.9464285714287,39.46785714285714,0.35714285714285715,0.2857142857142857,0.07142857142857142,0.2857142857142857,56334.5,Weekend
40,12,4.390243902439025,2669.89,45.71666666666667,0.08333333333333333,0.08333333333333333,0.0,0.4166666666666667,32038.68,Thrifty
41,60,20.0,1502.1116666666667,19.095000000000002,0.5666666666666667,0.11666666666666667,0.75,0.45,90126.7,Commuter
42,11,3.8823529411764706,2619.2754545454545,49.01818181818182,0.09090909090909091,0.09090909090909091,0.0,0.09090909090909091,28812.03,Thrifty
43,59,19.8876404494382,1513.5767796610169,20.040677966101697,0.6101694915254238,0.06779661016949153,0.8813559322033898,0.2711864406779661,89301.03,Commuter
44,37,12.613636363636365,1203.4472972972974,16.42162162162162,0.5135135135135135,0.10810810810810811,0.0,0.21621621621621623,44527.55,Shopper
45,57,19.213483146067414,1476.4192982456138,20.614035087719298,0.7368421052631579,0.12280701754385964,0.7543859649122807,0.2631578947368421,84155.9,Commuter
46,15,6.0,1997.8453333333334,43.64666666666667,0.3333333333333333,0.13333333333333333,0.13333333333333333,0.3333333333333333,29967.68,Weekend
47,15,5.69620253164557,2516.614,49.12,0.06666666666666667,0.0,0.0,0.06666666666666667,37749.21,Thrifty
48,12,5.217391304347826,2487.0783333333334,49.925000000000004,0.0,0.16666666666666666,0.0,0.16666666666666666,29844.94,Thrifty
49,20,7.142857142857143,2532.4115,54.55,0.0,0.15,0.0,0.3,50648.23,Thrifty
50,70,23.333333333333332,1475.985,18.96,0.7857142857142857,0.12857142857142856,0.7571428571428571,0.2571428571428571,103318.95,Commuter
51,36,12.857142857142858,1184.243888888889,14.733333333333333,0.4166666666666667,0.2777777777777778,0.0,0.2777777777777778,42632.78,Shopper
52,16,6.153846153846153,1995.41625,41.1375,0.25,0.375,0.125,0.25,31926.66,Weekend
53,47,16.987951807228917,1181.9061702127658,15.014893617021277,0.3617021276595745,0.14893617021276595,0.0,0.40425531914893614,55549.59,Shopper
54,49,17.093023255813954,1197.7722448979591,15.644897959183673,0.5918367346938775,0.1836734693877551,0.0,0.3673469387755102,58690.84,Shopper
55,22,8.461538461538462,1951.5745454545454,39.336363636363636,0.22727272727272727,0.18181818181818182,0.09090909090909091,0.36363636363636365,42934.64,Weekend
56,38,13.255813953488373,1171.6336842105263,14.821052631578949,0.5,0.15789473684210525,0.0,0.3157894736842105,44522.08,Shopper
57,60,20.224719101123593,1487.339,18.753333333333334,0.6833333333333333,0.08333333333333333,0.85,0.2833333333333333,89240.34,Commuter
58,81,28.25581395348837,1505.6174074074074,19.62962962962963,0.7407407407407407,0.08641975308641975,0.8148148148148148,0.2962962962962963,121955.01,Commuter
59,58,20.470588235294116,1505.1586206896552,19.66551724137931,0.6896551724137931,0.08620689655172414,0.7758620689655172,0.20689655172413793,87299.2,Commuter
60,10,5.454545454545455,2438.474,50.730000000000004,0.1,0.0,0.0,0.5,24384.74,Thrifty
61,11,4.125,2512.791818181818,53.48181818181818,0.18181818181818182,0.09090909090909091,0.0,0.18181818181818182,27640.71,Thrifty
62,46,16.829268292682926,1483.1321739130435,19.215217391304346,0.6086956521739131,0.08695652173913043,0.8913043478260869,0.21739130434782608,68224.08,Commuter
63,42,14.651162790697674,1198.8269047619049,15.283333333333333,0.5714285714285714,0.23809523809523808,0.0,0.30952380952380953,50350.73,Shopper
64,12,4.390243902439025,2465.69,47.50833333333333,0.0,0.0,0.0,0.4166666666666667,29588.28,Thrifty
65,68,23.181818181818183,1509.731029411765,20.59264705882353,0.6176470588235294,0.08823529411764706,0.8088235294117647,0.27941176470588236,102661.71,Commuter
66,5,3.3333333333333335,2569.886,50.2,0.2,0.2,0.0,0.2,12849.43,Thrifty
67,48,16.74418604651163,1513.7554166666666,19.8625,0.8541666666666666,0.10416666666666667,0.7708333333333334,0.3541666666666667,72660.26,Commuter
68,36,12.134831460674157,1195.0402777777776,15.438888888888888,0.75,0.16666666666666666,0.0,0.2777777777777778,43021.45,Shopper
69,51,17.386363636363637,1507.6364705882354,19.29607843137255,0.803921568627451,0.0392156862745098,0.7254901960784313,0.29411764705882354,76889.46,Commuter
70,43,15.0,1175.2458139534883,13.406976744186046,0.37209302325581395,0.20930232558139536,0.0,0.32558139534883723,50535.57,Shopper
71,16,5.454545454545455,1991.095625,39.45,0.5,0.375,0.0,0.3125,31857.53,Weekend
72,72,24.545454545454547,1511.0423611111112,20.15277777777778,0.6388888888888888,0.06944444444444445,0.8194444444444444,0.18055555555555555,108795.05,Commuter
73,77,25.95505617977528,1472.7285714285715,19.85844155844156,0.7142857142857143,0.09090909090909091,0.8961038961038961,0.2597402597402597,113400.1,Commuter
74,37,12.613636363636365,1201.6945945945945,14.5,0.32432432432432434,0.21621621621621623,0.0,0.2972972972972973,44462.7,Shopper
75,18,6.067415730337078,1891.8705555555555,38.78333333333333,0.2777777777777778,0.2777777777777778,0.05555555555555555,0.3888888888888889,34053.67,Weekend
76,20,8.571428571428571,1923.2565,39.239999999999995,0.35,0.2,0.15,0.25,38465.13,Weekend
77,13,5.571428571428571,1984.6176923076923,41.599999999999994,0.46153846153846156,0.23076923076923078,0.0,0.23076923076923078,25800.03,Weekend
78,62,21.379310344827587,1518.0282258064517,21.44677419354839,0.6935483870967742,0.08064516129032258,0.8225806451612904,0.3064516129032258,94117.75,Commuter
79,12,4.390243902439025,2464.67,49.791666666666664,0.0,0.0,0.0,0.25,29576.04,Thrifty
80,78,27.209302325581394,1478.6532051282052,20.28717948717949,0.717948717948718,0.10256410256410256,0.8589743589743589,0.3333333333333333,115334.95,Commuter
81,36,12.413793103448276,1226.2419444444445,15.044444444444444,0.5555555555555556,0.1111111111111111,0.0,0.2777777777777778,44144.71,Shopper
82,17,5.730337078651685,1996.0788235294115,39.49411764705882,0.35294117647058826,0.29411764705882354,0.17647058823529413,0.17647058823529413,33933.34,Weekend
83,11,4.230769230769231,2521.1545454545453,53.58181818181818,0.18181818181818182,0.09090909090909091,0.0,0.45454545454545453,27732.7,Thrifty
84,64,21.81818181818182,1484.82640625,18.846875,0.703125,0.09375,0.765625,0.171875,95028.89,Commuter
85,12,5.070422535211268,2484.0275,49.166666666666664,0.0,0.08333333333333333,0.0,0.5,29808.33,Thrifty
86,12,5.901639344262295,2612.54,51.775,0.0,0.16666666666666666,0.0,0.3333333333333333,31350.48,Thrifty
87,24,8.571428571428571,2015.2345833333336,39.50833333333333,0.2916666666666667,0.20833333333333334,0.08333333333333333,0.25,48365.630000000005,Weekend
88,19,6.627906976744186,2037.784210526316,37.08421052631579,0.47368421052631576,0.3157894736842105,0.21052631578947367,0.3684210526315789,38717.9,Weekend
89,34,11.46067415730337,1181.3241176470588,15.126470588235293,0.6764705882352942,0.058823529411764705,0.0,0.23529411764705882,40165.02,Shopper
90,12,5.714285714285714,2372.471666666667,47.88333333333333,0.0,0.0,0.0,0.25,28469.66,Thrifty
91,75,25.56818181818182,1486.0052,19.865333333333336,0.6,0.06666666666666667,0.7733333333333333,0.29333333333333333,111450.39,Commuter
92,16,6.233766233766233,1992.479375,39.25,0.4375,0.125,0.0625,0.25,31879.67,Weekend
93,21,7.590361445783133,2045.5442857142857,39.00476190476191,0.5238095238095238,0.38095238095238093,0.09523809523809523,0.19047619047619047,42956.43,Weekend
94,20,7.142857142857143,2011.6384999999998,44.75,0.35,0.25,0.05,0.25,40232.77,Weekend
95,20,7.0588235294117645,1914.0369999999998,41.495,0.45,0.3,0.1,0.2,38280.74,Weekend
96,11,7.500000000000001,2606.1909090909094,48.38181818181818,0.09090909090909091,0.18181818181818182,0.0,0.36363636363636365,28668.100000000002,Thrifty
97,11,4.647887323943662,2416.7445454545455,51.07272727272727,0.0,0.18181818181818182,0.0,0.2727272727272727,26584.190000000002,Thrifty
98,15,5.0,2434.807333333333,49.10666666666667,0.0,0.06666666666666667,0.0,0.26666666666666666,36522.11,Thrifty
99,71,24.204545454545457,1501.3652112676054,20.33943661971831,0.8309859154929577,0.07042253521126761,0.8732394366197183,0.38028169014084506,106596.93,Commuter
100,58,20.232558139534884,1519.9689655172413,20.186206896551724,0.6551724137931034,0.10344827586206896,0.8793103448275862,0.1724137931034483,88158.2,Commuter
101,63,21.235955056179776,1486.2633333333333,19.150793650793652,0.7142857142857143,0.047619047619047616,0.7777777777777778,0.2857142857142857,93634.59,Commuter
102,22,7.415730337078651,1989.6686363636363,39.32727272727273,0.45454545454545453,0.13636363636363635,0.09090909090909091,0.09090909090909091,43772.71,Weekend
103,18,6.206896551724138,2387.9705555555556,48.46666666666667,0.0,0.16666666666666666,0.0,0.2222222222222222,42983.47,Thrifty
104,13,5.0,2466.837692307692,50.3,0.15384615384615385,0.0,0.0,0.23076923076923078,32068.89,Thrifty
105,56,19.310344827586206,1183.1173214285714,16.460714285714285,0.5178571428571429,0.30357142857142855,0.0,0.19642857142857142,66254.56999999999,Shopper
106,64,21.573033707865168,1496.20828125,20.475,0.59375,0.140625,0.828125,0.359375,95757.33,Commuter
107,12,5.217391304347826,2498.745,49.725,0.08333333333333333,0.08333333333333333,0.0,0.25,29984.94,Thrifty
108,21,7.590361445783133,2104.114761904762,38.27619047619047,0.47619047619047616,0.3333333333333333,0.19047619047619047,0.3333333333333333,44186.41,Weekend
109,61,20.56179775280899,1545.987049180328,18.604918032786887,0.6885245901639344,0.08196721311475409,0.8360655737704918,0.2459016393442623,94305.21,Commuter
110,69,23.0,1511.0471014492753,19.384057971014492,0.6956521739130435,0.057971014492753624,0.7391304347826086,0.3188405797101449,104262.25,Commuter
111,59,19.666666666666668,1534.964406779661,20.037288135593222,0.6610169491525424,0.11864406779661017,0.6949152542372882,0.2542372881355932,90562.9,Commuter
112,62,21.136363636363637,1490.8154838709677,20.15967741935484,0.6451612903225806,0.04838709677419355,0.8225806451612904,0.0967741935483871,92430.56,Commuter
113,33,11.0,1199.2721212121212,15.98181818181818,0.5454545454545454,0.18181818181818182,0.0,0.18181818181818182,39575.979999999996,Shopper
114,53,18.06818181818182,1210.4496226415094,14.916981132075472,0.41509433962264153,0.18867924528301888,0.0,0.32075471698113206,64153.83,Shopper
115,21,8.75,2067.381428571429,41.75238095238095,0.3333333333333333,0.14285714285714285,0.047619047619047616,0.19047619047619047,43415.01,Weekend
116,42,14.651162790697674,1200.71,16.276190476190475,0.6190476190476191,0.2619047619047619,0.0,0.21428571428571427,50429.82,Shopper
117,38,12.808988764044944,1178.6986842105264,14.892105263157895,0.4473684210526316,0.15789473684210525,0.0,0.2894736842105263,44790.55,Shopper
118,62,21.627906976744185,1506.9456451612905,19.616129032258065,0.6612903225806451,0.11290322580645161,0.7741935483870968,0.3225806451612903,93430.63,Commuter
119,43,15.542168674698795,1196.3009302325581,15.125581395348837,0.5348837209302325,0.2558139534883721,0.0,0.37209302325581395,51440.94,Shopper
120,14,6.0,2535.7985714285714,52.107142857142854,0.0,0.0,0.0,0.14285714285714285,35501.18,Thrifty
121,43,15.357142857142858,1215.6923255813954,15.71627906976744,0.5348837209302325,0.18604651162790697,0.0,0.18604651162790697,52274.77,Shopper
122,36,12.0,1152.8772222222224,15.005555555555556,0.4722222222222222,0.2222222222222222,0.0,0.2777777777777778,41503.58,Shopper
123,8,2.962962962962963,2464.0325,49.475,0.0,0.0,0.0,0.375,19712.26,Thrifty
124,65,21.91011235955056,1509.6406153846153,19.804615384615385,0.6461538461538462,0.2,0.8461538461538461,0.3076923076923077,98126.64,Commuter
125,51,17.586206896551726,1506.0760784313727,19.75294117647059,0.7843137254901961,0.0784313725490196,0.7843137254901961,0.27450980392156865,76809.88,Commuter
126,9,3.91304347826087,2640.1633333333334,51.08888888888889,0.0,0.1111111111111111,0.0,0.3333333333333333,23761.47,Thrifty
127,35,12.209302325581396,1195.1082857142858,14.714285714285714,0.5714285714285714,0.2857142857142857,0.0,0.2571428571428571,41828.79,Shopper
128,39,13.146067415730336,1217.0223076923078,14.866666666666665,0.4358974358974359,0.1794871794871795,0.0,0.2564102564102564,47463.87,Shopper
129,51,17.191011235955056,1489.5801960784313,19.398039215686275,0.5686274509803921,0.0784313725490196,0.7843137254901961,0.23529411764705882,75968.59,Commuter
130,12,5.625,2482.9775,51.85,0.08333333333333333,0.0,0.0,0.4166666666666667,29795.73,Thrifty
131,19,7.215189873417722,2474.6484210526314,47.51052631578948,0.05263157894736842,0.05263157894736842,0.0,0.15789473684210525,47018.32,Thrifty
132,72,24.269662921348313,1495.9354166666667,20.429166666666667,0.6527777777777778,0.16666666666666666,0.8472222222222222,0.2777777777777778,107707.35,Commuter
133,60,21.686746987951807,1506.9618333333335,19.825,0.7166666666666667,0.05,0.8333333333333334,0.23333333333333334,90417.71,Commuter
134,10,3.7037037037037033,2275.341,47.81,0.0,0.1,0.0,0.3,22753.41,Thrifty
135,46,15.681818181818183,1205.9378260869564,14.745652173913042,0.5434782608695652,0.2391304347826087,0.0,0.1956521739130435,55473.14,Shopper
136,14,5.121951219512195,2492.5128571428572,52.52142857142858,0.07142857142857142,0.14285714285714285,0.0,0.5,34895.18,Thrifty
137,25,8.823529411764705,2505.5172000000002,51.092,0.12,0.0,0.0,0.28,62637.93,Thrifty
138,21,7.590361445783133,1956.6371428571426,41.6,0.5238095238095238,0.19047619047619047,0.23809523809523808,0.38095238095238093,41089.38,Weekend
139,7,2.4705882352941173,2553.308571428571,45.17142857142857,0.0,0.14285714285714285,0.0,0.0,17873.16,Thrifty
140,43,15.176470588235293,1200.367441860465,15.35581395348837,0.5348837209302325,0.23255813953488372,0.0,0.32558139534883723,51615.8,Shopper
141,29,10.609756097560975,1215.7068965517242,14.017241379310345,0.5862068965517241,0.13793103448275862,0.0,0.27586206896551724,35255.5,Shopper
142,56,19.53488372093023,1476.5898214285714,20.3875,0.6785714285714286,0.16071428571428573,0.7678571428571429,0.26785714285714285,82689.03,Commuter
143,7,3.387096774193548,2458.921428571429,50.6,0.0,0.0,0.0,0.2857142857142857,17212.45,Thrifty
144,19,7.3076923076923075,2451.3921052631576,51.363157894736844,0.05263157894736842,0.05263157894736842,0.0,0.3157894736842105,46576.45,Thrifty
145,57,19.88372093023256,1488.6038596491228,19.62456140350877,0.7719298245614035,0.14035087719298245,0.7719298245614035,0.3157894736842105,84850.42,Commuter
146,67,22.584269662921347,1483.0532835820898,18.898507462686567,0.6865671641791045,0.08955223880597014,0.746268656716418,0.23880597014925373,99364.57,Commuter
147,24,8.470588235294118,2039.1279166666666,38.770833333333336,0.5416666666666666,0.25,0.16666666666666666,0.20833333333333334,48939.07,Weekend
148,4,2.4,2630.1575000000003,52.625,0.0,0.0,0.0,0.25,10520.630000000001,Thrifty
149,63,21.47727272727273,1504.8223809523809,19.517460317460316,0.8571428571428571,0.12698412698412698,0.8571428571428571,0.31746031746031744,94803.81,Commuter
150,73,24.606741573033705,1513.5206849315068,20.21232876712329,0.7397260273972602,0.0958904109589041,0.7808219178082192,0.3424657534246575,110487.01,Commuter
151,31,10.813953488372093,1178.1793548387095,14.948387096774193,0.3548387096774194,0.3870967741935484,0.0,0.2903225806451613,36523.56,Shopper
152,65,22.15909090909091,1496.2055384615385,19.24153846153846,0.5692307692307692,0.046153846153846156,0.8307692307692308,0.23076923076923078,97253.36,Commuter
153,71,24.482758620689655,1508.299014084507,20.316901408450704,0.8169014084507042,0.04225352112676056,0.8591549295774648,0.3380281690140845,107089.23,Commuter
154,18,6.27906976744186,2494.6094444444443,56.388888888888886,0.05555555555555555,0.0,0.0,0.2777777777777778,44902.97,Thrifty
155,41,13.666666666666666,1194.0985365853658,15.082926829268292,0.4146341463414634,0.1951219512195122,0.0,0.21951219512195122,48958.04,Shopper
156,54,19.28571428571429,1492.7796296296297,19.74259259259259,0.8148148148148148,0.018518518518518517,0.7592592592592593,0.4074074074074074,80610.1,Commuter
157,21,7.325581395348837,1941.8185714285714,39.852380952380955,0.3333333333333333,0.42857142857142855,0.0,0.23809523809523808,40778.19,Weekend
158,24,9.113924050632912,2025.618333333333,40.49166666666667,0.625,0.20833333333333334,0.08333333333333333,0.25,48614.84,Weekend
159,58,19.772727272727273,1472.3217241379311,20.158620689655173,0.6551724137931034,0.08620689655172414,0.7241379310344828,0.15517241379310345,85394.66,Commuter
160,25,8.522727272727273,2024.2936,41.856,0.44,0.32,0.12,0.24,50607.34,Weekend
161,20,8.108108108108107,2498.9674999999997,50.7,0.0,0.1,0.0,0.4,49979.35,Thrifty
162,21,7.590361445783133,2039.769523809524,38.20952380952381,0.38095238095238093,0.14285714285714285,0.14285714285714285,0.14285714285714285,42835.16,Weekend
163,29,10.875,2033.9393103448276,41.56896551724138,0.2413793103448276,0.2413793103448276,0.10344827586206896,0.4482758620689655,58984.24,Weekend
164,13,5.492957746478873,2461.7615384615387,49.23076923076923,0.0,0.07692307692307693,0.0,0.07692307692307693,32002.9,Thrifty
165,53,17.666666666666668,1507.5643396226417,19.947169811320755,0.6792452830188679,0.1320754716981132,0.8301886792452831,0.2641509433962264,79900.91,Commuter
166,44,16.5,1197.7877272727274,14.634090909090908,0.5,0.18181818181818182,0.0,0.11363636363636363,52702.66,Shopper
167,12,7.659574468085107,2485.534166666667,49.00833333333333,0.08333333333333333,0.0,0.0,0.3333333333333333,29826.41,Thrifty
168,66,23.023255813953487,1512.0113636363637,19.345454545454544,0.5606060606060606,0.12121212121212122,0.7878787878787878,0.2727272727272727,99792.75,Commuter
169,70,24.41860465116279,1520.534,19.97142857142857,0.6857142857142857,0.12857142857142856,0.7857142857142857,0.2571428571428571,106437.38,Commuter
170,17,6.071428571428572,2017.6864705882351,41.3235294117647,0.5294117647058824,0.17647058823529413,0.058823529411764705,0.29411764705882354,34300.67,Weekend
171,27,9.0,1918.8262962962963,40.681481481481484,0.48148148148148145,0.2222222222222222,0.07407407407407407,0.18518518518518517,51808.31,Weekend
172,71,23.666666666666668,1464.2208450704225,20.01267605633803,0.7323943661971831,0.1267605633802817,0.7746478873239436,0.352112676056338,103959.68,Commuter
173,14,4.827586206896552,2593.3064285714286,54.707142857142856,0.0,0.0,0.0,0.35714285714285715,36306.29,Thrifty
174,68,23.181818181818183,1531.104411764706,20.13823529411765,0.6323529411764706,0.07352941176470588,0.8382352941176471,0.22058823529411764,104115.1,Commuter
175,16,6.233766233766233,1995.35125,43.4625,0.625,0.3125,0.0625,0.375,31925.62,Weekend
176,65,23.78048780487805,1502.9843076923075,20.021538461538462,0.7076923076923077,0.06153846153846154,0.7384615384615385,0.27692307692307694,97693.98,Commuter
177,14,5.6,1997.4285714285713,38.67142857142857,0.5,0.07142857142857142,0.07142857142857142,0.2857142857142857,27964.0,Weekend
178,16,6.315789473684211,2472.01625,48.85,0.1875,0.0,0.0,0.4375,39552.26,Thrifty
179,50,17.64705882352941,1213.1660000000002,15.366,0.58,0.16,0.0,0.42,60658.3,Shopper
180,54,18.0,1523.4133333333334,19.38703703703704,0.6111111111111112,0.037037037037037035,0.8148148148148148,0.25925925925925924,82264.32,Commuter
181,11,3.8372093023255816,2429.199090909091,49.972727272727276,0.0,0.18181818181818182,0.0,0.18181818181818182,26721.190000000002,Thrifty
182,58,20.232558139534884,1491.9025862068966,21.344827586206897,0.7413793103448276,0.1724137931034483,0.7931034482758621,0.27586206896551724,86530.35,Commuter
183,52,19.25925925925926,1210.066923076923,16.326923076923077,0.5192307692307693,0.1346153846153846,0.0,0.25,62923.48,Shopper
184,29,10.357142857142858,1163.3096551724136,15.289655172413791,0.4482758620689655,0.3103448275862069,0.0,0.3793103448275862,33735.979999999996,Shopper
185,66,22.247191011235955,1485.534090909091,20.793939393939397,0.803030303030303,0.09090909090909091,0.8484848484848485,0.30303030303030304,98045.25,Commuter
186,21,7.500000000000001,1986.1295238095238,39.05714285714286,0.3333333333333333,0.2857142857142857,0.23809523809523808,0.38095238095238093,41708.72,Weekend
187,53,17.865168539325843,1208.7041509433961,15.269811320754716,0.4716981132075472,0.20754716981132076,0.0,0.32075471698113206,64061.32,Shopper
188,21,7.325581395348837,2046.105238095238,43.33809523809524,0.14285714285714285,0.3333333333333333,0.09523809523809523,0.19047619047619047,42968.21,Weekend
189,8,4.363636363636364,2424.29625,49.375,0.0,0.0,0.0,0.125,19394.37,Thrifty
190,73,24.606741573033705,1499.1834246575343,19.83972602739726,0.8356164383561644,0.0684931506849315,0.821917808219178,0.3287671232876712,109440.39,Commuter
191,51,17.790697674418606,1488.4986274509806,20.454901960784316,0.6470588235294118,0.0196078431372549,0.8431372549019608,0.27450980392156865,75913.43000000001,Commuter
192,45,16.463414634146343,1210.2124444444444,14.648888888888889,0.5333333333333333,0.2222222222222222,0.0,0.2,54459.56,Shopper
193,33,11.123595505617978,1194.530909090909,15.648484848484848,0.6060606060606061,0.18181818181818182,0.0,0.2727272727272727,39419.52,Shopper
194,17,6.219512195121951,2066.9205882352944,39.1,0.35294117647058826,0.29411764705882354,0.17647058823529413,0.058823529411764705,35137.65,Weekend
195,10,3.658536585365854,2396.638,53.720000000000006,0.0,0.0,0.0,0.2,23966.38,Thrifty
196,9,3.4177215189873418,2538.0377777777776,47.21111111111111,0.0,0.1111111111111111,0.0,0.6666666666666666,22842.34,Thrifty
197,17,5.795454545454546,1975.4982352941176,39.23529411764706,0.47058823529411764,0.23529411764705882,0.11764705882352941,0.35294117647058826,33583.47,Weekend
198,33,11.647058823529411,1213.4057575757577,16.25151515151515,0.45454545454545453,0.12121212121212122,0.0,0.2727272727272727,40042.39,Shopper
199,52,17.333333333333332,1198.1165384615383,15.934615384615386,0.4423076923076923,0.15384615384615385,0.0,0.3076923076923077,62302.06,Shopper
200,19,6.867469879518072,2036.5763157894735,41.89473684210526,0.3684210526315789,0.21052631578947367,0.10526315789473684,0.2631578947368421,38694.95,Weekend
201,15,5.357142857142858,1988.9379999999999,37.193333333333335,0.26666666666666666,0.26666666666666666,0.06666666666666667,0.3333333333333333,29834.07,Weekend
202,60,20.224719101123593,1507.3645,19.263333333333332,0.7,0.05,0.8333333333333334,0.21666666666666667,90441.87,Commuter
203,72,25.11627906976744,1498.8006944444444,20.540277777777778,0.7777777777777778,0.19444444444444445,0.7777777777777778,0.2638888888888889,107913.65,Commuter
204,31,11.204819277108435,1183.3967741935485,13.274193548387096,0.5161290322580645,0.12903225806451613,0.0,0.25806451612903225,36685.3,Shopper
205,27,9.204545454545455,2053.5666666666666,39.74074074074074,0.48148148148148145,0.5185185185185185,0.18518518518518517,0.18518518518518517,55446.3,Weekend
206,71,23.93258426966292,1515.5257746478874,19.2,0.7183098591549296,0.08450704225352113,0.7746478873239436,0.30985915492957744,107602.33,Commuter
207,60,20.689655172413794,1497.9563333333333,19.705,0.7333333333333333,0.03333333333333333,0.7,0.25,89877.38,Commuter
208,20,7.894736842105264,1944.846,41.394999999999996,0.35,0.2,0.25,0.15,38896.92,Weekend
209,51,17.386363636363637,1525.5572549019607,19.99607843137255,0.7647058823529411,0.09803921568627451,0.7450980392156863,0.21568627450980393,77803.42,Commuter
210,79,26.333333333333332,1525.6312658227848,20.011392405063294,0.6582278481012658,0.1518987341772152,0.7848101265822784,0.31645569620253167,120524.87,Commuter
211,11,4.852941176470589,2599.6645454545455,51.72727272727273,0.09090909090909091,0.0,0.0,0.09090909090909091,28596.31,Thrifty
212,25,8.620689655172415,1964.4304000000002,39.012,0.4,0.24,0.0,0.28,49110.76,Weekend
213,22,7.764705882352941,2030.0122727272726,42.372727272727275,0.45454545454545453,0.22727272727272727,0.045454545454545456,0.22727272727272727,44660.27,Weekend
214,58,20.232558139534884,1491.3210344827585,20.601724137931036,0.6724137931034483,0.13793103448275862,0.8103448275862069,0.20689655172413793,86496.62,Commuter
215,18,6.206896551724138,2014.823888888889,40.78888888888889,0.4444444444444444,0.2777777777777778,0.1111111111111111,0.3333333333333333,36266.83,Weekend
216,67,22.584269662921347,1485.668208955224,19.182089552238807,0.746268656716418,0.1044776119402985,0.835820895522388,0.2537313432835821,99539.77,Commuter
217,16,5.5813953488372094,2579.48125,48.725,0.125,0.0,0.0,0.3125,41271.7,Thrifty
218,16,5.853658536585366,2034.873125,42.28125,0.4375,0.25,0.3125,0.375,32557.97,Weekend
219,24,8.571428571428571,2051.4741666666664,37.1875,0.2916666666666667,0.375,0.16666666666666666,0.4166666666666667,49235.38,Weekend
220,41,13.977272727272728,1185.169756097561,15.817073170731707,0.36585365853658536,0.17073170731707318,0.0,0.21951219512195122,48591.96,Shopper
221,17,7.391304347826088,2021.1564705882356,42.49411764705882,0.4117647058823529,0.23529411764705882,0.058823529411764705,0.5294117647058824,34359.66,Weekend
222,18,6.666666666666666,1971.8261111111112,41.91111111111111,0.16666666666666666,0.4444444444444444,0.1111111111111111,0.1111111111111111,35492.87,Weekend
223,74,24.666666666666668,1496.122162162162,20.285135135135135,0.7837837837837838,0.12162162162162163,0.7432432432432432,0.1891891891891892,110713.04,Commuter
224,18,7.605633802816901,2526.641111111111,47.97222222222222,0.16666666666666666,0.0,0.0,0.3333333333333333,45479.54,Thrifty
225,70,24.705882352941174,1537.0602857142858,19.220000000000002,0.7142857142857143,0.07142857142857142,0.8428571428571429,0.22857142857142856,107594.22,Commuter
226,68,22.666666666666668,1502.4629411764706,19.951470588235296,0.7058823529411765,0.08823529411764706,0.8382352941176471,0.23529411764705882,102167.48,Commuter
227,36,13.170731707317072,1234.7716666666665,15.211111111111112,0.4722222222222222,0.19444444444444445,0.0,0.3333333333333333,44451.78,Shopper
228,13,5.064935064935065,2571.5176923076924,51.599999999999994,0.0,0.0,0.0,0.5384615384615384,33429.73,Thrifty
229,38,12.808988764044944,1217.651052631579,16.16578947368421,0.47368421052631576,0.10526315789473684,0.0,0.15789473684210525,46270.74,Shopper
230,19,6.627906976744186,1981.9173684210527,41.10526315789474,0.2631578947368421,0.2631578947368421,0.10526315789473684,0.2631578947368421,37656.43,Weekend
231,11,4.583333333333334,1969.9763636363639,34.945454545454545,0.18181818181818182,0.36363636363636365,0.2727272727272727,0.2727272727272727,21669.74,Weekend
232,9,3.2142857142857144,2479.108888888889,56.666666666666664,0.1111111111111111,0.1111111111111111,0.0,0.2222222222222222,22311.98,Thrifty
233,14,5.915492957746479,1943.4007142857142,38.357142857142854,0.6428571428571429,0.14285714285714285,0.2857142857142857,0.42857142857142855,27207.61,Weekend
234,6,2.8125,2514.5766666666664,46.68333333333334,0.0,0.0,0.0,0.5,15087.46,Thrifty
235,47,16.3953488372093,1537.273829787234,20.602127659574467,0.723404255319149,0.10638297872340426,0.8085106382978723,0.3191489361702128,72251.87,Commuter
236,18,6.666666666666666,2035.3727777777776,36.48888888888889,0.3333333333333333,0.3333333333333333,0.2222222222222222,0.2222222222222222,36636.71,Weekend
237,72,24.269662921348313,1511.731388888889,21.21388888888889,0.8055555555555556,0.08333333333333333,0.8055555555555556,0.2777777777777778,108844.66,Commuter
238,64,22.06896551724138,1496.2303125,18.75,0.765625,0.09375,0.765625,0.28125,95758.74,Commuter
239,19,7.125,2001.7136842105263,38.38947368421052,0.3684210526315789,0.21052631578947367,0.05263157894736842,0.3157894736842105,38032.56,Weekend
240,64,21.573033707865168,1481.3178125,21.15,0.640625,0.140625,0.796875,0.28125,94804.34,Commuter
241,26,9.176470588235293,1192.3503846153847,15.353846153846153,0.4230769230769231,0.23076923076923078,0.0,0.4230769230769231,31001.11,Shopper
242,56,19.76470588235294,1212.9782142857143,15.853571428571428,0.32142857142857145,0.125,0.0,0.2857142857142857,67926.78,Shopper
243,44,16.097560975609756,1223.6795454545454,13.836363636363636,0.4318181818181818,0.25,0.0,0.3181818181818182,53841.9,Shopper
244,14,5.384615384615384,2545.3450000000003,49.69285714285714,0.07142857142857142,0.07142857142857142,0.0,0.07142857142857142,35634.83,Thrifty
245,67,22.584269662921347,1504.311791044776,20.444776119402984,0.7014925373134329,0.1044776119402985,0.8059701492537313,0.29850746268656714,100788.89,Commuter
246,45,15.168539325842696,1205.3795555555555,14.473333333333333,0.4222222222222222,0.24444444444444444,0.0,0.2222222222222222,54242.08,Shopper
247,12,4.444444444444444,2382.59,53.824999999999996,0.0,0.0,0.0,0.16666666666666666,28591.08,Thrifty
248,44,14.666666666666666,1191.7734090909091,14.418181818181818,0.4318181818181818,0.2727272727272727,0.0,0.29545454545454547,52438.03,Shopper
249,33,11.785714285714286,1176.9369696969698,15.178787878787878,0.3333333333333333,0.24242424242424243,0.0,0.3333333333333333,38838.92,Shopper
250,48,16.941176470588236,1237.8816666666667,14.833333333333334,0.4375,0.14583333333333334,0.0,0.3125,59418.32,Shopper
251,67,23.10344827586207,1464.2294029850746,19.67910447761194,0.7014925373134329,0.07462686567164178,0.746268656716418,0.2537313432835821,98103.37,Commuter
252,9,4.029850746268656,2543.206666666667,52.13333333333334,0.1111111111111111,0.2222222222222222,0.0,0.3333333333333333,22888.86,Thrifty
253,31,10.44943820224719,1222.7041935483871,15.422580645161291,0.5161290322580645,0.22580645161290322,0.0,0.3548387096774194,37903.83,Shopper
254,15,5.294117647058823,2426.983333333333,49.06666666666667,0.0,0.06666666666666667,0.0,0.4666666666666667,36404.75,Thrifty
255,63,21.47727272727273,1532.7225396825397,19.049206349206347,0.7301587301587301,0.1111111111111111,0.8095238095238095,0.31746031746031744,96561.52,Commuter
256,23,8.214285714285715,2009.317391304348,41.15217391304348,0.391304347826087,0.21739130434782608,0.08695652173913043,0.08695652173913043,46214.3,Weekend
257,46,15.333333333333334,1176.250652173913,16.680434782608696,0.5,0.2391304347826087,0.0,0.32608695652173914,54107.53,Shopper
258,20,6.8965517241379315,1924.3625,41.114999999999995,0.35,0.3,0.1,0.1,38487.25,Weekend
259,20,6.818181818181818,1971.9085,42.815,0.4,0.1,0.05,0.25,39438.17,Weekend
260,74,25.517241379310345,1517.5832432432433,19.313513513513513,0.6756756756756757,0.12162162162162163,0.7972972972972973,0.25675675675675674,112301.16,Commuter
261,15,7.5,2065.94,40.940000000000005,0.4,0.13333333333333333,0.2,0.2,30989.1,Weekend
262,40,14.285714285714286,1204.01975,14.885,0.6,0.225,0.0,0.325,48160.79,Shopper
263,57,20.357142857142858,1521.7496491228069,21.094736842105263,0.7543859649122807,0.08771929824561403,0.8771929824561403,0.2807017543859649,86739.73,Commuter
264,15,5.769230769230769,2458.061333333333,48.10666666666667,0.0,0.0,0.0,0.3333333333333333,36870.92,Thrifty
265,38,12.954545454545455,1175.0476315789474,15.044736842105264,0.6052631578947368,0.18421052631578946,0.0,0.23684210526315788,44651.81,Shopper
266,20,6.8965517241379315,1924.4515,40.63,0.45,0.2,0.1,0.25,38489.03,Weekend
267,21,7.411764705882352,2037.0052380952382,40.114285714285714,0.2857142857142857,0.2857142857142857,0.23809523809523808,0.23809523809523808,42777.11,Weekend
268,26,8.863636363636365,1942.423076923077,38.37307692307692,0.34615384615384615,0.15384615384615385,0.0,0.23076923076923078,50503.0,Weekend
269,6,3.0,2688.1366666666668,43.699999999999996,0.0,0.16666666666666666,0.0,0.16666666666666666,16128.82,Thrifty
270,56,19.53488372093023,1485.6535714285715,20.74642857142857,0.6964285714285714,0.07142857142857142,0.8392857142857143,0.14285714285714285,83196.6,Commuter
271,51,17.191011235955056,1192.5796078431372,14.294117647058824,0.47058823529411764,0.2549019607843137,0.0,0.27450980392156865,60821.56,Shopper
272,42,15.000000000000002,1206.2509523809524,15.178571428571429,0.42857142857142855,0.2619047619047619,0.0,0.35714285714285715,50662.54,Shopper
273,30,10.714285714285715,1169.4303333333335,14.203333333333335,0.5333333333333333,0.1,0.0,0.26666666666666666,35082.91,Shopper
274,36,12.134831460674157,1169.6922222222222,15.783333333333335,0.4444444444444444,0.2222222222222222,0.0,0.2777777777777778,42108.92,Shopper
275,21,7.325581395348837,2477.901904761905,50.838095238095235,0.047619047619047616,0.0,0.0,0.19047619047619047,52035.94,Thrifty
276,13,5.2,2453.5353846153844,48.715384615384615,0.0,0.0,0.0,0.23076923076923078,31895.96,Thrifty
277,14,5.25,2076.275,37.535714285714285,0.5714285714285714,0.2857142857142857,0.07142857142857142,0.35714285714285715,29067.850000000002,Weekend
278,21,7.0,2065.1428571428573,41.061904761904756,0.38095238095238093,0.3333333333333333,0.14285714285714285,0.23809523809523808,43368.0,Weekend
279,24,8.372093023255815,1983.9229166666667,38.96666666666667,0.25,0.25,0.125,0.4166666666666667,47614.15,Weekend
280,13,5.2,1984.2746153846153,38.707692307692305,0.46153846153846156,0.38461538461538464,0.23076923076923078,0.0,25795.57,Weekend
281,48,16.551724137931036,1183.7829166666668,14.835416666666667,0.4583333333333333,0.20833333333333334,0.0,0.375,56821.58,Shopper
282,10,3.4482758620689657,2560.731,50.28,0.0,0.1,0.0,0.1,25607.31,Thrifty
283,11,4.52054794520548,2356.676363636364,52.18181818181818,0.09090909090909091,0.18181818181818182,0.0,0.09090909090909091,25923.440000000002,Thrifty
284,53,17.865168539325843,1534.948113207547,20.149056603773587,0.7547169811320755,0.05660377358490566,0.8113207547169812,0.33962264150943394,81352.25,Commuter
285,26,9.069767441860465,2007.6957692307692,41.323076923076925,0.34615384615384615,0.2692307692307692,0.15384615384615385,0.11538461538461539,52200.09,Weekend
286,61,20.56179775280899,1485.9213114754098,20.95737704918033,0.7213114754098361,0.04918032786885246,0.7868852459016393,0.29508196721311475,90641.2,Commuter
287,3,4.736842105263158,2359.5133333333333,42.23333333333333,0.0,0.0,0.0,0.6666666666666666,7078.54,Thrifty
288,11,3.8372093023255816,2468.4990909090907,49.372727272727275,0.09090909090909091,0.0,0.0,0.0,27153.489999999998,Thrifty
289,74,24.9438202247191,1486.6487837837838,20.52567567567568,0.6621621621621622,0.08108108108108109,0.8243243243243243,0.25675675675675674,110012.01,Commuter
290,15,5.555555555555555,2045.2646666666667,41.15333333333333,0.4666666666666667,0.2,0.0,0.13333333333333333,30678.97,Weekend
291,90,30.681818181818183,1482.9314444444442,20.214444444444442,0.6666666666666666,0.06666666666666667,0.8222222222222222,0.28888888888888886,133463.83,Commuter
292,65,22.413793103448278,1488.993076923077,21.3,0.7384615384615385,0.09230769230769231,0.8307692307692308,0.35384615384615387,96784.55,Commuter
293,35,11.797752808988763,1178.1665714285714,16.07714285714286,0.37142857142857144,0.2571428571428571,0.0,0.3142857142857143,41235.83,Shopper
294,9,3.6486486486486487,2538.2855555555557,47.18888888888889,0.1111111111111111,0.1111111111111111,0.0,0.3333333333333333,22844.57,Thrifty
295,73,25.46511627906977,1523.4205479452055,20.33972602739726,0.6027397260273972,0.1232876712328767,0.7945205479452054,0.3013698630136986,111209.7,Commuter
296,15,5.69620253164557,2527.5586666666663,52.333333333333336,0.0,0.0,0.0,0.4,37913.38,Thrifty
297,18,6.136363636363637,2050.827222222222,35.25555555555556,0.5,0.2222222222222222,0.16666666666666666,0.1111111111111111,36914.89,Weekend
298,65,22.15909090909091,1481.975846153846,20.46769230769231,0.7230769230769231,0.06153846153846154,0.8461538461538461,0.13846153846153847,96328.43,Commuter
299,21,8.076923076923077,1933.2061904761906,37.71904761904762,0.42857142857142855,0.09523809523809523,0.047619047619047616,0.09523809523809523,40597.33,Weekend
300,56,19.310344827586206,1476.7030357142855,18.462500000000002,0.6964285714285714,0.14285714285714285,0.7678571428571429,0.2857142857142857,82695.37,Commuter
301,70,23.863636363636367,1471.99,19.595714285714287,0.6142857142857143,0.11428571428571428,0.8428571428571429,0.35714285714285715,103039.3,Commuter
302,8,2.891566265060241,2364.28875,47.65,0.25,0.0,0.0,0.375,18914.31,Thrifty
303,15,5.294117647058823,2610.784666666667,44.526666666666664,0.06666666666666667,0.0,0.0,0.4666666666666667,39161.770000000004,Thrifty
304,21,7.241379310344827,2067.279523809524,39.01904761904762,0.38095238095238093,0.19047619047619047,0.09523809523809523,0.14285714285714285,43412.87,Weekend
305,20,7.228915662650603,2141.176,40.805,0.4,0.15,0.2,0.15,42823.52,Weekend
306,30,10.97560975609756,1176.3990000000001,13.833333333333334,0.5,0.2,0.0,0.23333333333333334,35291.97,Shopper
307,11,4.230769230769231,2443.597272727273,42.981818181818184,0.09090909090909091,0.0,0.0,0.0,26879.57,Thrifty
308,19,7.3076923076923075,2562.0931578947366,50.50526315789474,0.05263157894736842,0.0,0.0,0.2631578947368421,48679.77,Thrifty
309,16,5.647058823529411,1929.794375,41.7875,0.4375,0.375,0.0625,0.3125,30876.71,Weekend
310,66,22.5,1491.2886363636364,21.153030303030302,0.7575757575757576,0.10606060606060606,0.6666666666666666,0.3333333333333333,98425.05,Commuter
311,14,5.526315789473684,2490.815714285714,51.47857142857142,0.07142857142857142,0.0,0.0,0.14285714285714285,34871.42,Thrifty
312,60,20.224719101123593,1477.821,20.255,0.7,0.06666666666666667,0.8666666666666667,0.2833333333333333,88669.26,Commuter
313,59,20.58139534883721,1474.7554237288136,19.48983050847458,0.7288135593220338,0.0847457627118644,0.7627118644067796,0.288135593220339,87010.57,Commuter
314,40,13.636363636363637,1181.9385,16.105,0.425,0.1,0.0,0.15,47277.54,Shopper
315,38,13.255813953488373,1196.7878947368422,15.218421052631578,0.631578947368421,0.21052631578947367,0.0,0.34210526315789475,45477.94,Shopper
316,23,7.840909090909092,1971.8121739130436,41.391304347826086,0.6086956521739131,0.2608695652173913,0.043478260869565216,0.391304347826087,45351.68,Weekend
317,12,5.0,2437.775,52.75,0.08333333333333333,0.08333333333333333,0.0,0.25,29253.3,Thrifty
318,75,25.280898876404493,1520.6707999999999,20.713333333333335,0.68,0.09333333333333334,0.8133333333333334,0.28,114050.31,Commuter
319,74,24.9438202247191,1503.331216216216,19.45405405405405,0.7027027027027027,0.08108108108108109,0.7702702702702703,0.3108108108108108,111246.51,Commuter
320,82,27.954545454545457,1518.4332926829268,18.72439024390244,0.7804878048780488,0.13414634146341464,0.7195121951219512,0.18292682926829268,124511.53,Commuter
321,18,7.397260273972603,2499.1144444444444,47.86666666666667,0.05555555555555555,0.1111111111111111,0.0,0.16666666666666666,44984.06,Thrifty
322,17,6.296296296296296,1903.1370588235293,38.641176470588235,0.35294117647058826,0.23529411764705882,0.0,0.35294117647058826,32353.329999999998,Weekend
323,16,5.783132530120482,1962.78875,41.2125,0.3125,0.1875,0.0625,0.1875,31404.62,Weekend
324,71,24.204545454545457,1507.610704225352,20.44788732394366,0.6197183098591549,0.07042253521126761,0.7887323943661971,0.2535211267605634,107040.36,Commuter
325,43,14.65909090909091,1223.9406976744185,15.146511627906976,0.4883720930232558,0.37209302325581395,0.0,0.20930232558139536,52629.45,Shopper
326,29,10.357142857142858,1979.9927586206898,38.251724137931035,0.4827586206896552,0.20689655172413793,0.10344827586206896,0.3103448275862069,57419.79,Weekend
327,15,6.923076923076923,1898.136,40.233333333333334,0.4,0.26666666666666666,0.4,0.3333333333333333,28472.04,Weekend
328,19,6.951219512195122,1992.856315789474,41.8421052631579,0.3684210526315789,0.42105263157894735,0.10526315789473684,0.21052631578947367,37864.270000000004,Weekend
329,15,6.716417910447761,2602.928,43.72666666666667,0.0,0.0,0.0,0.3333333333333333,39043.92,Thrifty
330,64,21.573033707865168,1496.4503125,19.8265625,0.65625,0.109375,0.734375,0.25,95772.82,Commuter
331,9,3.6986301369863015,2296.978888888889,56.388888888888886,0.0,0.1111111111111111,0.0,0.3333333333333333,20672.81,Thrifty
332,14,4.772727272727273,1993.7735714285716,38.864285714285714,0.2857142857142857,0.2857142857142857,0.0,0.07142857142857142,27912.83,Weekend
333,64,21.333333333333332,1494.23234375,19.965625,0.671875,0.109375,0.8125,0.296875,95630.87,Commuter
334,54,18.620689655172413,1492.1398148148148,19.581481481481482,0.7222222222222222,0.1111111111111111,0.8333333333333334,0.2962962962962963,80575.55,Commuter
335,62,21.136363636363637,1492.0122580645161,19.620967741935484,0.6129032258064516,0.12903225806451613,0.6935483870967742,0.27419354838709675,92504.76,Commuter
336,68,22.92134831460674,1480.9651470588235,20.69264705882353,0.6911764705882353,0.04411764705882353,0.8235294117647058,0.3382352941176471,100705.63,Commuter
337,36,12.413793103448276,1218.4791666666667,14.725000000000001,0.6111111111111112,0.1111111111111111,0.0,0.3888888888888889,43865.25,Shopper
338,19,7.215189873417722,1936.2615789473684,40.38947368421052,0.3684210526315789,0.3157894736842105,0.10526315789473684,0.15789473684210525,36788.97,Weekend
339,18,7.9411764705882355,2410.5494444444444,47.422222222222224,0.0,0.05555555555555555,0.0,0.1111111111111111,43389.89,Thrifty
340,69,24.069767441860463,1532.7437681159422,19.682608695652174,0.6956521739130435,0.057971014492753624,0.7101449275362319,0.17391304347826086,105759.32,Commuter
341,5,2.0270270270270268,2344.436,41.3,0.0,0.2,0.0,0.2,11722.18,Thrifty
342,17,5.862068965517242,2424.0670588235294,50.241176470588236,0.0,0.0,0.0,0.23529411764705882,41209.14,Thrifty
343,63,21.97674418604651,1515.6750793650795,20.334920634920632,0.7777777777777778,0.06349206349206349,0.8571428571428571,0.3333333333333333,95487.53,Commuter
344,13,4.382022471910112,2570.8392307692307,49.44615384615384,0.15384615384615385,0.0,0.0,0.23076923076923078,33420.909999999996,Thrifty
345,16,6.486486486486486,2594.62625,50.45625,0.0,0.0,0.0,0.25,41514.02,Thrifty
346,19,6.627906976744186,2055.423157894737,41.3421052631579,0.5263157894736842,0.3157894736842105,0.05263157894736842,0.15789473684210525,39053.04,Weekend
347,21,8.181818181818182,2070.0095238095237,37.142857142857146,0.38095238095238093,0.47619047619047616,0.14285714285714285,0.42857142857142855,43470.2,Weekend
348,62,20.89887640449438,1524.077741935484,19.825806451612905,0.8709677419354839,0.11290322580645161,0.7903225806451613,0.24193548387096775,94492.82,Commuter
349,7,3.68421052631579,2512.7342857142858,50.771428571428565,0.0,0.14285714285714285,0.0,0.14285714285714285,17589.14,Thrifty
350,10,4.6875,1982.789,37.75,0.4,0.2,0.1,0.2,19827.89,Weekend
351,14,6.363636363636363,2494.4135714285717,48.33571428571429,0.0,0.0,0.0,0.21428571428571427,34921.79,Thrifty
352,34,12.0,1207.0935294117646,15.658823529411764,0.6176470588235294,0.38235294117647056,0.0,0.2647058823529412,41041.18,Shopper
353,19,6.867469879518072,1972.6073684210526,41.16315789473684,0.2631578947368421,0.3157894736842105,0.05263157894736842,0.47368421052631576,37479.54,Weekend
354,66,23.294117647058822,1536.9027272727274,20.446969696969695,0.6515151515151515,0.19696969696969696,0.7878787878787878,0.3333333333333333,101435.58,Commuter
355,77,26.86046511627907,1485.6115584415584,20.074025974025975,0.6883116883116883,0.07792207792207792,0.8051948051948052,0.24675324675324675,114392.09,Commuter
356,16,5.517241379310345,1974.06,41.68125,0.25,0.375,0.0625,0.125,31584.96,Weekend
357,69,23.522727272727273,1509.9052173913044,20.763768115942028,0.6376811594202898,0.08695652173913043,0.7536231884057971,0.30434782608695654,104183.46,Commuter
358,18,6.206896551724138,1956.49,40.044444444444444,0.3333333333333333,0.3333333333333333,0.2222222222222222,0.1111111111111111,35216.82,Weekend
359,48,16.363636363636363,1217.8183333333334,15.145833333333334,0.4375,0.16666666666666666,0.0,0.3125,58455.28,Shopper
360,14,5.185185185185185,1986.6507142857142,41.635714285714286,0.35714285714285715,0.2857142857142857,0.14285714285714285,0.5714285714285714,27813.11,Weekend
361,8,3.1168831168831166,2589.32,52.1375,0.0,0.0,0.0,0.125,20714.56,Thrifty
362,17,6.375,2018.489411764706,42.60588235294117,0.29411764705882354,0.058823529411764705,0.058823529411764705,0.35294117647058826,34314.32,Weekend
363,11,4.52054794520548,2489.4454545454546,48.77272727272727,0.09090909090909091,0.0,0.0,0.18181818181818182,27383.9,Thrifty
364,9,3.8028169014084505,2327.7555555555555,49.733333333333334,0.1111111111111111,0.0,0.0,0.2222222222222222,20949.8,Thrifty
365,39,13.295454545454547,1197.0351282051283,16.176923076923078,0.48717948717948717,0.2564102564102564,0.0,0.1794871794871795,46684.37,Shopper
366,20,6.976744186046512,2498.406,49.495,0.0,0.0,0.0,0.2,49968.12,Thrifty
367,41,14.470588235294118,1199.5448780487804,14.878048780487806,0.3902439024390244,0.17073170731707318,0.0,0.14634146341463414,49181.34,Shopper
368,33,11.511627906976743,1195.5933333333335,15.581818181818184,0.5454545454545454,0.18181818181818182,0.0,0.3333333333333333,39454.58,Shopper
369,67,22.840909090909093,1495.7858208955222,19.29850746268657,0.6865671641791045,0.1044776119402985,0.8507462686567164,0.22388059701492538,100217.65,Commuter
370,73,24.886363636363637,1463.726301369863,19.84657534246575,0.6027397260273972,0.136986301369863,0.8356164383561644,0.3287671232876712,106852.02,Commuter
371,64,21.81818181818182,1492.40296875,20.0875,0.609375,0.09375,0.796875,0.25,95513.79,Commuter
372,72,24.269662921348313,1497.0579166666666,20.2125,0.7638888888888888,0.125,0.7638888888888888,0.25,107788.17,Commuter
373,62,21.136363636363637,1505.5974193548386,19.820967741935487,0.7096774193548387,0.11290322580645161,0.7903225806451613,0.3387096774193548,93347.04,Commuter
374,15,5.921052631578948,1930.7526666666668,39.88666666666666,0.4666666666666667,0.13333333333333333,0.13333333333333333,0.26666666666666666,28961.29,Weekend
375,46,16.42857142857143,1531.6289130434782,19.067391304347826,0.6086956521739131,0.06521739130434782,0.8913043478260869,0.2826086956521739,70454.93,Commuter
376,18,6.206896551724138,2540.2783333333336,53.86666666666667,0.05555555555555555,0.1111111111111111,0.0,0.1111111111111111,45725.01,Thrifty
377,31,11.341463414634147,1221.330322580645,15.009677419354839,0.3870967741935484,0.22580645161290322,0.0,0.25806451612903225,37861.24,Shopper
378,64,21.573033707865168,1501.6365625,20.4515625,0.609375,0.109375,0.75,0.3125,96104.74,Commuter
379,35,12.650602409638555,1191.8674285714285,14.78,0.5714285714285714,0.22857142857142856,0.0,0.45714285714285713,41715.36,Shopper
380,62,21.627906976744185,1469.539677419355,20.379032258064516,0.7096774193548387,0.04838709677419355,0.7903225806451613,0.24193548387096775,91111.46,Commuter
381,67,22.584269662921347,1491.0531343283583,19.65223880597015,0.7910447761194029,0.05970149253731343,0.7761194029850746,0.29850746268656714,99900.56,Commuter
382,16,6.153846153846153,1951.37125,39.01875,0.3125,0.1875,0.1875,0.4375,31221.94,Weekend
383,24,8.470588235294118,2037.5354166666666,38.11666666666667,0.4166666666666667,0.5,0.16666666666666666,0.3333333333333333,48900.85,Weekend
384,37,12.333333333333334,1205.8235135135135,14.967567567567567,0.43243243243243246,0.10810810810810811,0.0,0.2972972972972973,44615.47,Shopper
385,14,5.185185185185185,2023.7792857142856,41.85,0.2857142857142857,0.2857142857142857,0.21428571428571427,0.5,28332.91,Weekend
386,49,16.333333333333332,1175.9020408163265,15.36734693877551,0.5306122448979592,0.16326530612244897,0.0,0.30612244897959184,57619.2,Shopper
387,67,22.840909090909093,1476.7632835820896,19.22089552238806,0.8059701492537313,0.07462686567164178,0.8208955223880597,0.34328358208955223,98943.14,Commuter
388,62,21.379310344827587,1478.961129032258,19.174193548387095,0.6935483870967742,0.08064516129032258,0.8548387096774194,0.22580645161290322,91695.59,Commuter
389,25,9.375,2029.8812,38.516,0.36,0.28,0.12,0.32,50747.03,Weekend
390,40,13.636363636363637,1176.888,14.6875,0.65,0.25,0.0,0.275,47075.52,Shopper
391,48,16.363636363636363,1190.3964583333334,14.470833333333333,0.625,0.25,0.0,0.22916666666666666,57139.03,Shopper
392,9,3.75,2418.617777777778,52.58888888888889,0.2222222222222222,0.1111111111111111,0.0,0.3333333333333333,21767.56,Thrifty
393,14,7.241379310344827,2594.827142857143,48.642857142857146,0.0,0.14285714285714285,0.0,0.14285714285714285,36327.58,Thrifty
394,20,6.8965517241379315,2043.5,39.755,0.55,0.3,0.2,0.15,40870.0,Weekend
395,10,3.75,2563.536,48.79,0.1,0.0,0.0,0.3,25635.36,Thrifty
396,41,14.30232558139535,1208.0241463414634,15.885365853658536,0.4634146341463415,0.21951219512195122,0.0,0.2682926829268293,49528.99,Shopper
397,37,12.613636363636365,1186.4732432432434,16.264864864864865,0.35135135135135137,0.13513513513513514,0.0,0.2972972972972973,43899.51,Shopper
398,12,4.235294117647059,2392.5775,50.30833333333334,0.0,0.08333333333333333,0.0,0.25,28710.93,Thrifty
399,21,7.777777777777778,2101.4757142857143,37.642857142857146,0.5238095238095238,0.2857142857142857,0.09523809523809523,0.09523809523809523,44130.99,Weekend
400,15,5.48780487804878,1964.038,40.306666666666665,0.4,0.2,0.13333333333333333,0.4666666666666667,29460.57,Weekend
401,62,22.682926829268293,1488.5804838709678,19.993548387096773,0.7741935483870968,0.16129032258064516,0.8225806451612904,0.22580645161290322,92291.99,Commuter
402,35,12.068965517241379,1210.3937142857142,16.197142857142858,0.5142857142857142,0.2,0.0,0.34285714285714286,42363.78,Shopper
403,9,4.426229508196721,2303.3999999999996,50.388888888888886,0.0,0.0,0.0,0.1111111111111111,20730.6,Thrifty
404,34,11.724137931034484,1208.5747058823529,15.158823529411764,0.6764705882352942,0.11764705882352941,0.0,0.17647058823529413,41091.54,Shopper
405,12,4.285714285714286,2417.8666666666663,48.5,0.0,0.0,0.0,0.25,29014.399999999998,Thrifty
406,37,12.613636363636365,1217.031891891892,15.054054054054054,0.5405405405405406,0.16216216216216217,0.0,0.21621621621621623,45030.18,Shopper
407,15,5.421686746987952,2569.269333333333,47.526666666666664,0.0,0.06666666666666667,0.0,0.2,38539.04,Thrifty
408,62,21.627906976744185,1464.0287096774193,19.730645161290322,0.7419354838709677,0.06451612903225806,0.7903225806451613,0.3709677419354839,90769.78,Commuter
409,33,11.647058823529411,1210.0124242424245,15.054545454545455,0.6363636363636364,0.24242424242424243,0.0,0.36363636363636365,39930.41,Shopper
410,79,26.629213483146067,1531.004430379747,19.29113924050633,0.6835443037974683,0.10126582278481013,0.7974683544303798,0.21518987341772153,120949.35,Commuter
411,15,5.844155844155844,2478.910666666667,52.10666666666667,0.06666666666666667,0.06666666666666667,0.0,0.4,37183.66,Thrifty
412,45,15.0,1239.418888888889,14.63111111111111,0.5111111111111111,0.08888888888888889,0.0,0.15555555555555556,55773.85,Shopper
413,45,17.088607594936708,1197.4122222222222,15.462222222222222,0.5111111111111111,0.2,0.0,0.2222222222222222,53883.55,Shopper
414,19,6.4772727272727275,2056.6431578947368,39.310526315789474,0.3157894736842105,0.2631578947368421,0.15789473684210525,0.21052631578947367,39076.22,Weekend
415,19,6.705882352941176,2025.3447368421055,42.14736842105263,0.2631578947368421,0.21052631578947367,0.10526315789473684,0.2631578947368421,38481.55,Weekend
416,13,4.588235294117647,2502.055384615385,52.03846153846154,0.07692307692307693,0.0,0.0,0.07692307692307693,32526.72,Thrifty
417,72,24.269662921348313,1501.5493055555555,20.170833333333334,0.6944444444444444,0.09722222222222222,0.8055555555555556,0.3611111111111111,108111.55,Commuter
418,14,5.3164556962025316,2436.322142857143,52.05714285714286,0.0,0.0,0.0,0.2857142857142857,34108.51,Thrifty
419,23,8.023255813953488,1938.6326086956524,40.582608695652176,0.30434782608695654,0.21739130434782608,0.043478260869565216,0.21739130434782608,44588.55,Weekend
420,16,6.153846153846153,2050.07625,39.96875,0.125,0.1875,0.0625,0.1875,32801.22,Weekend
421,23,8.313253012048193,1981.913913043478,43.721739130434784,0.43478260869565216,0.13043478260869565,0.13043478260869565,0.21739130434782608,45584.02,Weekend
422,19,7.215189873417722,2056.006842105263,34.55263157894737,0.21052631578947367,0.3157894736842105,0.0,0.2631578947368421,39064.13,Weekend
423,59,20.58139534883721,1498.665084745763,19.698305084745762,0.7288135593220338,0.06779661016949153,0.847457627118644,0.288135593220339,88421.24,Commuter
424,11,3.928571428571429,2565.6627272727274,53.88181818181818,0.0,0.09090909090909091,0.0,0.2727272727272727,28222.29,Thrifty
425,64,22.06896551724138,1509.72625,20.63125,0.71875,0.125,0.859375,0.265625,96622.48,Commuter
426,17,6.455696202531645,2463.3782352941175,51.15294117647059,0.0,0.0,0.0,0.23529411764705882,41877.43,Thrifty
427,11,4.177215189873418,2444.0127272727273,48.209090909090904,0.09090909090909091,0.09090909090909091,0.0,0.36363636363636365,26884.14,Thrifty
428,34,11.86046511627907,1217.419705882353,15.5,0.5,0.20588235294117646,0.0,0.3235294117647059,41392.27,Shopper
429,8,3.2876712328767126,2463.7975,49.35,0.0,0.125,0.0,0.25,19710.38,Thrifty
430,66,22.247191011235955,1525.574090909091,19.233333333333334,0.6818181818181818,0.07575757575757576,0.803030303030303,0.24242424242424243,100687.89,Commuter
431,57,19.213483146067414,1466.5587719298246,19.20175438596491,0.7543859649122807,0.07017543859649122,0.8596491228070176,0.2982456140350877,83593.85,Commuter
432,21,7.411764705882352,1946.4499999999998,41.576190476190476,0.38095238095238093,0.14285714285714285,0.09523809523809523,0.42857142857142855,40875.45,Weekend
433,19,6.4772727272727275,1986.2789473684213,39.51578947368421,0.2631578947368421,0.21052631578947367,0.0,0.2631578947368421,37739.3,Weekend
434,84,28.636363636363637,1499.132619047619,20.047619047619047,0.6666666666666666,0.10714285714285714,0.8095238095238095,0.21428571428571427,125927.14,Commuter
435,69,23.0,1486.6034782608695,19.030434782608694,0.7101449275362319,0.08695652173913043,0.8260869565217391,0.21739130434782608,102575.64,Commuter
436,18,6.27906976744186,1980.133888888889,41.150000000000006,0.2222222222222222,0.16666666666666666,0.16666666666666666,0.3333333333333333,35642.41,Weekend
437,61,21.03448275862069,1463.275081967213,19.381967213114752,0.6721311475409836,0.14754098360655737,0.8360655737704918,0.32786885245901637,89259.78,Commuter
438,38,14.615384615384615,1199.6055263157896,14.43157894736842,0.5526315789473685,0.2631578947368421,0.0,0.47368421052631576,45585.01,Shopper
439,20,7.894736842105264,1977.748,39.239999999999995,0.45,0.2,0.1,0.1,39554.96,Weekend
440,58,19.333333333333332,1484.2325862068967,20.889655172413793,0.6896551724137931,0.10344827586206896,0.6724137931034483,0.3103448275862069,86085.49,Commuter
441,65,22.15909090909091,1496.5396923076923,20.57384615384615,0.676923076923077,0.07692307692307693,0.8461538461538461,0.23076923076923078,97275.08,Commuter
442,44,16.5,1159.1038636363637,15.411363636363637,0.4318181818181818,0.13636363636363635,0.0,0.3409090909090909,51000.57,Shopper
443,15,5.769230769230769,2549.2960000000003,55.78,0.13333333333333333,0.0,0.0,0.26666666666666666,38239.44,Thrifty
444,10,4.545454545454545,2445.8360000000002,51.260000000000005,0.0,0.1,0.0,0.1,24458.36,Thrifty
445,49,16.704545454545457,1202.7695918367347,15.010204081632653,0.5306122448979592,0.16326530612244897,0.0,0.2653061224489796,58935.71,Shopper
446,42,14.318181818181818,1179.1092857142855,15.53095238095238,0.38095238095238093,0.19047619047619047,0.0,0.3333333333333333,49522.59,Shopper
447,45,15.517241379310345,1198.066888888889,15.386666666666667,0.5555555555555556,0.24444444444444444,0.0,0.28888888888888886,53913.01,Shopper
448,11,4.782608695652175,2023.830909090909,40.554545454545455,0.18181818181818182,0.2727272727272727,0.18181818181818182,0.2727272727272727,22262.14,Weekend
449,9,4.285714285714286,2467.6666666666665,48.21111111111111,0.0,0.1111111111111111,0.0,0.3333333333333333,22209.0,Thrifty
450,67,22.584269662921347,1507.8755223880598,20.997014925373133,0.6268656716417911,0.11940298507462686,0.7910447761194029,0.29850746268656714,101027.66,Commuter
451,23,8.846153846153847,2059.2647826086954,37.052173913043475,0.43478260869565216,0.30434782608695654,0.21739130434782608,0.30434782608695654,47363.09,Weekend
452,13,5.909090909090908,2001.9661538461537,39.107692307692304,0.38461538461538464,0.5384615384615384,0.15384615384615385,0.23076923076923078,26025.559999999998,Weekend
453,10,3.3707865168539324,2386.357,50.82,0.1,0.0,0.0,0.4,23863.57,Thrifty
454,47,16.3953488372093,1245.1444680851064,16.395744680851063,0.48936170212765956,0.14893617021276595,0.0,0.19148936170212766,58521.79,Shopper
455,68,23.72093023255814,1477.1335294117648,20.389705882352942,0.7647058823529411,0.04411764705882353,0.7794117647058824,0.29411764705882354,100445.08,Commuter
456,15,5.844155844155844,2565.925333333333,50.806666666666665,0.0,0.06666666666666667,0.0,0.06666666666666667,38488.88,Thrifty
457,65,21.666666666666668,1477.2649230769232,20.432307692307692,0.7230769230769231,0.15384615384615385,0.8615384615384616,0.2923076923076923,96022.22,Commuter
458,13,6.09375,2407.944615384615,53.25384615384615,0.07692307692307693,0.0,0.0,0.38461538461538464,31303.28,Thrifty
459,63,21.0,1519.1404761904762,19.098412698412698,0.7936507936507936,0.09523809523809523,0.8095238095238095,0.25396825396825395,95705.85,Commuter
460,66,22.0,1496.1386363636364,20.386363636363637,0.6818181818181818,0.09090909090909091,0.8636363636363636,0.3333333333333333,98745.15,Commuter
461,77,25.666666666666668,1492.7485714285715,20.38961038961039,0.6753246753246753,0.06493506493506493,0.8571428571428571,0.2597402597402597,114941.64,Commuter
462,14,5.25,2021.9414285714286,34.85,0.21428571428571427,0.21428571428571427,0.07142857142857142,0.2857142857142857,28307.18,Weekend
463,24,8.470588235294118,2039.3233333333335,40.3125,0.4166666666666667,0.16666666666666666,0.2916666666666667,0.2916666666666667,48943.76,Weekend
464,13,6.09375,1929.1446153846155,39.607692307692304,0.38461538461538464,0.3076923076923077,0.07692307692307693,0.15384615384615385,25078.88,Weekend
465,42,14.823529411764705,1199.955,13.564285714285715,0.38095238095238093,0.2619047619047619,0.0,0.30952380952380953,50398.11,Shopper
466,10,4.166666666666667,2576.421,48.28,0.0,0.0,0.0,0.2,25764.21,Thrifty
467,69,23.258426966292134,1489.5394202898551,19.09565217391304,0.7391304347826086,0.11594202898550725,0.782608695652174,0.2898550724637681,102778.22,Commuter
468,39,13.604651162790697,1194.3289743589744,14.566666666666666,0.5128205128205128,0.28205128205128205,0.0,0.20512820512820512,46578.83,Shopper
469,67,22.584269662921347,1505.8547761194031,19.85970149253731,0.6268656716417911,0.07462686567164178,0.8208955223880597,0.31343283582089554,100892.27,Commuter
470,39,13.604651162790697,1208.2292307692308,14.279487179487178,0.48717948717948717,0.07692307692307693,0.0,0.28205128205128205,47120.94,Shopper
471,52,18.13953488372093,1490.198076923077,20.251923076923074,0.75,0.09615384615384616,0.8846153846153846,0.1346153846153846,77490.3,Commuter
472,46,15.50561797752809,1200.3410869565218,13.98695652173913,0.5,0.17391304347826086,0.0,0.34782608695652173,55215.69,Shopper
473,63,22.5,1492.1242857142856,19.914285714285715,0.7142857142857143,0.15873015873015872,0.8571428571428571,0.2857142857142857,94003.83,Commuter
474,22,7.857142857142858,1207.564090909091,13.418181818181818,0.6363636363636364,0.3181818181818182,0.0,0.22727272727272727,26566.41,Shopper
475,8,5.0,2472.74375,47.1125,0.0,0.0,0.0,0.375,19781.95,Thrifty
476,42,14.482758620689655,1198.4747619047619,13.16904761904762,0.42857142857142855,0.16666666666666666,0.0,0.14285714285714285,50335.94,Shopper
477,56,19.310344827586206,1488.0773214285714,19.351785714285715,0.7321428571428571,0.17857142857142858,0.7321428571428571,0.26785714285714285,83332.33,Commuter
478,16,5.714285714285714,1903.720625,37.56875,0.625,0.5,0.1875,0.375,30459.53,Weekend
479,36,12.55813953488372,1168.1455555555556,15.891666666666667,0.6944444444444444,0.25,0.0,0.2222222222222222,42053.24,Shopper
480,12,4.337349397590361,2568.7391666666667,48.175000000000004,0.08333333333333333,0.0,0.0,0.25,30824.87,Thrifty
481,15,5.555555555555555,2013.4233333333332,41.2,0.26666666666666666,0.3333333333333333,0.0,0.2,30201.35,Weekend
482,22,7.586206896551724,2009.713181818182,42.29090909090909,0.5,0.3181818181818182,0.09090909090909091,0.22727272727272727,44213.69,Weekend
483,12,5.806451612903225,2538.07,47.9,0.16666666666666666,0.0,0.0,0.16666666666666666,30456.84,Thrifty
484,24,8.888888888888888,2019.4350000000002,39.225,0.5,0.2916666666666667,0.125,0.20833333333333334,48466.44,Weekend
485,14,5.675675675675675,2065.3342857142857,40.392857142857146,0.42857142857142855,0.2857142857142857,0.0,0.14285714285714285,28914.68,Weekend
486,45,15.0,1197.1533333333334,14.633333333333333,0.5555555555555556,0.26666666666666666,0.0,0.3333333333333333,53871.9,Shopper
487,58,20.0,1504.7620689655173,19.682758620689654,0.7068965517241379,0.13793103448275862,0.8448275862068966,0.1724137931034483,87276.2,Commuter
488,64,21.81818181818182,1494.295625,20.5265625,0.796875,0.046875,0.828125,0.265625,95634.92,Commuter
489,42,14.318181818181818,1212.179761904762,14.947619047619046,0.5238095238095238,0.11904761904761904,0.0,0.16666666666666666,50911.55,Shopper
490,38,14.074074074074073,1212.1360526315789,15.518421052631581,0.39473684210526316,0.10526315789473684,0.0,0.18421052631578946,46061.17,Shopper
491,9,3.6486486486486487,2565.452222222222,50.111111111111114,0.0,0.0,0.0,0.2222222222222222,23089.07,Thrifty
492,31,10.689655172413794,1986.844193548387,38.303225806451614,0.5806451612903226,0.25806451612903225,0.16129032258064516,0.25806451612903225,61592.17,Weekend
493,71,23.93258426966292,1475.1918309859154,20.349295774647885,0.7605633802816901,0.09859154929577464,0.8732394366197183,0.22535211267605634,104738.62,Commuter
494,67,22.333333333333332,1500.204328358209,20.95074626865672,0.6716417910447762,0.11940298507462686,0.7761194029850746,0.1791044776119403,100513.69,Commuter
495,11,4.125,2397.26,54.58181818181818,0.0,0.2727272727272727,0.0,0.2727272727272727,26369.86,Thrifty
496,16,6.0,2548.023125,48.00625,0.0,0.0625,0.0,0.25,40768.37,Thrifty
497,15,5.357142857142858,2057.5906666666665,39.25333333333333,0.5333333333333333,0.26666666666666666,0.26666666666666666,0.26666666666666666,30863.86,Weekend
498,64,22.06896551724138,1509.918125,19.99375,0.71875,0.09375,0.8125,0.28125,96634.76,Commuter
499,38,13.411764705882351,1198.657894736842,15.071052631578949,0.47368421052631576,0.23684210526315788,0.0,0.23684210526315788,45549.0,Shopper
500,36,12.413793103448276,1215.802222222222,14.386111111111111,0.4166666666666667,0.2222222222222222,0.0,0.25,43768.88,Shopper
501,17,5.930232558139535,2037.6011764705884,38.5,0.47058823529411764,0.17647058823529413,0.0,0.23529411764705882,34639.22,Weekend
502,11,4.230769230769231,2374.3454545454547,51.8,0.0,0.0,0.0,0.36363636363636365,26117.8,Thrifty
503,10,3.79746835443038,2465.708,48.519999999999996,0.0,0.0,0.0,0.5,24657.08,Thrifty
504,39,13.604651162790697,1176.5146153846154,14.88974358974359,0.5384615384615384,0.15384615384615385,0.0,0.3333333333333333,45884.07,Shopper
505,23,8.117647058823529,1992.0421739130436,41.65652173913043,0.43478260869565216,0.2608695652173913,0.043478260869565216,0.21739130434782608,45816.97,Weekend
506,58,19.772727272727273,1500.516551724138,19.78965517241379,0.7068965517241379,0.13793103448275862,0.7931034482758621,0.29310344827586204,87029.96,Commuter
507,30,10.344827586206897,1166.4923333333334,14.916666666666666,0.5666666666666667,0.2,0.0,0.36666666666666664,34994.770000000004,Shopper
508,34,13.246753246753245,1215.135294117647,14.91764705882353,0.4411764705882353,0.3235294117647059,0.0,0.2647058823529412,41314.6,Shopper
509,33,11.25,1226.4824242424243,14.366666666666667,0.5757575757575758,0.06060606060606061,0.0,0.30303030303030304,40473.92,Shopper
510,23,7.931034482758621,2033.155652173913,38.93913043478261,0.391304347826087,0.08695652173913043,0.13043478260869565,0.391304347826087,46762.58,Weekend
511,21,7.682926829268292,2060.841904761905,39.457142857142856,0.38095238095238093,0.23809523809523808,0.0,0.23809523809523808,43277.68,Weekend
512,9,3.6986301369863015,2542.347777777778,45.2,0.2222222222222222,0.0,0.0,0.1111111111111111,22881.13,Thrifty
513,37,12.758620689655173,1201.5354054054053,14.68918918918919,0.5405405405405406,0.21621621621621623,0.0,0.3783783783783784,44456.81,Shopper
514,38,13.734939759036145,1188.4323684210526,14.444736842105263,0.6052631578947368,0.21052631578947367,0.0,0.21052631578947367,45160.43,Shopper
515,59,20.113636363636363,1480.6955932203389,18.750847457627117,0.6779661016949152,0.06779661016949153,0.8813559322033898,0.1864406779661017,87361.04,Commuter
516,68,22.92134831460674,1496.7533823529411,19.608823529411765,0.7205882352941176,0.10294117647058823,0.75,0.2647058823529412,101779.23,Commuter
517,8,3.8709677419354835,2445.8762500000003,43.9125,0.0,0.0,0.0,0.25,19567.010000000002,Thrifty
518,45,15.69767441860465,1186.2473333333332,13.944444444444445,0.6666666666666666,0.06666666666666667,0.0,0.28888888888888886,53381.13,Shopper
519,41,13.666666666666666,1175.0785365853658,14.348780487804877,0.4878048780487805,0.17073170731707318,0.0,0.3170731707317073,48178.22,Shopper
520,61,20.56179775280899,1542.1513114754098,19.63606557377049,0.7377049180327869,0.16393442622950818,0.819672131147541,0.21311475409836064,94071.23,Commuter
521,13,4.4318181818181825,1981.7776923076924,41.93846153846154,0.3076923076923077,0.07692307692307693,0.23076923076923078,0.23076923076923078,25763.11,Weekend
522,12,4.675324675324675,2442.9133333333334,49.324999999999996,0.0,0.0,0.0,0.25,29314.96,Thrifty
523,36,12.413793103448276,1186.0997222222222,14.177777777777777,0.5277777777777778,0.19444444444444445,0.0,0.19444444444444445,42699.59,Shopper
524,31,10.568181818181818,1209.061935483871,14.10967741935484,0.6774193548387096,0.1935483870967742,0.0,0.1935483870967742,37480.92,Shopper
525,32,11.428571428571429,1238.5228124999999,16.6125,0.375,0.21875,0.0,0.21875,39632.729999999996,Shopper
526,7,2.5301204819277108,2658.3542857142857,43.07142857142857,0.0,0.0,0.0,0.2857142857142857,18608.48,Thrifty
527,15,5.421686746987952,2475.588666666667,50.086666666666666,0.0,0.06666666666666667,0.0,0.26666666666666666,37133.83,Thrifty
528,58,20.0,1526.0429310344828,19.137931034482758,0.7586206896551724,0.1724137931034483,0.7758620689655172,0.3275862068965517,88510.49,Commuter
529,59,19.8876404494382,1511.9723728813558,20.910169491525423,0.576271186440678,0.05084745762711865,0.864406779661017,0.3898305084745763,89206.37,Commuter
530,31,10.44943820224719,1213.8729032258063,15.719354838709679,0.5806451612903226,0.16129032258064516,0.0,0.22580645161290322,37630.06,Shopper
531,43,14.333333333333334,1187.2409302325582,16.16046511627907,0.4883720930232558,0.27906976744186046,0.0,0.27906976744186046,51051.36,Shopper
532,36,12.272727272727273,1198.2469444444444,14.511111111111111,0.5277777777777778,0.05555555555555555,0.0,0.3055555555555556,43136.89,Shopper
533,34,12.91139240506329,1171.0144117647058,15.008823529411766,0.5,0.23529411764705882,0.0,0.20588235294117646,39814.49,Shopper
534,21,7.590361445783133,2089.369523809524,40.51428571428571,0.47619047619047616,0.2857142857142857,0.0,0.2857142857142857,43876.76,Weekend
535,16,5.714285714285714,2037.258125,42.275,0.625,0.1875,0.125,0.1875,32596.13,Weekend
536,32,11.294117647058822,1191.3540625,15.64375,0.40625,0.25,0.0,0.34375,38123.33,Shopper
537,33,13.026315789473685,1192.6118181818183,15.618181818181817,0.45454545454545453,0.18181818181818182,0.0,0.24242424242424243,39356.19,Shopper
538,69,23.258426966292134,1501.2888405797103,19.44927536231884,0.6811594202898551,0.13043478260869565,0.7536231884057971,0.2318840579710145,103588.93000000001,Commuter
539,10,4.545454545454545,2597.0,47.86,0.1,0.0,0.0,0.2,25970.0,Thrifty
540,72,24.269662921348313,1457.1177777777777,20.695833333333333,0.7361111111111112,0.09722222222222222,0.8611111111111112,0.16666666666666666,104912.48,Commuter
541,35,12.209302325581396,1215.2705714285714,17.01142857142857,0.42857142857142855,0.2,0.0,0.37142857142857144,42534.47,Shopper
542,26,9.176470588235293,1957.043846153846,41.56923076923077,0.5,0.3076923076923077,0.19230769230769232,0.23076923076923078,50883.14,Weekend
543,59,20.823529411764707,1521.7240677966101,21.050847457627118,0.7966101694915254,0.06779661016949153,0.7966101694915254,0.3220338983050847,89781.72,Commuter
544,19,7.402597402597402,1950.081052631579,43.43684210526315,0.631578947368421,0.3157894736842105,0.15789473684210525,0.2631578947368421,37051.54,Weekend
545,23,9.2,1989.7021739130435,41.81304347826087,0.43478260869565216,0.17391304347826086,0.13043478260869565,0.4782608695652174,45763.15,Weekend
546,13,5.416666666666667,2550.410769230769,52.05384615384616,0.07692307692307693,0.0,0.0,0.23076923076923078,33155.34,Thrifty
547,59,19.8876404494382,1506.681525423729,21.015254237288136,0.6610169491525424,0.06779661016949153,0.7457627118644068,0.2711864406779661,88894.21,Commuter
548,11,3.793103448275862,2043.0336363636363,41.39090909090909,0.45454545454545453,0.18181818181818182,0.09090909090909091,0.45454545454545453,22473.37,Weekend
549,13,4.7560975609756095,2523.433076923077,46.53076923076923,0.07692307692307693,0.07692307692307693,0.0,0.15384615384615385,32804.63,Thrifty
550,21,7.777777777777778,2023.401904761905,39.58571428571428,0.38095238095238093,0.23809523809523808,0.047619047619047616,0.23809523809523808,42491.44,Weekend
551,18,6.27906976744186,2509.847222222222,49.394444444444446,0.05555555555555555,0.05555555555555555,0.0,0.3888888888888889,45177.25,Thrifty
552,38,13.255813953488373,1199.8047368421053,13.81842105263158,0.6052631578947368,0.23684210526315788,0.0,0.23684210526315788,45592.58,Shopper
553,25,8.720930232558139,2008.6032,38.848,0.44,0.32,0.16,0.16,50215.08,Weekend
554,16,6.0,1944.951875,39.375,0.5625,0.1875,0.0625,0.3125,31119.23,Weekend
555,39,13.448275862068966,1241.1323076923077,16.671794871794873,0.38461538461538464,0.3333333333333333,0.0,0.3076923076923077,48404.16,Shopper
556,13,4.936708860759493,2479.833076923077,51.646153846153844,0.07692307692307693,0.0,0.0,0.07692307692307693,32237.829999999998,Thrifty
557,82,27.640449438202246,1516.371707317073,20.068292682926828,0.6951219512195121,0.07317073170731707,0.7682926829268293,0.2804878048780488,124342.48,Commuter
558,71,23.666666666666668,1488.0571830985916,19.735211267605635,0.7464788732394366,0.09859154929577464,0.8450704225352113,0.29577464788732394,105652.06,Commuter
559,32,11.707317073170731,1968.055625,42.41875,0.4375,0.21875,0.125,0.375,62977.78,Weekend
560,20,6.741573033707865,1995.8944999999999,42.475,0.5,0.15,0.05,0.15,39917.89,Weekend
561,15,5.625,1973.9219999999998,37.833333333333336,0.26666666666666666,0.13333333333333333,0.06666666666666667,0.3333333333333333,29608.829999999998,Weekend
562,74,24.9438202247191,1486.757162162162,20.09864864864865,0.5945945945945946,0.05405405405405406,0.8918918918918919,0.28378378378378377,110020.03,Commuter
563,69,23.522727272727273,1496.107536231884,19.61304347826087,0.6956521739130435,0.057971014492753624,0.855072463768116,0.2753623188405797,103231.42,Commuter
564,50,17.045454545454547,1508.8873999999998,19.51,0.64,0.08,0.78,0.24,75444.37,Commuter
565,15,5.357142857142858,2571.56,48.68,0.13333333333333333,0.0,0.0,0.26666666666666666,38573.4,Thrifty
566,19,6.951219512195122,1988.8263157894735,41.53684210526316,0.3157894736842105,0.3684210526315789,0.10526315789473684,0.2631578947368421,37787.7,Weekend
567,19,6.333333333333333,2488.704210526316,52.6,0.0,0.05263157894736842,0.0,0.42105263157894735,47285.38,Thrifty
568,14,5.675675675675675,2499.287857142857,49.642857142857146,0.07142857142857142,0.0,0.0,0.5,34990.03,Thrifty
569,43,15.176470588235293,1211.9018604651162,15.05813953488372,0.5581395348837209,0.09302325581395349,0.0,0.2558139534883721,52111.78,Shopper
570,19,7.125,2406.2978947368424,51.40526315789474,0.0,0.05263157894736842,0.0,0.3684210526315789,45719.66,Thrifty
571,15,5.232558139534883,2577.358,54.03333333333333,0.0,0.06666666666666667,0.0,0.3333333333333333,38660.37,Thrifty
572,13,4.698795180722891,2016.076923076923,42.38461538461539,0.6153846153846154,0.46153846153846156,0.0,0.23076923076923078,26209.0,Weekend
573,17,6.8,2536.6694117647057,52.42352941176471,0.058823529411764705,0.0,0.0,0.47058823529411764,43123.38,Thrifty
574,20,7.228915662650603,2001.8349999999998,37.03,0.25,0.2,0.1,0.2,40036.7,Weekend
575,50,17.24137931034483,1192.2938000000001,15.84,0.56,0.3,0.0,0.26,59614.69,Shopper
576,38,13.902439024390244,1184.2692105263159,15.284210526315789,0.5263157894736842,0.13157894736842105,0.0,0.2631578947368421,45002.23,Shopper
577,49,16.704545454545457,1485.9308163265307,20.883673469387755,0.7551020408163265,0.12244897959183673,0.8367346938775511,0.40816326530612246,72810.61,Commuter
578,36,13.170731707317072,1206.167222222222,15.008333333333333,0.4444444444444444,0.08333333333333333,0.0,0.19444444444444445,43422.02,Shopper
579,9,6.585365853658536,2472.491111111111,50.55555555555556,0.0,0.0,0.0,0.3333333333333333,22252.42,Thrifty
580,55,18.539325842696627,1495.594,20.992727272727272,0.6363636363636364,0.09090909090909091,0.8,0.18181818181818182,82257.67,Commuter
581,12,4.137931034482759,2471.1558333333332,47.949999999999996,0.0,0.08333333333333333,0.0,0.16666666666666666,29653.87,Thrifty
582,45,15.340909090909092,1185.666888888889,15.304444444444446,0.5333333333333333,0.3111111111111111,0.0,0.35555555555555557,53355.01,Shopper
583,7,4.038461538461538,2512.8557142857144,47.57142857142857,0.14285714285714285,0.14285714285714285,0.0,0.14285714285714285,17589.99,Thrifty
584,23,7.931034482758621,2531.8234782608697,52.51739130434783,0.0,0.043478260869565216,0.0,0.2608695652173913,58231.94,Thrifty
585,17,6.219512195121951,1964.5023529411765,40.41764705882353,0.29411764705882354,0.17647058823529413,0.058823529411764705,0.11764705882352941,33396.54,Weekend
586,72,24.269662921348313,1502.578611111111,20.626388888888886,0.6388888888888888,0.06944444444444445,0.6944444444444444,0.2638888888888889,108185.66,Commuter
587,62,21.379310344827587,1516.6820967741935,19.656451612903226,0.6935483870967742,0.08064516129032258,0.7741935483870968,0.25806451612903225,94034.29,Commuter
588,60,20.689655172413794,1489.0485,20.87,0.7,0.11666666666666667,0.7833333333333333,0.26666666666666666,89342.91,Commuter
589,64,22.325581395348838,1495.13640625,20.05625,0.671875,0.0625,0.890625,0.3125,95688.73,Commuter
590,71,24.767441860465116,1502.3481690140845,19.7,0.6619718309859155,0.16901408450704225,0.7183098591549296,0.323943661971831,106666.72,Commuter
591,57,19.431818181818183,1475.8784210526317,21.380701754385967,0.7719298245614035,0.07017543859649122,0.8245614035087719,0.2631578947368421,84125.07,Commuter
592,18,6.136363636363637,1975.2250000000001,40.983333333333334,0.4444444444444444,0.2222222222222222,0.05555555555555555,0.3888888888888889,35554.05,Weekend
593,57,19.431818181818183,1483.6080701754386,20.45263157894737,0.7719298245614035,0.07017543859649122,0.8947368421052632,0.2807017543859649,84565.66,Commuter
594,11,3.8372093023255816,2499.6863636363637,50.709090909090904,0.0,0.0,0.0,0.36363636363636365,27496.55,Thrifty
595,31,10.568181818181818,1217.0051612903228,14.312903225806451,0.5806451612903226,0.22580645161290322,0.0,0.1935483870967742,37727.16,Shopper
596,17,5.730337078651685,2481.4976470588235,52.7235294117647,0.0,0.058823529411764705,0.0,0.17647058823529413,42185.46,Thrifty
597,14,8.076923076923077,2020.6357142857144,39.971428571428575,0.35714285714285715,0.21428571428571427,0.14285714285714285,0.2857142857142857,28288.9,Weekend
598,67,22.584269662921347,1499.0446268656717,19.953731343283582,0.7761194029850746,0.05970149253731343,0.7611940298507462,0.26865671641791045,100435.99,Commuter
599,59,19.666666666666668,1492.4003389830507,20.2864406779661,0.7627118644067796,0.0847457627118644,0.7966101694915254,0.288135593220339,88051.62,Commuter
600,67,23.10344827586207,1499.619104477612,18.976119402985077,0.7164179104477612,0.08955223880597014,0.7761194029850746,0.2537313432835821,100474.48,Commuter
601,70,23.333333333333332,1527.3814285714286,21.13142857142857,0.6285714285714286,0.08571428571428572,0.7571428571428571,0.4,106916.7,Commuter
602,83,28.295454545454547,1488.6848192771083,20.120481927710845,0.7108433734939759,0.03614457831325301,0.7951807228915663,0.21686746987951808,123560.84,Commuter
603,72,24.545454545454547,1520.384722222222,19.620833333333334,0.75,0.125,0.7777777777777778,0.2222222222222222,109467.7,Commuter
604,67,23.10344827586207,1511.5583582089553,20.25820895522388,0.7611940298507462,0.16417910447761194,0.8059701492537313,0.19402985074626866,101274.41,Commuter
605,63,21.235955056179776,1500.8347619047618,20.136507936507936,0.6984126984126984,0.06349206349206349,0.7777777777777778,0.2698412698412698,94552.59,Commuter
606,10,4.0540540540540535,2535.3489999999997,48.85,0.0,0.1,0.0,0.2,25353.489999999998,Thrifty
607,68,24.0,1493.6576470588236,20.03529411764706,0.6323529411764706,0.08823529411764706,0.7647058823529411,0.29411764705882354,101568.72,Commuter
608,7,2.5925925925925926,2488.6357142857146,50.48571428571429,0.14285714285714285,0.0,0.0,0.2857142857142857,17420.45,Thrifty
609,17,7.611940298507463,2389.0482352941176,49.2764705882353,0.058823529411764705,0.058823529411764705,0.0,0.17647058823529413,40613.82,Thrifty
610,23,7.931034482758621,1976.7026086956523,40.7,0.6521739130434783,0.43478260869565216,0.043478260869565216,0.30434782608695654,45464.16,Weekend
611,60,20.930232558139533,1477.9126666666666,20.346666666666668,0.6166666666666667,0.15,0.7833333333333333,0.15,88674.76,Commuter
612,16,5.853658536585366,2072.490625,40.78125,0.375,0.1875,0.0625,0.25,33159.85,Weekend
613,26,9.285714285714286,2056.9276923076923,42.215384615384615,0.3076923076923077,0.2692307692307692,0.15384615384615385,0.3076923076923077,53480.12,Weekend
614,62,21.136363636363637,1514.2059677419356,19.351612903225806,0.7258064516129032,0.12903225806451613,0.8709677419354839,0.24193548387096775,93880.77,Commuter
615,42,14.318181818181818,1183.7649999999999,14.661904761904761,0.47619047619047616,0.2619047619047619,0.0,0.23809523809523808,49718.13,Shopper
616,36,12.272727272727273,1213.7594444444446,15.524999999999999,0.3888888888888889,0.19444444444444445,0.0,0.19444444444444445,43695.340000000004,Shopper
617,61,21.27906976744186,1495.988524590164,19.491803278688526,0.6065573770491803,0.08196721311475409,0.8032786885245902,0.29508196721311475,91255.3,Commuter
618,69,24.069767441860463,1477.2572463768115,20.47826086956522,0.6666666666666666,0.10144927536231885,0.782608695652174,0.3333333333333333,101930.75,Commuter
619,47,16.588235294117645,1214.5593617021277,14.71063829787234,0.3617021276595745,0.19148936170212766,0.0,0.2978723404255319,57084.29,Shopper
620,18,8.307692307692308,2052.871666666667,40.74444444444444,0.6666666666666666,0.1111111111111111,0.16666666666666666,0.16666666666666666,36951.69,Weekend
621,63,21.47727272727273,1523.7219047619046,20.053968253968254,0.6031746031746031,0.07936507936507936,0.8095238095238095,0.30158730158730157,95994.48,Commuter
622,55,18.96551724137931,1498.573818181818,20.074545454545454,0.8,0.09090909090909091,0.7636363636363637,0.2545454545454545,82421.56,Commuter
623,10,3.8961038961038956,2417.168,49.980000000000004,0.1,0.1,0.0,0.3,24171.68,Thrifty
624,19,6.551724137931035,2461.303684210526,50.11578947368421,0.05263157894736842,0.10526315789473684,0.0,0.21052631578947367,46764.77,Thrifty
625,15,5.555555555555555,2025.0133333333333,41.559999999999995,0.3333333333333333,0.26666666666666666,0.06666666666666667,0.2,30375.2,Weekend
626,18,6.9230769230769225,2458.992777777778,48.80555555555556,0.0,0.0,0.0,0.2777777777777778,44261.87,Thrifty
627,12,4.556962025316456,2440.750833333333,49.949999999999996,0.08333333333333333,0.16666666666666666,0.0,0.4166666666666667,29289.01,Thrifty
628,14,5.3164556962025316,2039.77,41.457142857142856,0.35714285714285715,0.14285714285714285,0.07142857142857142,0.2857142857142857,28556.78,Weekend
629,81,27.0,1514.6775308641975,19.096296296296295,0.8024691358024691,0.09876543209876543,0.8271604938271605,0.2222222222222222,122688.88,Commuter
630,71,23.666666666666668,1496.3669014084508,20.400000000000002,0.647887323943662,0.09859154929577464,0.8591549295774648,0.38028169014084506,106242.05,Commuter
631,27,9.418604651162791,1987.7970370370372,40.26296296296296,0.3333333333333333,0.25925925925925924,0.07407407407407407,0.14814814814814814,53670.520000000004,Weekend
632,33,11.511627906976743,1217.3872727272726,14.366666666666667,0.5454545454545454,0.18181818181818182,0.0,0.2727272727272727,40173.78,Shopper
633,8,4.444444444444445,2352.92,49.625,0.0,0.125,0.0,0.375,18823.36,Thrifty
634,17,7.611940298507463,2369.4082352941177,50.72941176470588,0.0,0.0,0.0,0.35294117647058826,40279.94,Thrifty
635,63,21.235955056179776,1461.6530158730159,21.084126984126982,0.7619047619047619,0.12698412698412698,0.8095238095238095,0.2222222222222222,92084.14,Commuter
636,9,3.6486486486486487,2504.9033333333336,47.96666666666667,0.0,0.0,0.0,0.3333333333333333,22544.13,Thrifty
637,15,6.338028169014084,2466.2853333333333,45.39333333333333,0.13333333333333333,0.06666666666666667,0.0,0.26666666666666666,36994.28,Thrifty
638,59,20.113636363636363,1482.3322033898305,20.77457627118644,0.7796610169491526,0.1864406779661017,0.7966101694915254,0.2542372881355932,87457.6,Commuter
639,53,19.62962962962963,1502.8007547169811,19.043396226415094,0.7735849056603774,0.1509433962264151,0.7735849056603774,0.3018867924528302,79648.44,Commuter
640,10,3.8961038961038956,2435.0240000000003,48.37,0.2,0.0,0.0,0.3,24350.24,Thrifty
641,58,19.772727272727273,1469.4241379310347,18.01206896551724,0.7586206896551724,0.034482758620689655,0.8275862068965517,0.2413793103448276,85226.6,Commuter
642,13,5.27027027027027,2462.1453846153845,48.33076923076923,0.07692307692307693,0.0,0.0,0.3076923076923077,32007.89,Thrifty
643,84,28.314606741573034,1507.3146428571429,19.78333333333333,0.7023809523809523,0.14285714285714285,0.8333333333333334,0.25,126614.43000000001,Commuter
644,12,5.294117647058823,2491.4733333333334,48.93333333333334,0.0,0.08333333333333333,0.0,0.5,29897.68,Thrifty
645,61,20.56179775280899,1518.4691803278688,20.647540983606557,0.7540983606557377,0.06557377049180328,0.7377049180327869,0.32786885245901637,92626.62,Commuter
646,48,17.349397590361445,1200.6308333333334,15.685416666666667,0.5625,0.16666666666666666,0.0,0.22916666666666666,57630.28,Shopper
647,23,9.324324324324325,2004.2769565217393,39.108695652173914,0.5217391304347826,0.2608695652173913,0.043478260869565216,0.4782608695652174,46098.37,Weekend
648,23,8.313253012048193,1960.6408695652174,40.21739130434783,0.391304347826087,0.2608695652173913,0.17391304347826086,0.30434782608695654,45094.74,Weekend
649,26,8.863636363636365,1944.8703846153849,42.79230769230769,0.5,0.23076923076923078,0.15384615384615385,0.38461538461538464,50566.630000000005,Weekend
650,15,5.555555555555555,2588.0080000000003,52.71333333333334,0.06666666666666667,0.06666666666666667,0.0,0.3333333333333333,38820.12,Thrifty
651,67,22.333333333333332,1467.7394029850745,18.425373134328357,0.6865671641791045,0.11940298507462686,0.8059701492537313,0.3283582089552239,98338.54,Commuter
652,19,6.551724137931035,2514.8373684210524,51.66842105263157,0.05263157894736842,0.10526315789473684,0.0,0.47368421052631576,47781.909999999996,Thrifty
653,21,7.500000000000001,2039.3690476190477,40.84761904761905,0.2857142857142857,0.42857142857142855,0.0,0.23809523809523808,42826.75,Weekend
654,12,4.285714285714286,2065.3166666666666,45.324999999999996,0.5,0.25,0.25,0.16666666666666666,24783.8,Weekend
655,15,5.113636363636364,2458.6293333333333,50.233333333333334,0.0,0.0,0.0,0.26666666666666666,36879.44,Thrifty
656,69,23.258426966292134,1485.3168115942028,19.33913043478261,0.6231884057971014,0.10144927536231885,0.8260869565217391,0.18840579710144928,102486.86,Commuter
657,61,23.164556962025316,1486.7519672131148,19.265573770491805,0.6557377049180327,0.11475409836065574,0.8852459016393442,0.21311475409836064,90691.87,Commuter
658,11,4.125,2441.6454545454544,49.027272727272724,0.0,0.0,0.0,0.2727272727272727,26858.1,Thrifty
659,19,6.627906976744186,2018.6773684210527,40.28421052631579,0.5263157894736842,0.15789473684210525,0.15789473684210525,0.3157894736842105,38354.87,Weekend
660,16,6.0,1909.581875,38.19375,0.375,0.5,0.0625,0.25,30553.31,Weekend
661,12,4.444444444444444,2488.765,52.375,0.0,0.08333333333333333,0.0,0.5,29865.18,Thrifty
662,35,12.5,1208.6454285714285,15.945714285714287,0.5428571428571428,0.17142857142857143,0.0,0.2571428571428571,42302.59,Shopper
663,18,6.8354430379746836,2030.482777777778,42.53333333333333,0.6111111111111112,0.2222222222222222,0.1111111111111111,0.2222222222222222,36548.69,Weekend
664,66,23.85542168674699,1492.9078787878789,20.484848484848484,0.6515151515151515,0.09090909090909091,0.8484848484848485,0.16666666666666666,98531.92,Commuter
665,68,22.92134831460674,1499.1525,20.183823529411764,0.6470588235294118,0.058823529411764705,0.8235294117647058,0.25,101942.37,Commuter
666,88,29.662921348314605,1508.3402272727274,20.537499999999998,0.5568181818181818,0.07954545454545454,0.75,0.23863636363636365,132733.94,Commuter
667,61,21.27906976744186,1511.1965573770492,19.968852459016393,0.7049180327868853,0.09836065573770492,0.8360655737704918,0.3114754098360656,92182.99,Commuter
668,73,26.70731707317073,1510.5517808219179,20.238356164383564,0.7945205479452054,0.0821917808219178,0.7123287671232876,0.3150684931506849,110270.28,Commuter
669,70,23.333333333333332,1491.0418571428572,20.465714285714284,0.6,0.12857142857142856,0.7571428571428571,0.32857142857142857,104372.93000000001,Commuter
670,61,20.56179775280899,1498.0911475409835,21.16393442622951,0.6721311475409836,0.06557377049180328,0.819672131147541,0.26229508196721313,91383.56,Commuter
671,63,21.97674418604651,1456.7674603174605,20.195238095238093,0.6507936507936508,0.12698412698412698,0.8095238095238095,0.25396825396825395,91776.35,Commuter
672,43,14.65909090909091,1207.1702325581396,14.306976744186047,0.4883720930232558,0.20930232558139536,0.0,0.2558139534883721,51908.32,Shopper
673,60,20.454545454545457,1501.9986666666666,20.876666666666665,0.75,0.11666666666666667,0.7833333333333333,0.2833333333333333,90119.92,Commuter
674,8,3.6923076923076925,2681.46875,55.1,0.125,0.125,0.0,0.125,21451.75,Thrifty
675,15,5.421686746987952,2399.9533333333334,49.373333333333335,0.06666666666666667,0.13333333333333333,0.0,0.2,35999.3,Thrifty
676,29,9.886363636363637,1217.963103448276,14.717241379310344,0.4827586206896552,0.3448275862068966,0.0,0.20689655172413793,35320.93,Shopper
677,69,23.522727272727273,1502.5702898550726,19.495652173913044,0.7391304347826086,0.08695652173913043,0.855072463768116,0.11594202898550725,103677.35,Commuter
678,12,4.044943820224719,2493.5108333333333,49.56666666666666,0.08333333333333333,0.0,0.0,0.4166666666666667,29922.13,Thrifty
679,25,8.522727272727273,1253.9696,14.235999999999999,0.56,0.16,0.0,0.32,31349.239999999998,Shopper
680,34,12.439024390243903,1198.6611764705883,14.964705882352941,0.5588235294117647,0.20588235294117646,0.0,0.38235294117647056,40754.48,Shopper
681,36,12.55813953488372,1222.5972222222222,13.733333333333333,0.4722222222222222,0.16666666666666666,0.0,0.16666666666666666,44013.5,Shopper
682,68,23.72093023255814,1506.2439705882352,19.983823529411765,0.6176470588235294,0.19117647058823528,0.8676470588235294,0.2647058823529412,102424.59,Commuter
683,73,25.46511627906977,1475.151506849315,19.438356164383563,0.6301369863013698,0.0684931506849315,0.863013698630137,0.2465753424657534,107686.06,Commuter
684,21,7.078651685393258,2042.1757142857143,42.58095238095238,0.23809523809523808,0.2857142857142857,0.19047619047619047,0.42857142857142855,42885.69,Weekend
685,36,12.705882352941176,1188.891388888889,15.652777777777779,0.5833333333333334,0.16666666666666666,0.0,0.3055555555555556,42800.090000000004,Shopper
686,22,7.586206896551724,2028.8918181818183,38.095454545454544,0.5,0.13636363636363635,0.045454545454545456,0.18181818181818182,44635.62,Weekend
687,22,8.8,2080.524090909091,41.89090909090909,0.5454545454545454,0.18181818181818182,0.13636363636363635,0.22727272727272727,45771.53,Weekend
688,56,19.090909090909093,1488.9314285714286,19.883928571428573,0.6607142857142857,0.10714285714285714,0.7321428571428571,0.16071428571428573,83380.16,Commuter
689,17,6.0,1983.591176470588,38.023529411764706,0.23529411764705882,0.35294117647058826,0.29411764705882354,0.29411764705882354,33721.049999999996,Weekend
690,64,21.333333333333332,1486.0715625,20.046875,0.71875,0.140625,0.875,0.203125,95108.58,Commuter
691,17,5.930232558139535,2493.0023529411765,47.44117647058823,0.11764705882352941,0.058823529411764705,0.0,0.29411764705882354,42381.04,Thrifty
692,22,7.857142857142858,2552.7772727272727,49.57272727272727,0.045454545454545456,0.045454545454545456,0.0,0.2727272727272727,56161.1,Thrifty
693,6,2.1686746987951806,2494.2450000000003,53.333333333333336,0.0,0.0,0.0,0.3333333333333333,14965.470000000001,Thrifty
694,62,22.962962962962962,1503.8906451612904,19.916129032258063,0.6129032258064516,0.06451612903225806,0.7580645161290323,0.22580645161290322,93241.22,Commuter
695,67,22.840909090909093,1534.08,19.577611940298507,0.7164179104477612,0.1044776119402985,0.8805970149253731,0.2835820895522388,102783.36,Commuter
696,20,7.228915662650603,1991.5415,42.47,0.4,0.2,0.05,0.3,39830.83,Weekend
697,61,20.795454545454547,1455.6909836065572,19.71639344262295,0.6721311475409836,0.04918032786885246,0.7704918032786885,0.29508196721311475,88797.15,Commuter
698,24,8.181818181818182,2030.9783333333335,38.97083333333333,0.5,0.08333333333333333,0.125,0.20833333333333334,48743.48,Weekend
699,53,18.705882352941174,1514.3024528301887,20.29245283018868,0.7547169811320755,0.09433962264150944,0.8490566037735849,0.41509433962264153,80258.03,Commuter
700,12,4.137931034482759,2475.5125000000003,49.416666666666664,0.16666666666666666,0.0,0.0,0.4166666666666667,29706.15,Thrifty
701,13,5.2,2455.376153846154,50.0,0.07692307692307693,0.23076923076923078,0.0,0.3076923076923077,31919.89,Thrifty
702,73,24.606741573033705,1496.7219178082191,19.92876712328767,0.7123287671232876,0.0821917808219178,0.8082191780821918,0.2191780821917808,109260.7,Commuter
703,11,4.647887323943662,2611.3327272727274,50.58181818181818,0.0,0.0,0.0,0.2727272727272727,28724.66,Thrifty
704,51,17.0,1545.0135294117647,19.28235294117647,0.7058823529411765,0.09803921568627451,0.7843137254901961,0.1568627450980392,78795.69,Commuter
705,58,21.48148148148148,1490.4294827586207,20.54137931034483,0.7068965517241379,0.10344827586206896,0.8103448275862069,0.3793103448275862,86444.91,Commuter
706,40,13.636363636363637,1230.0104999999999,14.3375,0.325,0.025,0.0,0.15,49200.42,Shopper
707,13,5.571428571428571,2611.533076923077,49.00769230769231,0.07692307692307693,0.0,0.0,0.46153846153846156,33949.93,Thrifty
708,41,14.13793103448276,1201.0973170731706,14.904878048780489,0.5121951219512195,0.14634146341463414,0.0,0.24390243902439024,49244.99,Shopper
709,69,24.069767441860463,1498.871884057971,19.440579710144927,0.5797101449275363,0.028985507246376812,0.8405797101449275,0.391304347826087,103422.16,Commuter
710,26,8.764044943820224,2031.541923076923,39.58076923076923,0.46153846153846156,0.23076923076923078,0.07692307692307693,0.15384615384615385,52820.09,Weekend
711,17,5.795454545454546,2014.3017647058823,38.95882352941176,0.47058823529411764,0.11764705882352941,0.058823529411764705,0.29411764705882354,34243.13,Weekend
712,15,5.555555555555555,1961.3833333333334,40.5,0.26666666666666666,0.26666666666666666,0.2,0.26666666666666666,29420.75,Weekend
713,17,6.986301369863014,2517.8976470588236,47.5,0.0,0.0,0.0,0.17647058823529413,42804.26,Thrifty
714,11,4.024390243902439,2601.7445454545455,57.0,0.09090909090909091,0.0,0.0,0.2727272727272727,28619.190000000002,Thrifty
715,23,9.45205479452055,2467.2791304347825,51.82608695652174,0.043478260869565216,0.13043478260869565,0.0,0.17391304347826086,56747.42,Thrifty
716,44,15.348837209302326,1207.0613636363635,14.506818181818181,0.5227272727272727,0.1590909090909091,0.0,0.29545454545454547,53110.7,Shopper
717,32,11.162790697674419,1195.0075,15.809375,0.5,0.1875,0.0,0.34375,38240.24,Shopper
718,42,14.318181818181818,1173.8795238095238,16.697619047619046,0.5,0.23809523809523808,0.0,0.23809523809523808,49302.94,Shopper
719,61,20.56179775280899,1516.2252459016395,19.49344262295082,0.6557377049180327,0.09836065573770492,0.819672131147541,0.21311475409836064,92489.74,Commuter
720,18,6.666666666666666,2041.261111111111,42.16111111111111,0.3888888888888889,0.2222222222222222,0.1111111111111111,0.2777777777777778,36742.7,Weekend
721,36,13.333333333333332,1175.7380555555555,15.472222222222221,0.4722222222222222,0.1111111111111111,0.0,0.19444444444444445,42326.57,Shopper
722,65,21.91011235955056,1512.4296923076922,19.392307692307693,0.7538461538461538,0.16923076923076924,0.7846153846153846,0.27692307692307694,98307.93,Commuter
723,60,20.224719101123593,1498.224,20.543333333333333,0.6166666666666667,0.15,0.8333333333333334,0.13333333333333333,89893.44,Commuter
724,16,6.0,1966.525625,38.49375,0.375,0.1875,0.1875,0.4375,31464.41,Weekend
725,12,4.864864864864865,1931.5925,40.233333333333334,0.4166666666666667,0.0,0.0,0.3333333333333333,23179.11,Weekend
726,35,12.068965517241379,1165.9845714285714,13.905714285714286,0.4857142857142857,0.37142857142857144,0.0,0.3142857142857143,40809.46,Shopper
727,65,23.49397590361446,1476.2384615384615,19.88769230769231,0.6,0.1076923076923077,0.8307692307692308,0.23076923076923078,95955.5,Commuter
728,14,4.883720930232558,1983.0557142857142,40.50714285714286,0.5,0.07142857142857142,0.0,0.35714285714285715,27762.78,Weekend
729,62,20.89887640449438,1530.1298387096774,20.361290322580647,0.7419354838709677,0.12903225806451613,0.7903225806451613,0.27419354838709675,94868.05,Commuter
730,78,26.590909090909093,1523.7102564102563,19.455128205128204,0.7307692307692307,0.08974358974358974,0.7948717948717948,0.2692307692307692,118849.4,Commuter
731,56,19.53488372093023,1513.7714285714285,19.794642857142858,0.5892857142857143,0.125,0.8214285714285714,0.23214285714285715,84771.2,Commuter
732,36,12.705882352941176,1202.5041666666666,15.783333333333335,0.4722222222222222,0.16666666666666666,0.0,0.19444444444444445,43290.15,Shopper
733,14,4.883720930232558,1975.6535714285715,41.08571428571429,0.2857142857142857,0.14285714285714285,0.0,0.21428571428571427,27659.15,Weekend
734,12,4.444444444444444,2425.2208333333333,49.4,0.16666666666666666,0.0,0.0,0.3333333333333333,29102.65,Thrifty
735,12,4.044943820224719,2519.6766666666667,49.15,0.08333333333333333,0.0,0.0,0.16666666666666666,30236.120000000003,Thrifty
736,33,12.073170731707316,1198.2324242424243,15.745454545454546,0.48484848484848486,0.18181818181818182,0.0,0.21212121212121213,39541.67,Shopper
737,18,6.506024096385542,2526.161666666667,51.49444444444444,0.0,0.16666666666666666,0.0,0.2777777777777778,45470.91,Thrifty
738,46,15.681818181818183,1207.2684782608696,15.319565217391306,0.6304347826086957,0.30434782608695654,0.0,0.2391304347826087,55534.35,Shopper
739,13,4.642857142857143,2423.9215384615386,53.138461538461534,0.0,0.0,0.0,0.23076923076923078,31510.98,Thrifty
740,12,5.294117647058823,2517.3675,53.449999999999996,0.08333333333333333,0.0,0.0,0.5,30208.41,Thrifty
741,12,5.625,2540.1425,51.73333333333333,0.0,0.08333333333333333,0.0,0.16666666666666666,30481.71,Thrifty
742,17,6.0,2567.7729411764703,51.91764705882353,0.0,0.11764705882352941,0.0,0.29411764705882354,43652.14,Thrifty
743,18,6.666666666666666,1962.2861111111113,39.73888888888889,0.3888888888888889,0.1111111111111111,0.1111111111111111,0.16666666666666666,35321.15,Weekend
744,16,6.0,2620.225625,54.09375,0.0625,0.125,0.0,0.25,41923.61,Thrifty
745,74,25.813953488372093,1503.5156756756758,20.12972972972973,0.7972972972972973,0.10810810810810811,0.7837837837837838,0.36486486486486486,111260.16,Commuter
746,40,14.117647058823529,1154.31925,15.13,0.35,0.175,0.0,0.3,46172.77,Shopper
747,11,5.238095238095238,2418.0245454545457,45.26363636363636,0.09090909090909091,0.0,0.0,0.18181818181818182,26598.27,Thrifty
748,7,2.5609756097560976,2501.71,47.05714285714286,0.0,0.0,0.0,0.42857142857142855,17511.97,Thrifty
749,40,13.636363636363637,1176.20175,15.4,0.375,0.25,0.0,0.3,47048.07,Shopper
750,22,7.500000000000001,1977.796818181818,35.53636363636363,0.4090909090909091,0.13636363636363635,0.09090909090909091,0.3181818181818182,43511.53,Weekend
751,56,19.310344827586206,1426.6392857142857,20.74642857142857,0.75,0.125,0.7321428571428571,0.25,79891.8,Commuter
752,35,11.797752808988763,1201.8845714285715,15.305714285714288,0.45714285714285713,0.2,0.0,0.2571428571428571,42065.96,Shopper
753,23,7.840909090909092,1957.0960869565217,40.452173913043474,0.17391304347826086,0.17391304347826086,0.08695652173913043,0.17391304347826086,45013.21,Weekend
754,8,3.1578947368421053,2295.615,50.7,0.25,0.0,0.0,0.375,18364.92,Thrifty
755,61,21.78571428571429,1520.3516393442621,20.67049180327869,0.6065573770491803,0.09836065573770492,0.8524590163934426,0.26229508196721313,92741.45,Commuter
756,30,10.465116279069766,1994.955333333333,35.71666666666667,0.36666666666666664,0.23333333333333334,0.03333333333333333,0.3,59848.659999999996,Weekend
757,19,6.951219512195122,2023.638947368421,40.56842105263158,0.2631578947368421,0.21052631578947367,0.10526315789473684,0.2631578947368421,38449.14,Weekend
758,4,3.243243243243243,2423.5474999999997,46.425,0.0,0.0,0.0,0.0,9694.189999999999,Thrifty
759,30,11.25,1191.1346666666666,16.13,0.4,0.2,0.0,0.2,35734.04,Shopper
760,20,7.228915662650603,1978.7145,40.4,0.45,0.3,0.05,0.1,39574.29,Weekend
761,67,22.333333333333332,1515.2035820895521,20.25223880597015,0.7611940298507462,0.07462686567164178,0.7761194029850746,0.34328358208955223,101518.64,Commuter
762,6,2.25,2458.0716666666667,45.599999999999994,0.0,0.0,0.0,0.6666666666666666,14748.43,Thrifty
763,58,20.0,1483.8655172413792,19.92413793103448,0.7068965517241379,0.08620689655172414,0.8275862068965517,0.3448275862068966,86064.2,Commuter
764,19,6.7857142857142865,2104.226315789474,36.626315789473686,0.3157894736842105,0.3157894736842105,0.05263157894736842,0.3684210526315789,39980.3,Weekend
765,48,16.551724137931036,1492.0722916666666,20.520833333333332,0.75,0.125,0.7083333333333334,0.16666666666666666,71619.47,Commuter
766,20,8.108108108108107,1959.8105,38.685,0.45,0.3,0.0,0.2,39196.21,Weekend
767,15,5.555555555555555,1952.6680000000001,40.980000000000004,0.3333333333333333,0.2,0.0,0.2,29290.02,Weekend
768,36,12.272727272727273,1208.4147222222223,16.09722222222222,0.4444444444444444,0.16666666666666666,0.0,0.25,43502.93,Shopper
769,12,4.736842105263158,2522.329166666667,51.074999999999996,0.0,0.08333333333333333,0.0,0.4166666666666667,30267.95,Thrifty
770,38,13.10344827586207,1219.7847368421053,14.092105263157896,0.5789473684210527,0.3684210526315789,0.0,0.3157894736842105,46351.82,Shopper
771,65,21.91011235955056,1475.4084615384616,20.33230769230769,0.676923076923077,0.12307692307692308,0.8,0.36923076923076925,95901.55,Commuter
772,37,13.373493975903616,1228.0405405405406,14.167567567567568,0.43243243243243246,0.24324324324324326,0.0,0.2702702702702703,45437.5,Shopper
773,74,24.666666666666668,1487.4097297297299,20.20810810810811,0.6351351351351351,0.10810810810810811,0.7567567567567568,0.33783783783783783,110068.32,Commuter
774,11,4.52054794520548,2310.3763636363637,51.78181818181818,0.0,0.09090909090909091,0.0,0.5454545454545454,25414.14,Thrifty
775,15,5.294117647058823,1928.074,42.39333333333333,0.4,0.2,0.4666666666666667,0.2,28921.11,Weekend
776,63,21.97674418604651,1482.2406349206349,20.38253968253968,0.7619047619047619,0.15873015873015872,0.7619047619047619,0.23809523809523808,93381.16,Commuter
777,60,20.224719101123593,1515.2815,20.416666666666668,0.7166666666666667,0.1,0.8,0.4166666666666667,90916.89,Commuter
778,15,6.338028169014084,1926.4366666666667,38.586666666666666,0.26666666666666666,0.2,0.0,0.2,28896.55,Weekend
779,20,8.219178082191782,2115.578,35.565,0.4,0.25,0.25,0.25,42311.56,Weekend
780,24,8.181818181818182,2010.5041666666666,43.0375,0.5,0.20833333333333334,0.041666666666666664,0.2916666666666667,48252.1,Weekend
781,14,4.827586206896552,1979.9385714285713,35.714285714285715,0.35714285714285715,0.35714285714285715,0.0,0.21428571428571427,27719.14,Weekend
782,9,3.6986301369863015,2385.8533333333335,48.87777777777778,0.2222222222222222,0.0,0.0,0.2222222222222222,21472.68,Thrifty
783,63,21.235955056179776,1495.3053968253969,20.495238095238097,0.6666666666666666,0.09523809523809523,0.7619047619047619,0.2222222222222222,94204.24,Commuter
784,11,3.928571428571429,2294.760909090909,50.98181818181818,0.09090909090909091,0.0,0.0,0.2727272727272727,25242.37,Thrifty
785,80,26.96629213483146,1509.201,19.4875,0.675,0.05,0.7625,0.2875,120736.08,Commuter
786,33,11.25,1208.1727272727271,16.099999999999998,0.5757575757575758,0.15151515151515152,0.0,0.21212121212121213,39869.7,Shopper
787,23,7.840909090909092,2033.8182608695652,40.60434782608696,0.30434782608695654,0.21739130434782608,0.17391304347826086,0.43478260869565216,46777.82,Weekend
788,15,6.081081081081081,2601.494,47.84,0.13333333333333333,0.0,0.0,0.26666666666666666,39022.41,Thrifty
789,11,4.024390243902439,2555.6027272727274,52.445454545454545,0.09090909090909091,0.09090909090909091,0.0,0.5454545454545454,28111.63,Thrifty
790,34,12.142857142857144,1180.3520588235294,15.11470588235294,0.4411764705882353,0.20588235294117646,0.0,0.3235294117647059,40131.97,Shopper
791,67,22.584269662921347,1474.2962686567164,20.15671641791045,0.6865671641791045,0.14925373134328357,0.8208955223880597,0.23880597014925373,98777.85,Commuter
792,19,6.7857142857142865,2041.8615789473686,38.22631578947368,0.42105263157894735,0.10526315789473684,0.10526315789473684,0.3157894736842105,38795.37,Weekend
793,8,2.926829268292683,2434.1675,54.150000000000006,0.0,0.0,0.0,0.375,19473.34,Thrifty
794,20,7.142857142857143,2008.636,40.3,0.4,0.3,0.15,0.35,40172.72,Weekend
795,73,24.606741573033705,1510.3435616438355,19.45068493150685,0.684931506849315,0.1095890410958904,0.8493150684931506,0.2191780821917808,110255.08,Commuter
796,41,14.819277108433734,1217.557804878049,15.08780487804878,0.5121951219512195,0.24390243902439024,0.0,0.21951219512195122,49919.87,Shopper
797,48,16.551724137931036,1223.0685416666668,14.914583333333333,0.4375,0.25,0.0,0.3125,58707.29,Shopper
798,16,5.783132530120482,1869.144375,44.3625,0.5,0.3125,0.1875,0.1875,29906.31,Weekend
799,25,9.036144578313253,1996.9868,41.61600000000001,0.48,0.12,0.12,0.32,49924.67,Weekend
800,32,11.162790697674419,1201.816875,14.375,0.4375,0.1875,0.0,0.1875,38458.14,Shopper
801,18,6.352941176470588,2005.741111111111,40.34444444444445,0.5,0.3333333333333333,0.2222222222222222,0.2222222222222222,36103.34,Weekend
802,71,24.482758620689655,1463.1318309859155,19.888732394366198,0.7183098591549296,0.09859154929577464,0.9295774647887324,0.23943661971830985,103882.36,Commuter
803,20,7.0588235294117645,1979.1075,43.165,0.7,0.3,0.15,0.3,39582.15,Weekend
804,10,3.79746835443038,1953.3310000000001,39.88,0.7,0.4,0.3,0.1,19533.31,Weekend
805,17,5.730337078651685,2410.787058823529,48.141176470588235,0.058823529411764705,0.0,0.0,0.29411764705882354,40983.38,Thrifty
806,20,6.818181818181818,2031.0455000000002,39.730000000000004,0.55,0.2,0.1,0.2,40620.91,Weekend
807,48,16.179775280898877,1204.4783333333332,15.275,0.3333333333333333,0.125,0.0,0.125,57814.96,Shopper
808,46,15.333333333333334,1189.1323913043477,13.880434782608695,0.5434782608695652,0.15217391304347827,0.0,0.34782608695652173,54700.09,Shopper
809,15,5.844155844155844,2468.9266666666667,56.166666666666664,0.06666666666666667,0.06666666666666667,0.0,0.4,37033.9,Thrifty
810,66,24.444444444444443,1498.6895454545454,20.05757575757576,0.8181818181818182,0.09090909090909091,0.7878787878787878,0.25757575757575757,98913.51,Commuter
811,29,10.875,1207.1589655172413,14.520689655172415,0.4827586206896552,0.3448275862068966,0.0,0.27586206896551724,35007.61,Shopper
812,42,15.180722891566266,1185.0033333333333,14.933333333333334,0.6190476190476191,0.2619047619047619,0.0,0.21428571428571427,49770.14,Shopper
813,56,19.090909090909093,1487.2564285714286,20.021428571428572,0.7321428571428571,0.125,0.7678571428571429,0.32142857142857145,83286.36,Commuter
814,36,13.170731707317072,1209.8777777777777,15.630555555555556,0.6388888888888888,0.1111111111111111,0.0,0.2222222222222222,43555.6,Shopper
815,27,9.101123595505618,1220.5314814814815,15.974074074074075,0.6296296296296297,0.37037037037037035,0.0,0.2962962962962963,32954.35,Shopper
816,12,4.337349397590361,2502.758333333333,56.03333333333333,0.16666666666666666,0.0,0.0,0.4166666666666667,30033.1,Thrifty
817,10,3.75,1856.4080000000001,36.47,0.2,0.1,0.1,0.5,18564.08,Weekend
818,8,3.380281690140845,2580.13375,51.0625,0.0,0.125,0.0,0.375,20641.07,Thrifty
819,60,20.454545454545457,1522.4255,21.246666666666666,0.6833333333333333,0.03333333333333333,0.8333333333333334,0.2833333333333333,91345.53,Commuter
820,13,4.698795180722891,2583.98,52.50769230769231,0.0,0.0,0.0,0.38461538461538464,33591.74,Thrifty
821,42,15.949367088607595,1238.032857142857,15.392857142857142,0.5,0.2857142857142857,0.0,0.2619047619047619,51997.38,Shopper
822,74,25.517241379310345,1478.193918918919,20.51081081081081,0.6486486486486487,0.0945945945945946,0.8378378378378378,0.2702702702702703,109386.35,Commuter
823,6,2.5,2403.59,56.46666666666667,0.16666666666666666,0.16666666666666666,0.0,0.16666666666666666,14421.54,Thrifty
824,7,2.727272727272727,2435.8228571428576,49.48571428571428,0.0,0.14285714285714285,0.0,0.2857142857142857,17050.760000000002,Thrifty
825,14,6.0,2550.9085714285716,51.457142857142856,0.14285714285714285,0.07142857142857142,0.0,0.21428571428571427,35712.72,Thrifty
826,47,16.022727272727273,1227.003829787234,14.229787234042552,0.3829787234042553,0.14893617021276595,0.0,0.23404255319148937,57669.18,Shopper
827,23,9.2,2599.1521739130435,51.060869565217395,0.08695652173913043,0.043478260869565216,0.0,0.30434782608695654,59780.5,Thrifty
828,15,5.357142857142858,2549.316,51.32666666666667,0.0,0.06666666666666667,0.0,0.3333333333333333,38239.74,Thrifty
829,19,6.867469879518072,1921.4552631578947,39.921052631578945,0.2631578947368421,0.42105263157894735,0.10526315789473684,0.10526315789473684,36507.65,Weekend
830,20,6.818181818181818,2519.4035,50.315,0.05,0.1,0.0,0.3,50388.07,Thrifty
831,60,20.689655172413794,1513.7063333333333,20.575,0.7,0.08333333333333333,0.8833333333333333,0.3,90822.38,Commuter
832,21,7.241379310344827,2469.770476190476,46.22857142857143,0.047619047619047616,0.047619047619047616,0.0,0.2857142857142857,51865.18,Thrifty
833,69,23.79310344827586,1482.54,19.77826086956522,0.8260869565217391,0.10144927536231885,0.855072463768116,0.2898550724637681,102295.26,Commuter
834,57,20.357142857142858,1513.9984210526316,21.37543859649123,0.7543859649122807,0.05263157894736842,0.8771929824561403,0.22807017543859648,86297.91,Commuter
835,11,3.8823529411764706,2463.650909090909,51.154545454545456,0.18181818181818182,0.09090909090909091,0.0,0.0,27100.16,Thrifty
836,10,4.109589041095891,2470.098,49.559999999999995,0.0,0.2,0.0,0.3,24700.98,Thrifty
837,32,11.428571428571429,1179.22625,16.8375,0.4375,0.125,0.0,0.3125,37735.24,Shopper
838,14,5.384615384615384,2590.8642857142854,49.207142857142856,0.14285714285714285,0.0,0.0,0.21428571428571427,36272.1,Thrifty
839,25,9.868421052631579,2049.5852,39.576,0.36,0.32,0.12,0.28,51239.63,Weekend
840,17,5.795454545454546,1973.320588235294,37.699999999999996,0.11764705882352941,0.4117647058823529,0.17647058823529413,0.058823529411764705,33546.45,Weekend
841,55,19.642857142857142,1519.2234545454544,20.490909090909092,0.7090909090909091,0.16363636363636364,0.7636363636363637,0.18181818181818182,83557.29,Commuter
842,17,6.144578313253012,2005.6735294117645,40.317647058823525,0.35294117647058826,0.17647058823529413,0.058823529411764705,0.23529411764705882,34096.45,Weekend
843,69,23.522727272727273,1473.6971014492754,19.66086956521739,0.7391304347826086,0.10144927536231885,0.8405797101449275,0.30434782608695654,101685.1,Commuter
844,43,14.827586206896552,1189.5088372093023,13.455813953488372,0.6511627906976745,0.2558139534883721,0.0,0.37209302325581395,51148.88,Shopper
845,56,18.876404494382022,1497.6178571428572,20.948214285714283,0.6964285714285714,0.08928571428571429,0.8035714285714286,0.23214285714285715,83866.6,Commuter
846,22,8.354430379746836,2517.4154545454544,50.13636363636363,0.13636363636363635,0.045454545454545456,0.0,0.4090909090909091,55383.14,Thrifty
847,60,21.176470588235293,1517.4426666666666,19.915000000000003,0.6833333333333333,0.1,0.7333333333333333,0.38333333333333336,91046.56,Commuter
848,26,9.512195121951219,1191.6226923076922,14.850000000000001,0.7307692307692307,0.34615384615384615,0.0,0.11538461538461539,30982.19,Shopper
849,7,2.5925925925925926,2439.7428571428572,52.98571428571428,0.14285714285714285,0.14285714285714285,0.0,0.2857142857142857,17078.2,Thrifty
850,19,7.037037037037036,2025.0173684210527,41.62105263157895,0.3684210526315789,0.3157894736842105,0.15789473684210525,0.2631578947368421,38475.33,Weekend
851,56,21.0,1506.78375,20.610714285714288,0.6428571428571429,0.19642857142857142,0.8571428571428571,0.23214285714285715,84379.89,Commuter
852,20,7.228915662650603,2004.8400000000001,39.505,0.4,0.2,0.15,0.2,40096.8,Weekend
853,55,19.41176470588235,1525.5347272727274,19.680000000000003,0.7272727272727273,0.01818181818181818,0.8,0.3090909090909091,83904.41,Commuter
854,41,13.820224719101123,1217.6514634146342,14.690243902439024,0.5365853658536586,0.3170731707317073,0.0,0.24390243902439024,49923.71,Shopper
855,57,20.357142857142858,1538.407894736842,20.76140350877193,0.6842105263157895,0.08771929824561403,0.7368421052631579,0.3684210526315789,87689.25,Commuter
856,69,23.522727272727273,1523.193768115942,18.631884057971014,0.6811594202898551,0.08695652173913043,0.8260869565217391,0.2318840579710145,105100.37,Commuter
857,67,23.92857142857143,1479.396119402985,20.32537313432836,0.5970149253731343,0.11940298507462686,0.746268656716418,0.373134328358209,99119.54,Commuter
858,13,5.064935064935065,2453.5,53.52307692307692,0.15384615384615385,0.15384615384615385,0.0,0.23076923076923078,31895.5,Thrifty
859,20,9.09090909090909,1990.1905,38.505,0.5,0.35,0.1,0.2,39803.81,Weekend
860,63,21.47727272727273,1480.757619047619,20.16349206349206,0.6825396825396826,0.09523809523809523,0.7936507936507936,0.25396825396825395,93287.73,Commuter
861,21,7.590361445783133,2078.209523809524,41.12380952380953,0.38095238095238093,0.14285714285714285,0.0,0.3333333333333333,43642.4,Weekend
862,13,6.0,2464.090769230769,49.815384615384616,0.07692307692307693,0.0,0.0,0.3076923076923077,32033.18,Thrifty
863,14,4.883720930232558,2526.8621428571428,50.471428571428575,0.0,0.0,0.0,0.2857142857142857,35376.07,Thrifty
864,15,5.921052631578948,2461.001333333333,50.22,0.06666666666666667,0.13333333333333333,0.0,0.13333333333333333,36915.02,Thrifty
865,4,1.5584415584415583,2270.255,48.875,0.25,0.0,0.0,0.75,9081.02,Thrifty
866,19,6.7857142857142865,2026.3657894736841,39.55789473684211,0.5789473684210527,0.42105263157894735,0.05263157894736842,0.05263157894736842,38500.95,Weekend
867,57,19.213483146067414,1535.3754385964912,20.331578947368424,0.8070175438596491,0.10526315789473684,0.8070175438596491,0.24561403508771928,87516.4,Commuter
868,65,22.15909090909091,1492.265846153846,19.34,0.676923076923077,0.18461538461538463,0.8461538461538461,0.24615384615384617,96997.28,Commuter
869,45,15.0,1191.163111111111,13.824444444444445,0.4,0.17777777777777778,0.0,0.15555555555555556,53602.34,Shopper
870,34,11.46067415730337,1238.6261764705882,15.523529411764704,0.2647058823529412,0.17647058823529413,0.0,0.23529411764705882,42113.29,Shopper
871,13,7.8,2475.0415384615385,50.16923076923077,0.0,0.0,0.0,0.38461538461538464,32175.54,Thrifty
872,60,20.689655172413794,1471.7141666666669,19.915000000000003,0.6833333333333333,0.1,0.8,0.21666666666666667,88302.85,Commuter
873,26,8.666666666666666,1980.97,40.37307692307692,0.38461538461538464,0.2692307692307692,0.15384615384615385,0.38461538461538464,51505.22,Weekend
874,14,5.454545454545454,2618.9700000000003,53.84285714285714,0.07142857142857142,0.07142857142857142,0.0,0.14285714285714285,36665.58,Thrifty
875,62,21.136363636363637,1518.5800000000002,19.711290322580645,0.6451612903225806,0.06451612903225806,0.7741935483870968,0.3387096774193548,94151.96,Commuter
876,63,21.0,1499.4209523809525,20.942857142857143,0.7142857142857143,0.06349206349206349,0.8571428571428571,0.3333333333333333,94463.52,Commuter
877,18,6.067415730337078,2029.743888888889,38.63333333333333,0.4444444444444444,0.2222222222222222,0.0,0.2777777777777778,36535.39,Weekend
878,13,4.814814814814815,2027.9846153846154,41.73076923076923,0.46153846153846156,0.15384615384615385,0.15384615384615385,0.07692307692307693,26363.8,Weekend
879,58,20.0,1531.8655172413792,19.17758620689655,0.7413793103448276,0.08620689655172414,0.8103448275862069,0.27586206896551724,88848.2,Commuter
880,80,27.272727272727273,1515.08725,20.39125,0.7375,0.1125,0.8125,0.325,121206.98,Commuter
881,68,23.181818181818183,1494.1536764705882,20.647058823529413,0.6764705882352942,0.08823529411764706,0.75,0.2647058823529412,101602.45,Commuter
882,25,8.823529411764705,2019.7404000000001,39.048,0.32,0.2,0.08,0.32,50493.51,Weekend
883,78,26.896551724137932,1505.2110256410258,19.78717948717949,0.7307692307692307,0.11538461538461539,0.7948717948717948,0.2564102564102564,117406.46,Commuter
884,55,18.539325842696627,1525.5498181818182,19.28363636363636,0.6909090909090909,0.10909090909090909,0.8181818181818182,0.2909090909090909,83905.24,Commuter
885,19,6.627906976744186,2082.8505263157895,37.8421052631579,0.42105263157894735,0.5263157894736842,0.10526315789473684,0.3684210526315789,39574.159999999996,Weekend
886,68,22.92134831460674,1505.8147058823529,19.730882352941176,0.6617647058823529,0.20588235294117646,0.7205882352941176,0.29411764705882354,102395.4,Commuter
887,11,4.925373134328358,2005.7045454545455,44.14545454545455,0.5454545454545454,0.36363636363636365,0.0,0.36363636363636365,22062.75,Weekend
888,65,22.413793103448278,1506.9935384615385,20.21846153846154,0.6923076923076923,0.07692307692307693,0.7538461538461538,0.23076923076923078,97954.58,Commuter
889,60,21.42857142857143,1528.8053333333335,19.538333333333334,0.6666666666666666,0.08333333333333333,0.8833333333333333,0.2833333333333333,91728.32,Commuter
890,51,17.191011235955056,1478.9629411764706,19.9,0.7058823529411765,0.0196078431372549,0.8627450980392157,0.23529411764705882,75427.11,Commuter
891,12,4.186046511627907,2043.535,43.583333333333336,0.4166666666666667,0.25,0.0,0.08333333333333333,24522.420000000002,Weekend
892,30,10.227272727272728,1180.3423333333335,15.266666666666667,0.5,0.23333333333333334,0.0,0.3,35410.270000000004,Shopper
893,27,9.204545454545455,1159.444074074074,15.088888888888889,0.5925925925925926,0.2222222222222222,0.0,0.2222222222222222,31304.989999999998,Shopper
894,9,3.75,2484.228888888889,47.82222222222222,0.0,0.0,0.0,0.1111111111111111,22358.06,Thrifty
895,16,5.393258426966292,2037.359375,38.98125,0.375,0.1875,0.1875,0.4375,32597.75,Weekend
896,61,20.333333333333332,1514.5980327868851,19.22622950819672,0.6229508196721312,0.14754098360655737,0.8524590163934426,0.14754098360655737,92390.48,Commuter
897,62,21.136363636363637,1506.5522580645163,20.47258064516129,0.5967741935483871,0.11290322580645161,0.8709677419354839,0.24193548387096775,93406.24,Commuter
898,39,13.604651162790697,1212.831794871795,14.302564102564101,0.41025641025641024,0.3076923076923077,0.0,0.38461538461538464,47300.44,Shopper
899,62,21.379310344827587,1498.9635483870968,20.653225806451612,0.7096774193548387,0.08064516129032258,0.8387096774193549,0.3870967741935484,92935.74,Commuter
900,77,26.551724137931036,1489.6661038961038,19.82857142857143,0.5974025974025974,0.14285714285714285,0.8181818181818182,0.3116883116883117,114704.29,Commuter
901,65,21.91011235955056,1498.8780000000002,20.486153846153844,0.6923076923076923,0.046153846153846156,0.7692307692307693,0.2153846153846154,97427.07,Commuter
902,54,19.058823529411764,1516.1072222222222,20.28333333333333,0.6666666666666666,0.12962962962962962,0.8518518518518519,0.3148148148148148,81869.79,Commuter
903,65,22.15909090909091,1509.186,20.290769230769232,0.7230769230769231,0.06153846153846154,0.7538461538461538,0.2923076923076923,98097.09,Commuter
904,16,5.925925925925926,1934.761875,41.08125,0.5625,0.1875,0.125,0.125,30956.19,Weekend
905,13,4.482758620689656,2463.3623076923077,49.11538461538461,0.07692307692307693,0.0,0.0,0.3076923076923077,32023.71,Thrifty
906,37,13.214285714285715,1212.8575675675677,14.827027027027027,0.40540540540540543,0.24324324324324326,0.0,0.21621621621621623,44875.73,Shopper
907,41,13.820224719101123,1192.0351219512195,15.070731707317073,0.5853658536585366,0.04878048780487805,0.0,0.3170731707317073,48873.44,Shopper
908,22,9.295774647887324,2421.8577272727275,51.08181818181818,0.045454545454545456,0.0,0.0,0.22727272727272727,53280.87,Thrifty
909,66,22.758620689655174,1473.1906060606061,20.62878787878788,0.5909090909090909,0.09090909090909091,0.803030303030303,0.2727272727272727,97230.58,Commuter
910,13,5.492957746478873,2555.0138461538463,49.276923076923076,0.0,0.07692307692307693,0.0,0.23076923076923078,33215.18,Thrifty
911,13,6.19047619047619,1928.0376923076922,38.55384615384616,0.3076923076923077,0.15384615384615385,0.07692307692307693,0.3076923076923077,25064.489999999998,Weekend
912,50,17.64705882352941,1524.9186,20.728,0.62,0.16,0.74,0.32,76245.93,Commuter
913,21,7.159090909090909,1995.0600000000002,40.214285714285715,0.2857142857142857,0.3333333333333333,0.23809523809523808,0.42857142857142855,41896.26,Weekend
914,18,6.067415730337078,2484.376111111111,50.75,0.0,0.0,0.0,0.16666666666666666,44718.770000000004,Thrifty
915,11,4.45945945945946,1891.7418181818182,39.345454545454544,0.45454545454545453,0.2727272727272727,0.0,0.18181818181818182,20809.16,Weekend
916,13,5.064935064935065,2515.1638461538464,52.892307692307696,0.07692307692307693,0.07692307692307693,0.0,0.23076923076923078,32697.13,Thrifty
917,69,23.0,1485.7466666666667,19.66086956521739,0.7391304347826086,0.14492753623188406,0.7971014492753623,0.2608695652173913,102516.52,Commuter
918,29,11.153846153846153,1202.1200000000001,14.324137931034482,0.27586206896551724,0.13793103448275862,0.0,0.20689655172413793,34861.48,Shopper
919,13,5.064935064935065,2036.4707692307695,39.638461538461534,0.38461538461538464,0.23076923076923078,0.23076923076923078,0.15384615384615385,26474.120000000003,Weekend
920,75,25.862068965517242,1479.2830666666666,20.5,0.76,0.10666666666666667,0.7866666666666666,0.24,110946.23,Commuter
921,44,16.296296296296294,1169.858181818182,15.438636363636363,0.4772727272727273,0.20454545454545456,0.0,0.3409090909090909,51473.76,Shopper
922,16,5.783132530120482,2579.3575,50.0,0.125,0.0,0.0,0.4375,41269.72,Thrifty
923,40,14.634146341463415,1224.66525,16.365000000000002,0.525,0.2,0.0,0.25,48986.61,Shopper
924,18,6.666666666666666,2003.1855555555558,39.416666666666664,0.2777777777777778,0.16666666666666666,0.1111111111111111,0.16666666666666666,36057.340000000004,Weekend
925,13,4.482758620689656,2617.055384615385,53.353846153846156,0.0,0.15384615384615385,0.0,0.3076923076923077,34021.72,Thrifty
926,57,19.213483146067414,1487.8701754385966,19.19298245614035,0.7543859649122807,0.12280701754385964,0.8947368421052632,0.2807017543859649,84808.6,Commuter
927,64,22.857142857142858,1504.555625,19.6453125,0.75,0.09375,0.8125,0.28125,96291.56,Commuter
928,12,5.625,2538.3308333333334,48.708333333333336,0.16666666666666666,0.08333333333333333,0.0,0.08333333333333333,30459.97,Thrifty
929,22,7.586206896551724,1984.1404545454543,37.81363636363636,0.5,0.13636363636363635,0.13636363636363635,0.18181818181818182,43651.09,Weekend
930,78,26.896551724137932,1495.3579487179486,20.164102564102564,0.6538461538461539,0.07692307692307693,0.8076923076923077,0.24358974358974358,116637.92,Commuter
931,48,17.142857142857142,1522.593125,19.575,0.6458333333333334,0.041666666666666664,0.8333333333333334,0.2708333333333333,73084.47,Commuter
932,45,15.168539325842696,1196.525111111111,15.124444444444444,0.4888888888888889,0.06666666666666667,0.0,0.3111111111111111,53843.63,Shopper
933,43,14.333333333333334,1181.183023255814,15.025581395348837,0.5348837209302325,0.09302325581395349,0.0,0.3023255813953488,50790.87,Shopper
934,13,4.482758620689656,2618.2115384615386,49.25384615384615,0.0,0.0,0.0,0.23076923076923078,34036.75,Thrifty
935,58,20.0,1507.4444827586208,19.553448275862067,0.603448275862069,0.06896551724137931,0.8103448275862069,0.22413793103448276,87431.78,Commuter
936,61,20.795454545454547,1500.9695081967213,21.15573770491803,0.7377049180327869,0.08196721311475409,0.7704918032786885,0.2459016393442623,91559.14,Commuter
937,58,19.55056179775281,1508.8417241379311,20.110344827586207,0.7586206896551724,0.08620689655172414,0.8103448275862069,0.25862068965517243,87512.82,Commuter
938,35,12.209302325581396,1184.7622857142858,16.082857142857144,0.5142857142857142,0.14285714285714285,0.0,0.4,41466.68,Shopper
939,59,19.666666666666668,1469.4299999999998,19.879661016949154,0.6610169491525424,0.0847457627118644,0.7966101694915254,0.22033898305084745,86696.37,Commuter
940,22,7.415730337078651,2043.7949999999998,39.53636363636363,0.18181818181818182,0.09090909090909091,0.09090909090909091,0.18181818181818182,44963.49,Weekend
941,75,26.470588235294116,1489.4094666666667,20.170666666666666,0.7333333333333333,0.06666666666666667,0.7466666666666667,0.24,111705.71,Commuter
942,25,8.720930232558139,1993.1496,39.724000000000004,0.32,0.4,0.0,0.28,49828.74,Weekend
943,11,3.7078651685393256,2034.9918181818182,41.92727272727273,0.5454545454545454,0.18181818181818182,0.18181818181818182,0.18181818181818182,22384.91,Weekend
944,28,9.545454545454547,1218.422857142857,13.592857142857143,0.4642857142857143,0.14285714285714285,0.0,0.21428571428571427,34115.84,Shopper
945,58,20.232558139534884,1504.2939655172415,21.42758620689655,0.7241379310344828,0.10344827586206896,0.7758620689655172,0.20689655172413793,87249.05,Commuter
946,68,23.448275862068968,1498.2155882352943,19.933823529411764,0.7058823529411765,0.058823529411764705,0.7352941176470589,0.20588235294117646,101878.66,Commuter
947,65,22.15909090909091,1490.2944615384615,19.452307692307695,0.7384615384615385,0.046153846153846156,0.8307692307692308,0.2153846153846154,96869.14,Commuter
948,28,9.88235294117647,1196.4624999999999,14.75,0.4642857142857143,0.21428571428571427,0.0,0.25,33500.95,Shopper
949,27,10.0,1166.0544444444445,14.522222222222224,0.37037037037037035,0.14814814814814814,0.0,0.25925925925925924,31483.47,Shopper
950,14,4.883720930232558,1955.8607142857143,40.521428571428565,0.42857142857142855,0.42857142857142855,0.14285714285714285,0.14285714285714285,27382.05,Weekend
951,12,4.044943820224719,2069.4866666666667,37.69166666666667,0.3333333333333333,0.25,0.16666666666666666,0.5833333333333334,24833.84,Weekend
952,18,6.352941176470588,2041.9033333333334,37.650000000000006,0.5,0.16666666666666666,0.2222222222222222,0.3888888888888889,36754.26,Weekend
953,64,21.573033707865168,1507.75953125,19.0875,0.65625,0.046875,0.71875,0.234375,96496.61,Commuter
954,47,16.78571428571429,1219.9231914893617,15.931914893617021,0.46808510638297873,0.14893617021276595,0.0,0.2765957446808511,57336.39,Shopper
955,11,4.177215189873418,2519.6918181818182,47.0,0.09090909090909091,0.18181818181818182,0.0,0.18181818181818182,27716.61,Thrifty
956,7,2.5609756097560976,2585.3657142857146,57.65714285714286,0.0,0.0,0.0,0.42857142857142855,18097.56,Thrifty
957,14,5.0602409638554215,2560.9707142857146,50.364285714285714,0.07142857142857142,0.0,0.0,0.2857142857142857,35853.590000000004,Thrifty
958,61,20.56179775280899,1478.4795081967213,19.224590163934426,0.639344262295082,0.13114754098360656,0.7868852459016393,0.21311475409836064,90187.25,Commuter
959,68,23.448275862068968,1507.0570588235296,20.01029411764706,0.6617647058823529,0.08823529411764706,0.7794117647058824,0.29411764705882354,102479.88,Commuter
960,15,5.48780487804878,2003.494,37.84666666666667,0.4666666666666667,0.3333333333333333,0.13333333333333333,0.26666666666666666,30052.41,Weekend
961,58,19.772727272727273,1492.132931034483,19.49655172413793,0.6551724137931034,0.10344827586206896,0.8793103448275862,0.25862068965517243,86543.71,Commuter
962,22,8.148148148148147,1935.7322727272729,38.79545454545455,0.4090909090909091,0.09090909090909091,0.09090909090909091,0.13636363636363635,42586.11,Weekend
963,52,17.72727272727273,1491.3667307692308,19.526923076923076,0.6346153846153846,0.11538461538461539,0.8269230769230769,0.25,77551.07,Commuter
964,11,4.125,2566.132727272727,53.50909090909091,0.0,0.0,0.0,0.18181818181818182,28227.46,Thrifty
965,49,16.896551724137932,1510.6738775510205,19.012244897959185,0.7142857142857143,0.16326530612244897,0.7959183673469388,0.14285714285714285,74023.02,Commuter
966,17,5.930232558139535,2485.013529411765,54.07647058823529,0.058823529411764705,0.11764705882352941,0.0,0.29411764705882354,42245.23,Thrifty
967,18,6.75,2024.8733333333334,40.03888888888889,0.2777777777777778,0.2222222222222222,0.0,0.2777777777777778,36447.72,Weekend
968,67,24.51219512195122,1516.5776119402985,19.528358208955225,0.7164179104477612,0.11940298507462686,0.8059701492537313,0.23880597014925373,101610.7,Commuter
969,16,5.714285714285714,1972.30875,42.16875,0.3125,0.125,0.0625,0.3125,31556.94,Weekend
970,12,4.337349397590361,2510.6183333333333,47.51666666666667,0.08333333333333333,0.08333333333333333,0.0,0.5,30127.42,Thrifty
971,19,6.7857142857142865,1997.796842105263,42.09473684210526,0.42105263157894735,0.15789473684210525,0.10526315789473684,0.2631578947368421,37958.14,Weekend
972,38,12.808988764044944,1180.332105263158,15.36315789473684,0.631578947368421,0.13157894736842105,0.0,0.2631578947368421,44852.62,Shopper
973,17,6.538461538461538,2011.2982352941176,37.65882352941177,0.29411764705882354,0.29411764705882354,0.17647058823529413,0.17647058823529413,34192.07,Weekend
974,67,23.10344827586207,1495.9149253731343,18.991044776119406,0.7611940298507462,0.1044776119402985,0.7761194029850746,0.26865671641791045,100226.3,Commuter
975,67,22.840909090909093,1466.819104477612,19.617910447761194,0.6865671641791045,0.07462686567164178,0.7910447761194029,0.29850746268656714,98276.88,Commuter
976,71,24.767441860465116,1484.4785915492957,19.97042253521127,0.7746478873239436,0.1267605633802817,0.7323943661971831,0.39436619718309857,105397.98,Commuter
977,32,10.90909090909091,1973.8971875,39.153125,0.34375,0.28125,0.1875,0.40625,63164.71,Weekend
978,53,18.06818181818182,1537.9149056603774,20.58301886792453,0.7169811320754716,0.05660377358490566,0.7735849056603774,0.39622641509433965,81509.49,Commuter
979,13,4.936708860759493,2580.087692307692,51.51538461538462,0.0,0.07692307692307693,0.0,0.6153846153846154,33541.14,Thrifty
980,22,7.951807228915663,1997.075909090909,42.059090909090905,0.4090909090909091,0.22727272727272727,0.045454545454545456,0.4090909090909091,43935.67,Weekend
981,8,4.615384615384615,2566.0925,50.0375,0.0,0.125,0.0,0.125,20528.74,Thrifty
982,22,8.571428571428571,2034.0945454545456,40.14090909090909,0.4090909090909091,0.2727272727272727,0.0,0.4090909090909091,44750.08,Weekend
983,59,20.113636363636363,1495.393220338983,20.64915254237288,0.7796610169491526,0.1016949152542373,0.7457627118644068,0.3220338983050847,88228.2,Commuter
984,64,21.573033707865168,1489.3625,18.5140625,0.703125,0.078125,0.828125,0.28125,95319.2,Commuter
985,19,6.551724137931035,2025.2978947368422,41.22105263157895,0.3157894736842105,0.3157894736842105,0.10526315789473684,0.3157894736842105,38480.66,Weekend
986,11,4.0740740740740735,2563.7999999999997,55.709090909090904,0.09090909090909091,0.18181818181818182,0.0,0.18181818181818182,28201.8,Thrifty
987,17,6.455696202531645,2002.1052941176472,36.476470588235294,0.29411764705882354,0.23529411764705882,0.058823529411764705,0.17647058823529413,34035.79,Weekend
988,8,3.0,2451.51625,53.7625,0.0,0.25,0.0,0.125,19612.13,Thrifty
989,63,21.724137931034484,1485.136507936508,20.54126984126984,0.6984126984126984,0.06349206349206349,0.8888888888888888,0.30158730158730157,93563.6,Commuter
990,39,13.76470588235294,1192.9538461538461,17.02051282051282,0.4358974358974359,0.15384615384615385,0.0,0.2564102564102564,46525.2,Shopper
991,17,5.730337078651685,1975.805882352941,40.13529411764706,0.47058823529411764,0.058823529411764705,0.058823529411764705,0.11764705882352941,33588.7,Weekend
992,18,8.181818181818182,2049.807777777778,41.111111111111114,0.5555555555555556,0.1111111111111111,0.16666666666666666,0.2777777777777778,36896.54,Weekend
993,70,23.863636363636367,1502.0828571428572,21.658571428571427,0.7285714285714285,0.12857142857142856,0.8142857142857143,0.2571428571428571,105145.8,Commuter
994,17,5.862068965517242,1988.8082352941176,37.37647058823529,0.4117647058823529,0.29411764705882354,0.058823529411764705,0.35294117647058826,33809.74,Weekend
995,15,5.48780487804878,2395.5440000000003,54.94666666666667,0.26666666666666666,0.06666666666666667,0.0,0.5333333333333333,35933.16,Thrifty
996,74,24.666666666666668,1523.0075675675675,20.528378378378378,0.6756756756756757,0.12162162162162163,0.7567567567567568,0.22972972972972974,112702.56,Commuter
997,33,11.647058823529411,1167.2075757575758,15.596969696969698,0.5151515151515151,0.18181818181818182,0.0,0.30303030303030304,38517.85,Shopper
998,56,19.76470588235294,1515.3942857142858,20.980357142857144,0.7857142857142857,0.07142857142857142,0.8035714285714286,0.25,84862.08,Commuter
999,39,13.448275862068966,1169.1676923076923,13.746153846153847,0.6666666666666666,0.23076923076923078,0.0,0.2564102564102564,45597.54,Shopper
1000,14,5.0602409638554215,2664.3849999999998,50.42857142857143,0.07142857142857142,0.07142857142857142,0.0,0.42857142857142855,37301.39,Thrifty
1001,66,22.758620689655174,1469.3689393939394,20.293939393939397,0.803030303030303,0.16666666666666666,0.7424242424242424,0.2878787878787879,96978.35,Commuter
1002,9,3.6986301369863015,2556.871111111111,56.13333333333333,0.1111111111111111,0.2222222222222222,0.0,0.1111111111111111,23011.84,Thrifty
1003,37,13.703703703703702,1179.3394594594595,13.772972972972974,0.5405405405405406,0.24324324324324326,0.0,0.2702702702702703,43635.56,Shopper
1004,17,9.272727272727273,1966.239411764706,36.705882352941174,0.5882352941176471,0.23529411764705882,0.058823529411764705,0.35294117647058826,33426.07,Weekend
1005,36,12.134831460674157,1181.5605555555555,15.924999999999999,0.5277777777777778,0.2222222222222222,0.0,0.3611111111111111,42536.18,Shopper
1006,21,7.590361445783133,1975.9371428571428,44.34761904761905,0.42857142857142855,0.047619047619047616,0.19047619047619047,0.23809523809523808,41494.68,Weekend
1007,23,8.023255813953488,1964.6208695652174,37.55217391304348,0.43478260869565216,0.34782608695652173,0.13043478260869565,0.13043478260869565,45186.28,Weekend
1008,33,11.25,1219.5051515151515,15.627272727272729,0.48484848484848486,0.24242424242424243,0.0,0.15151515151515152,40243.67,Shopper
1009,69,24.069767441860463,1492.1647826086955,20.32608695652174,0.7246376811594203,0.057971014492753624,0.8115942028985508,0.21739130434782608,102959.37,Commuter
1010,12,4.337349397590361,2547.165,52.64166666666667,0.0,0.25,0.0,0.25,30565.98,Thrifty
1011,60,21.42857142857143,1498.319,19.43166666666667,0.65,0.08333333333333333,0.8833333333333333,0.2833333333333333,89899.14,Commuter
1012,32,13.913043478260871,1160.2225,17.190625,0.65625,0.25,0.0,0.25,37127.12,Shopper
1013,43,14.65909090909091,1226.1086046511628,15.55813953488372,0.5348837209302325,0.13953488372093023,0.0,0.27906976744186046,52722.67,Shopper
1014,64,21.81818181818182,1489.94859375,19.8015625,0.75,0.125,0.765625,0.296875,95356.71,Commuter
1015,12,5.217391304347826,1837.2575,39.94166666666667,0.5833333333333334,0.3333333333333333,0.0,0.25,22047.09,Weekend
1016,51,17.191011235955056,1179.4170588235293,14.325490196078432,0.45098039215686275,0.2549019607843137,0.0,0.23529411764705882,60150.27,Shopper
1017,54,18.40909090909091,1491.7307407407409,21.374074074074073,0.6481481481481481,0.1111111111111111,0.6851851851851852,0.3148148148148148,80553.46,Commuter
1018,22,7.764705882352941,2046.3963636363637,36.945454545454545,0.4090909090909091,0.4090909090909091,0.09090909090909091,0.2727272727272727,45020.72,Weekend
1019,53,17.666666666666668,1212.7288679245282,14.341509433962264,0.39622641509433965,0.24528301886792453,0.0,0.2830188679245283,64274.63,Shopper
1020,69,23.258426966292134,1498.1153623188404,18.344927536231882,0.6666666666666666,0.14492753623188406,0.8115942028985508,0.30434782608695654,103369.95999999999,Commuter
1021,12,4.285714285714286,2136.9783333333335,42.81666666666666,0.25,0.25,0.08333333333333333,0.3333333333333333,25643.74,Weekend
1022,57,19.213483146067414,1463.8307017543862,20.128070175438594,0.7368421052631579,0.07017543859649122,0.7894736842105263,0.2982456140350877,83438.35,Commuter
1023,37,12.758620689655173,1189.19,14.600000000000001,0.4594594594594595,0.21621621621621623,0.0,0.35135135135135137,44000.03,Shopper
1024,42,14.651162790697674,1197.652857142857,16.0,0.5952380952380952,0.11904761904761904,0.0,0.2857142857142857,50301.42,Shopper
1025,55,18.75,1175.5236363636363,14.75090909090909,0.5454545454545454,0.2,0.0,0.34545454545454546,64653.8,Shopper
1026,12,4.235294117647059,2424.2825,49.175000000000004,0.08333333333333333,0.08333333333333333,0.0,0.16666666666666666,29091.39,Thrifty
1027,47,16.022727272727273,1214.0782978723405,14.57872340425532,0.5531914893617021,0.2553191489361702,0.0,0.2978723404255319,57061.68,Shopper
1028,45,15.340909090909092,1230.1048888888888,15.857777777777779,0.4444444444444444,0.2222222222222222,0.0,0.2,55354.72,Shopper
1029,18,6.75,2492.478888888889,47.62222222222223,0.05555555555555555,0.05555555555555555,0.0,0.16666666666666666,44864.62,Thrifty
1030,37,12.758620689655173,1252.1527027027028,15.359459459459458,0.6756756756756757,0.16216216216216217,0.0,0.1891891891891892,46329.65,Shopper
1031,63,21.235955056179776,1514.7361904761906,19.3,0.6190476190476191,0.09523809523809523,0.8412698412698413,0.31746031746031744,95428.38,Commuter
1032,21,7.325581395348837,2075.5723809523806,39.77142857142857,0.42857142857142855,0.2857142857142857,0.09523809523809523,0.09523809523809523,43587.02,Weekend
1033,84,28.636363636363637,1498.1225,20.58095238095238,0.7023809523809523,0.2261904761904762,0.8214285714285714,0.38095238095238093,125842.29,Commuter
1034,78,26.590909090909093,1516.3052564102563,20.393589743589743,0.7051282051282052,0.10256410256410256,0.7692307692307693,0.3076923076923077,118271.81,Commuter
1035,70,23.333333333333332,1499.196,19.97142857142857,0.7285714285714285,0.15714285714285714,0.8,0.22857142857142856,104943.72,Commuter
1036,24,9.35064935064935,2050.7745833333333,39.612500000000004,0.375,0.25,0.0,0.20833333333333334,49218.59,Weekend
1037,13,5.27027027027027,2509.6984615384617,50.36923076923077,0.07692307692307693,0.07692307692307693,0.0,0.15384615384615385,32626.08,Thrifty
1038,19,7.037037037037036,2004.7963157894735,40.42631578947368,0.47368421052631576,0.21052631578947367,0.05263157894736842,0.2631578947368421,38091.13,Weekend
1039,70,23.863636363636367,1496.7957142857142,19.61857142857143,0.6857142857142857,0.1,0.7857142857142857,0.22857142857142856,104775.7,Commuter
1040,10,5.454545454545455,2525.3779999999997,48.45,0.0,0.0,0.0,0.3,25253.78,Thrifty
1041,11,3.7500000000000004,2523.1863636363637,51.190909090909095,0.0,0.0,0.0,0.2727272727272727,27755.05,Thrifty
1042,22,7.500000000000001,2026.840909090909,39.695454545454545,0.18181818181818182,0.36363636363636365,0.09090909090909091,0.3181818181818182,44590.5,Weekend
1043,18,6.352941176470588,2529.4127777777776,47.455555555555556,0.0,0.0,0.0,0.3888888888888889,45529.43,Thrifty
1044,17,5.930232558139535,1984.1776470588234,37.800000000000004,0.47058823529411764,0.47058823529411764,0.23529411764705882,0.35294117647058826,33731.02,Weekend
1045,39,13.146067415730336,1162.2556410256411,13.851282051282052,0.6153846153846154,0.15384615384615385,0.0,0.20512820512820512,45327.97,Shopper
1046,18,7.297297297297297,2028.581111111111,39.099999999999994,0.3888888888888889,0.3333333333333333,0.1111111111111111,0.3333333333333333,36514.46,Weekend
1047,60,20.930232558139533,1500.0366666666666,20.16,0.6,0.1,0.7833333333333333,0.3333333333333333,90002.2,Commuter
1048,61,20.56179775280899,1470.9377049180328,19.645901639344263,0.7377049180327869,0.13114754098360656,0.8360655737704918,0.29508196721311475,89727.2,Commuter
1049,32,11.03448275862069,1170.455625,15.159375,0.53125,0.34375,0.0,0.40625,37454.58,Shopper
1050,68,23.448275862068968,1537.3799999999999,19.745588235294118,0.6764705882352942,0.07352941176470588,0.7794117647058824,0.2647058823529412,104541.84,Commuter
1051,39,13.448275862068966,1201.5800000000002,14.84102564102564,0.48717948717948717,0.1794871794871795,0.0,0.1794871794871795,46861.62,Shopper
1052,10,4.838709677419354,2452.77,54.42,0.0,0.0,0.0,0.2,24527.7,Thrifty
1053,43,14.494382022471909,1224.1000000000001,15.534883720930232,0.46511627906976744,0.23255813953488372,0.0,0.23255813953488372,52636.3,Shopper
1054,17,7.727272727272727,1882.4835294117647,37.84705882352941,0.4117647058823529,0.17647058823529413,0.058823529411764705,0.35294117647058826,32002.22,Weekend
1055,30,10.227272727272728,1199.642,14.293333333333333,0.43333333333333335,0.16666666666666666,0.0,0.16666666666666666,35989.26,Shopper
1056,13,5.131578947368421,2475.4823076923076,48.93076923076923,0.0,0.0,0.0,0.3076923076923077,32181.27,Thrifty
1057,15,7.894736842105264,2077.648,39.580000000000005,0.6,0.26666666666666666,0.13333333333333333,0.2,31164.72,Weekend
1058,10,5.769230769230769,2540.35,48.39,0.0,0.0,0.0,0.3,25403.5,Thrifty
1059,9,5.625,2501.6499999999996,53.05555555555556,0.0,0.0,0.0,0.1111111111111111,22514.85,Thrifty
1060,15,6.338028169014084,1987.5800000000002,37.85333333333333,0.4666666666666667,0.26666666666666666,0.26666666666666666,0.13333333333333333,29813.7,Weekend
1061,40,13.636363636363637,1183.357,15.9325,0.5,0.15,0.0,0.275,47334.28,Shopper
1062,38,13.734939759036145,1222.3444736842105,15.652631578947368,0.5,0.18421052631578946,0.0,0.2631578947368421,46449.09,Shopper
1063,19,6.867469879518072,1933.617894736842,39.59473684210526,0.47368421052631576,0.3157894736842105,0.05263157894736842,0.3157894736842105,36738.74,Weekend
1064,16,6.233766233766233,2585.23875,44.625,0.0,0.125,0.0,0.375,41363.82,Thrifty
1065,10,3.6144578313253013,2389.0209999999997,47.86,0.0,0.1,0.0,0.2,23890.21,Thrifty
1066,10,3.7037037037037033,1984.73,41.739999999999995,0.2,0.2,0.1,0.4,19847.3,Weekend
1067,76,26.20689655172414,1508.1344736842104,20.628947368421052,0.7763157894736842,0.09210526315789473,0.9473684210526315,0.2894736842105263,114618.22,Commuter
1068,61,22.59259259259259,1474.1436065573769,18.881967213114752,0.7049180327868853,0.08196721311475409,0.7868852459016393,0.3114754098360656,89922.76,Commuter
1069,10,4.285714285714286,2516.184,49.19,0.0,0.0,0.0,0.4,25161.84,Thrifty
1070,70,23.595505617977526,1495.922142857143,19.61,0.6857142857142857,0.18571428571428572,0.7714285714285715,0.38571428571428573,104714.55,Commuter
1071,60,21.686746987951807,1509.9955,20.53166666666667,0.6833333333333333,0.08333333333333333,0.8666666666666667,0.31666666666666665,90599.73,Commuter
1072,76,25.90909090909091,1500.358947368421,20.849999999999998,0.7236842105263158,0.13157894736842105,0.7631578947368421,0.15789473684210525,114027.28,Commuter
1073,62,21.136363636363637,1516.0904838709678,18.956451612903226,0.6612903225806451,0.0967741935483871,0.8225806451612904,0.24193548387096775,93997.61,Commuter
1074,77,26.551724137931036,1516.9607792207792,19.392207792207792,0.7662337662337663,0.07792207792207792,0.8311688311688312,0.23376623376623376,116805.98,Commuter
1075,46,16.829268292682926,1206.731956521739,13.708695652173914,0.45652173913043476,0.1956521739130435,0.0,0.2608695652173913,55509.67,Shopper
1076,9,3.75,2509.2922222222223,52.02222222222222,0.0,0.2222222222222222,0.0,0.4444444444444444,22583.63,Thrifty
1077,8,3.2876712328767126,2518.30875,55.5625,0.0,0.125,0.0,0.125,20146.47,Thrifty
1078,21,7.411764705882352,2031.5666666666668,38.82857142857143,0.19047619047619047,0.2857142857142857,0.19047619047619047,0.14285714285714285,42662.9,Weekend
1079,72,24.0,1518.6356944444444,19.768055555555556,0.7361111111111112,0.1527777777777778,0.7916666666666666,0.25,109341.77,Commuter
1080,45,15.340909090909092,1231.86,14.908888888888889,0.4444444444444444,0.2,0.0,0.26666666666666666,55433.7,Shopper
1081,17,6.144578313253012,2024.1523529411763,35.817647058823525,0.4117647058823529,0.23529411764705882,0.23529411764705882,0.23529411764705882,34410.59,Weekend
1082,67,23.10344827586207,1476.379104477612,20.64179104477612,0.6567164179104478,0.07462686567164178,0.8059701492537313,0.31343283582089554,98917.4,Commuter
1083,7,2.5,2472.2442857142855,48.34285714285714,0.0,0.0,0.0,0.5714285714285714,17305.71,Thrifty
1084,40,13.333333333333334,1211.24825,15.375,0.575,0.125,0.0,0.25,48449.93,Shopper
1085,41,14.13793103448276,1224.2436585365854,16.11219512195122,0.4878048780487805,0.14634146341463414,0.0,0.21951219512195122,50193.99,Shopper
1086,15,5.625,2391.8433333333332,52.25333333333333,0.06666666666666667,0.06666666666666667,0.0,0.3333333333333333,35877.65,Thrifty
1087,17,6.455696202531645,2040.3276470588235,39.258823529411764,0.29411764705882354,0.23529411764705882,0.0,0.4117647058823529,34685.57,Weekend
1088,59,19.8876404494382,1504.0533898305084,19.39152542372881,0.7457627118644068,0.13559322033898305,0.7288135593220338,0.3220338983050847,88739.15,Commuter
1089,42,14.157303370786517,1198.8814285714284,14.747619047619047,0.4523809523809524,0.21428571428571427,0.0,0.3333333333333333,50353.02,Shopper
1090,69,23.522727272727273,1489.8484057971013,18.997101449275362,0.6811594202898551,0.10144927536231885,0.8840579710144928,0.2608695652173913,102799.54,Commuter
1091,46,16.046511627906977,1165.3810869565218,13.615217391304347,0.5217391304347826,0.2826086956521739,0.0,0.21739130434782608,53607.53,Shopper
1092,21,7.411764705882352,1970.6309523809523,41.147619047619045,0.2857142857142857,0.23809523809523808,0.047619047619047616,0.14285714285714285,41383.25,Weekend
1093,17,6.710526315789474,1966.2535294117645,38.2764705882353,0.5294117647058824,0.23529411764705882,0.11764705882352941,0.35294117647058826,33426.31,Weekend
1094,13,4.4318181818181825,2509.603846153846,54.24615384615385,0.07692307692307693,0.0,0.0,0.46153846153846156,32624.85,Thrifty
1095,61,21.27906976744186,1518.7567213114755,19.557377049180328,0.7377049180327869,0.04918032786885246,0.8360655737704918,0.32786885245901637,92644.16,Commuter
1096,58,20.0,1516.513620689655,19.579310344827583,0.6896551724137931,0.08620689655172414,0.7241379310344828,0.3103448275862069,87957.79,Commuter
1097,65,22.674418604651162,1499.0780000000002,19.076923076923077,0.7076923076923077,0.1076923076923077,0.8,0.23076923076923078,97440.07,Commuter
1098,66,22.758620689655174,1534.7234848484848,20.80606060606061,0.6666666666666666,0.10606060606060606,0.7575757575757576,0.3181818181818182,101291.75,Commuter
1099,14,5.0,1999.1242857142856,37.99285714285714,0.42857142857142855,0.42857142857142855,0.21428571428571427,0.42857142857142855,27987.739999999998,Weekend
1100,12,4.444444444444444,2569.1091666666666,57.80833333333334,0.0,0.0,0.0,0.25,30829.31,Thrifty
1101,69,23.258426966292134,1490.9540579710144,20.191304347826087,0.6666666666666666,0.14492753623188406,0.9130434782608695,0.30434782608695654,102875.83,Commuter
1102,42,14.0,1206.6440476190478,16.04047619047619,0.5,0.23809523809523808,0.0,0.19047619047619047,50679.05,Shopper
1103,40,13.333333333333334,1202.13375,15.842500000000001,0.6,0.275,0.0,0.25,48085.35,Shopper
1104,39,14.444444444444443,1205.7658974358976,14.102564102564102,0.46153846153846156,0.1794871794871795,0.0,0.15384615384615385,47024.87,Shopper
1105,48,17.142857142857142,1223.9866666666667,14.154166666666667,0.4583333333333333,0.25,0.0,0.20833333333333334,58751.36,Shopper
1106,62,21.627906976744185,1532.5077419354839,19.811290322580643,0.7419354838709677,0.04838709677419355,0.8870967741935484,0.27419354838709675,95015.48,Commuter
1107,27,10.125,2467.7362962962966,49.837037037037035,0.07407407407407407,0.037037037037037035,0.0,0.3333333333333333,66628.88,Thrifty
1108,12,5.538461538461539,2021.1033333333332,42.641666666666666,0.3333333333333333,0.08333333333333333,0.3333333333333333,0.3333333333333333,24253.239999999998,Weekend
1109,24,8.470588235294118,2020.6858333333332,37.012499999999996,0.375,0.25,0.125,0.3333333333333333,48496.46,Weekend
1110,52,18.13953488372093,1527.2817307692308,20.696153846153848,0.8076923076923077,0.09615384615384616,0.7884615384615384,0.38461538461538464,79418.65,Commuter
1111,42,14.482758620689655,1193.570238095238,16.23333333333333,0.4523809523809524,0.14285714285714285,0.0,0.2857142857142857,50129.95,Shopper
1112,60,22.22222222222222,1513.5768333333333,19.92,0.65,0.11666666666666667,0.8166666666666667,0.21666666666666667,90814.61,Commuter
1113,56,20.74074074074074,1500.9735714285714,20.532142857142855,0.75,0.05357142857142857,0.7142857142857143,0.26785714285714285,84054.52,Commuter
1114,9,4.029850746268656,2542.961111111111,50.32222222222222,0.1111111111111111,0.0,0.0,0.3333333333333333,22886.65,Thrifty
1115,22,7.500000000000001,1930.7036363636364,39.845454545454544,0.45454545454545453,0.36363636363636365,0.13636363636363635,0.3181818181818182,42475.48,Weekend
1116,30,10.344827586206897,1986.391,37.309999999999995,0.5,0.16666666666666666,0.06666666666666667,0.5,59591.73,Weekend
1117,69,23.79310344827586,1482.2955072463767,20.0231884057971,0.7391304347826086,0.13043478260869565,0.7681159420289855,0.30434782608695654,102278.39,Commuter
1118,52,17.931034482758623,1191.623653846154,15.13846153846154,0.5384615384615384,0.19230769230769232,0.0,0.28846153846153844,61964.43,Shopper
1119,69,23.522727272727273,1524.7421739130436,19.782608695652176,0.6956521739130435,0.13043478260869565,0.8405797101449275,0.2028985507246377,105207.21,Commuter
1120,72,24.82758620689655,1503.8919444444446,19.665277777777778,0.6805555555555556,0.06944444444444445,0.8888888888888888,0.3055555555555556,108280.22,Commuter
1121,50,17.24137931034483,1192.5864,14.69,0.38,0.26,0.0,0.18,59629.32,Shopper
1122,39,13.604651162790697,1212.9217948717949,13.846153846153847,0.5128205128205128,0.1794871794871795,0.0,0.2564102564102564,47303.95,Shopper
1123,43,14.827586206896552,1210.7890697674418,16.476744186046513,0.4418604651162791,0.23255813953488372,0.0,0.2558139534883721,52063.93,Shopper
1124,40,14.814814814814813,1197.7185,14.9275,0.475,0.15,0.0,0.275,47908.74,Shopper
1125,13,6.19047619047619,2013.9107692307693,38.45384615384615,0.3076923076923077,0.23076923076923078,0.0,0.3076923076923077,26180.84,Weekend
1126,25,10.416666666666668,1963.194,41.7,0.6,0.2,0.12,0.4,49079.85,Weekend
1127,63,21.235955056179776,1565.7703174603175,19.969841269841268,0.7142857142857143,0.06349206349206349,0.7777777777777778,0.30158730158730157,98643.53,Commuter
1128,13,4.482758620689656,2525.313076923077,47.01538461538462,0.15384615384615385,0.0,0.0,0.07692307692307693,32829.07,Thrifty
1129,10,3.5294117647058822,2381.862,54.23,0.0,0.0,0.0,0.3,23818.62,Thrifty
1130,67,22.840909090909093,1519.2380597014926,19.443283582089553,0.7910447761194029,0.22388059701492538,0.835820895522388,0.19402985074626866,101788.95,Commuter
1131,17,6.455696202531645,1951.2664705882353,36.88235294117647,0.29411764705882354,0.23529411764705882,0.058823529411764705,0.23529411764705882,33171.53,Weekend
1132,10,3.4482758620689657,2438.281,48.489999999999995,0.1,0.1,0.0,0.3,24382.81,Thrifty
1133,78,26.29213483146067,1462.008076923077,20.8,0.782051282051282,0.10256410256410256,0.8205128205128205,0.28205128205128205,114036.63,Commuter
1134,60,20.454545454545457,1517.6173333333331,20.723333333333336,0.6166666666666667,0.11666666666666667,0.8666666666666667,0.18333333333333332,91057.04,Commuter
1135,29,10.357142857142858,2022.6775862068966,40.13793103448276,0.4482758620689655,0.13793103448275862,0.1724137931034483,0.10344827586206896,58657.65,Weekend
1136,72,24.82758620689655,1479.6516666666666,19.679166666666667,0.6388888888888888,0.08333333333333333,0.7777777777777778,0.3194444444444444,106534.92,Commuter
1137,37,12.758620689655173,1148.7659459459458,16.08108108108108,0.5405405405405406,0.1891891891891892,0.0,0.35135135135135137,42504.34,Shopper
1138,13,4.875,2618.75,49.715384615384615,0.0,0.15384615384615385,0.0,0.46153846153846156,34043.75,Thrifty
1139,11,3.9759036144578315,2507.7018181818185,53.35454545454545,0.18181818181818182,0.0,0.0,0.18181818181818182,27584.72,Thrifty
1140,21,7.078651685393258,2069.6509523809523,42.53809523809524,0.3333333333333333,0.19047619047619047,0.047619047619047616,0.2857142857142857,43462.67,Weekend
1141,44,15.000000000000002,1245.8836363636362,15.411363636363637,0.4772727272727273,0.22727272727272727,0.0,0.38636363636363635,54818.88,Shopper
1142,12,4.285714285714286,2485.9191666666666,48.550000000000004,0.0,0.08333333333333333,0.0,0.16666666666666666,29831.03,Thrifty
1143,21,10.161290322580644,1978.8780952380953,39.40952380952381,0.2857142857142857,0.38095238095238093,0.047619047619047616,0.5714285714285714,41556.44,Weekend
1144,15,5.421686746987952,1960.6,37.233333333333334,0.4,0.13333333333333333,0.2,0.4,29409.0,Weekend
1145,60,20.0,1507.8968333333332,20.290000000000003,0.75,0.06666666666666667,0.8,0.36666666666666664,90473.81,Commuter
1146,45,15.517241379310345,1196.9488888888889,14.96,0.4888888888888889,0.08888888888888889,0.0,0.35555555555555557,53862.7,Shopper
1147,19,6.7857142857142865,2031.282105263158,40.54736842105263,0.3157894736842105,0.15789473684210525,0.10526315789473684,0.21052631578947367,38594.36,Weekend
1148,20,7.5,1962.9455000000003,40.085,0.6,0.45,0.05,0.1,39258.91,Weekend
1149,37,12.613636363636365,1153.7894594594595,15.794594594594594,0.4864864864864865,0.24324324324324326,0.0,0.1891891891891892,42690.21,Shopper
1150,42,14.318181818181818,1228.9309523809522,14.680952380952382,0.40476190476190477,0.23809523809523808,0.0,0.16666666666666666,51615.1,Shopper
1151,16,6.153846153846153,1984.888125,41.7,0.625,0.1875,0.1875,0.3125,31758.21,Weekend
1152,36,12.857142857142858,1190.1661111111111,16.302777777777777,0.6944444444444444,0.25,0.0,0.4166666666666667,42845.98,Shopper
1153,18,6.27906976744186,2052.145,39.150000000000006,0.2777777777777778,0.1111111111111111,0.16666666666666666,0.3333333333333333,36938.61,Weekend
1154,21,7.875,2033.4619047619046,38.40952380952381,0.5238095238095238,0.09523809523809523,0.19047619047619047,0.38095238095238093,42702.7,Weekend
1155,14,5.0602409638554215,1979.3400000000001,42.464285714285715,0.35714285714285715,0.2857142857142857,0.07142857142857142,0.35714285714285715,27710.760000000002,Weekend
1156,11,4.024390243902439,2045.9818181818182,39.72727272727273,0.18181818181818182,0.36363636363636365,0.18181818181818182,0.36363636363636365,22505.8,Weekend
1157,67,23.10344827586207,1503.9322388059702,19.592537313432835,0.7014925373134329,0.13432835820895522,0.7761194029850746,0.208955223880597,100763.46,Commuter
1158,40,14.285714285714286,1187.6567499999999,15.9275,0.575,0.275,0.0,0.275,47506.27,Shopper
1159,45,15.340909090909092,1207.826,14.433333333333334,0.5333333333333333,0.2,0.0,0.4,54352.17,Shopper
1160,62,20.89887640449438,1513.8077419354838,20.06935483870968,0.6612903225806451,0.16129032258064516,0.8064516129032258,0.24193548387096775,93856.08,Commuter
1161,50,17.045454545454547,1221.5346,14.384,0.48,0.16,0.0,0.18,61076.729999999996,Shopper
1162,58,21.21951219512195,1509.7379310344827,19.429310344827588,0.6551724137931034,0.1724137931034483,0.8275862068965517,0.25862068965517243,87564.8,Commuter
1163,18,6.352941176470588,2452.1116666666667,49.02222222222222,0.1111111111111111,0.05555555555555555,0.0,0.2222222222222222,44138.01,Thrifty
1164,16,10.212765957446809,1942.958125,38.43125,0.3125,0.25,0.0,0.25,31087.33,Weekend
1165,64,22.06896551724138,1507.490625,18.95625,0.609375,0.0625,0.84375,0.265625,96479.4,Commuter
1166,33,11.25,1179.597575757576,14.703030303030303,0.6666666666666666,0.15151515151515152,0.0,0.3333333333333333,38926.72,Shopper
1167,43,15.0,1213.4246511627907,15.509302325581395,0.4883720930232558,0.16279069767441862,0.0,0.27906976744186046,52177.26,Shopper
1168,9,3.13953488372093,2477.718888888889,50.01111111111111,0.0,0.0,0.0,0.4444444444444444,22299.47,Thrifty
1169,60,20.454545454545457,1470.0741666666665,19.636666666666667,0.7333333333333333,0.1,0.6833333333333333,0.26666666666666666,88204.45,Commuter
1170,56,18.666666666666668,1534.3469642857142,20.146428571428572,0.75,0.10714285714285714,0.7321428571428571,0.32142857142857145,85923.43,Commuter
1171,23,7.840909090909092,1948.6839130434785,42.917391304347824,0.5217391304347826,0.2608695652173913,0.21739130434782608,0.17391304347826086,44819.73,Weekend
1172,45,15.340909090909092,1216.8146666666667,15.406666666666666,0.4888888888888889,0.17777777777777778,0.0,0.24444444444444444,54756.66,Shopper
1173,19,6.867469879518072,2029.1678947368423,42.28421052631579,0.631578947368421,0.15789473684210525,0.0,0.3684210526315789,38554.19,Weekend
1174,64,21.573033707865168,1526.2390625,20.259375,0.6875,0.046875,0.734375,0.234375,97679.3,Commuter
1175,18,6.666666666666666,2003.7694444444444,39.91111111111111,0.4444444444444444,0.2777777777777778,0.1111111111111111,0.5,36067.85,Weekend
1176,11,3.793103448275862,2482.1127272727276,52.61818181818182,0.0,0.0,0.0,0.09090909090909091,27303.24,Thrifty
1177,27,9.878048780487804,2074.1425925925923,41.36296296296296,0.37037037037037035,0.25925925925925924,0.1111111111111111,0.2222222222222222,56001.85,Weekend
1178,57,19.655172413793103,1486.5777192982455,19.770175438596493,0.6491228070175439,0.12280701754385964,0.8596491228070176,0.3333333333333333,84734.93,Commuter
1179,18,6.75,1999.9388888888889,40.833333333333336,0.4444444444444444,0.2777777777777778,0.05555555555555555,0.2777777777777778,35998.9,Weekend
1180,12,4.675324675324675,2414.7208333333333,48.88333333333333,0.0,0.08333333333333333,0.0,0.08333333333333333,28976.65,Thrifty
1181,41,14.13793103448276,1216.2531707317073,15.01951219512195,0.5609756097560976,0.2926829268292683,0.0,0.24390243902439024,49866.38,Shopper
1182,14,5.454545454545454,2456.8185714285714,50.285714285714285,0.0,0.0,0.0,0.42857142857142855,34395.46,Thrifty
1183,19,8.382352941176471,1986.7578947368422,41.805263157894736,0.3684210526315789,0.21052631578947367,0.0,0.21052631578947367,37748.4,Weekend
1184,47,16.022727272727273,1193.9336170212766,14.28936170212766,0.5319148936170213,0.10638297872340426,0.0,0.2553191489361702,56114.88,Shopper
1185,71,24.204545454545457,1509.0469014084508,20.214084507042255,0.704225352112676,0.09859154929577464,0.8309859154929577,0.2676056338028169,107142.33,Commuter
1186,49,16.333333333333332,1227.377755102041,14.995918367346938,0.4489795918367347,0.20408163265306123,0.0,0.2653061224489796,60141.51,Shopper
1187,23,9.078947368421053,1937.91,43.03478260869565,0.34782608695652173,0.17391304347826086,0.13043478260869565,0.21739130434782608,44571.93,Weekend
1188,54,18.620689655172413,1472.860925925926,20.642592592592592,0.7592592592592593,0.07407407407407407,0.7037037037037037,0.16666666666666666,79534.49,Commuter
1189,11,3.8372093023255816,2454.5745454545454,49.42727272727273,0.09090909090909091,0.09090909090909091,0.0,0.18181818181818182,27000.32,Thrifty
1190,22,8.25,1980.5,38.25,0.45454545454545453,0.22727272727272727,0.09090909090909091,0.36363636363636365,43571.0,Weekend
1191,57,19.213483146067414,1474.7622807017544,20.045614035087716,0.7719298245614035,0.07017543859649122,0.7894736842105263,0.19298245614035087,84061.45,Commuter
1192,20,6.666666666666667,2012.1290000000001,39.915,0.35,0.3,0.1,0.2,40242.58,Weekend
1193,15,5.48780487804878,2522.674,56.16,0.06666666666666667,0.0,0.0,0.13333333333333333,37840.11,Thrifty
1194,26,9.069767441860465,1928.3342307692308,40.388461538461534,0.34615384615384615,0.38461538461538464,0.19230769230769232,0.23076923076923078,50136.69,Weekend
1195,51,17.191011235955056,1477.075294117647,18.45098039215686,0.7058823529411765,0.0392156862745098,0.8627450980392157,0.13725490196078433,75330.84,Commuter
1196,59,20.58139534883721,1214.3498305084745,14.972881355932204,0.5423728813559322,0.2711864406779661,0.0,0.3728813559322034,71646.64,Shopper
1197,40,14.457831325301205,1221.471,14.022499999999999,0.475,0.175,0.0,0.325,48858.84,Shopper
1198,43,15.542168674698795,1199.8211627906976,14.597674418604653,0.46511627906976744,0.11627906976744186,0.0,0.2558139534883721,51592.31,Shopper
1199,13,4.482758620689656,1927.0969230769228,43.23846153846154,0.38461538461538464,0.15384615384615385,0.15384615384615385,0.23076923076923078,25052.26,Weekend
1200,71,24.767441860465116,1465.9357746478875,19.58169014084507,0.7183098591549296,0.15492957746478872,0.8028169014084507,0.19718309859154928,104081.44,Commuter
1201,7,2.763157894736842,1950.2385714285715,34.042857142857144,0.5714285714285714,0.14285714285714285,0.0,0.42857142857142855,13651.67,Weekend
1202,63,21.0,1490.1504761904762,20.082539682539682,0.746031746031746,0.14285714285714285,0.8571428571428571,0.23809523809523808,93879.48,Commuter
1203,64,21.573033707865168,1537.15328125,19.5078125,0.703125,0.09375,0.78125,0.234375,98377.81,Commuter
1204,11,8.91891891891892,2581.7645454545454,53.054545454545455,0.0,0.18181818181818182,0.0,0.09090909090909091,28399.41,Thrifty
1205,12,4.556962025316456,2526.3741666666665,50.208333333333336,0.0,0.0,0.0,0.16666666666666666,30316.489999999998,Thrifty
1206,18,7.5,1951.378333333333,39.71666666666667,0.3333333333333333,0.1111111111111111,0.1111111111111111,0.16666666666666666,35124.81,Weekend
1207,23,7.931034482758621,1956.7408695652175,40.44782608695652,0.43478260869565216,0.13043478260869565,0.08695652173913043,0.30434782608695654,45005.04,Weekend
1208,13,4.814814814814815,2436.876153846154,47.892307692307696,0.0,0.0,0.0,0.5384615384615384,31679.39,Thrifty
1209,66,22.247191011235955,1538.3563636363638,20.615151515151513,0.7272727272727273,0.12121212121212122,0.7272727272727273,0.21212121212121213,101531.52,Commuter
1210,31,11.204819277108435,1187.6745161290323,16.27741935483871,0.45161290322580644,0.25806451612903225,0.0,0.25806451612903225,36817.91,Shopper
1211,11,5.5,2364.0145454545454,42.06363636363636,0.18181818181818182,0.09090909090909091,0.0,0.18181818181818182,26004.16,Thrifty
1212,7,2.6582278481012658,2611.6157142857146,54.614285714285714,0.14285714285714285,0.0,0.0,0.42857142857142855,18281.31,Thrifty
1213,72,24.269662921348313,1503.212638888889,20.57638888888889,0.5972222222222222,0.125,0.8472222222222222,0.2777777777777778,108231.31,Commuter
1214,16,5.714285714285714,1970.055,37.3375,0.25,0.1875,0.1875,0.1875,31520.88,Weekend
1215,22,7.951807228915663,2025.584090909091,43.95909090909091,0.3181818181818182,0.2727272727272727,0.13636363636363635,0.36363636363636365,44562.85,Weekend
1216,58,19.55056179775281,1475.843448275862,19.593103448275862,0.6896551724137931,0.10344827586206896,0.896551724137931,0.39655172413793105,85598.92,Commuter
1217,76,26.511627906976745,1481.090394736842,20.313157894736843,0.6578947368421053,0.15789473684210525,0.8421052631578947,0.2631578947368421,112562.87,Commuter
1218,19,7.037037037037036,1994.9415789473685,40.189473684210526,0.5263157894736842,0.15789473684210525,0.05263157894736842,0.3684210526315789,37903.89,Weekend
1219,19,6.627906976744186,2084.7526315789473,41.46315789473684,0.42105263157894735,0.21052631578947367,0.21052631578947367,0.21052631578947367,39610.3,Weekend
1220,61,20.795454545454547,1503.4973770491802,20.47049180327869,0.6065573770491803,0.08196721311475409,0.8524590163934426,0.18032786885245902,91713.34,Commuter
1221,26,8.863636363636365,1189.79,15.523076923076925,0.6153846153846154,0.07692307692307693,0.0,0.38461538461538464,30934.54,Shopper
1222,69,23.258426966292134,1527.29768115942,21.157971014492755,0.7101449275362319,0.07246376811594203,0.8695652173913043,0.30434782608695654,105383.54,Commuter
1223,9,3.506493506493506,2566.0266666666666,43.24444444444444,0.0,0.0,0.0,0.3333333333333333,23094.239999999998,Thrifty
1224,43,14.494382022471909,1199.8846511627908,14.432558139534883,0.4883720930232558,0.23255813953488372,0.0,0.23255813953488372,51595.04,Shopper
1225,8,3.037974683544304,2438.88,51.3375,0.125,0.0,0.0,0.375,19511.04,Thrifty
1226,20,6.741573033707865,2023.6884999999997,39.955,0.6,0.35,0.25,0.25,40473.77,Weekend
1227,8,4.363636363636364,2408.045,51.2625,0.125,0.0,0.0,0.25,19264.36,Thrifty
1228,75,25.56818181818182,1480.8404,20.584,0.68,0.08,0.84,0.17333333333333334,111063.03,Commuter
1229,34,11.46067415730337,1215.0573529411763,14.120588235294118,0.5294117647058824,0.08823529411764706,0.0,0.23529411764705882,41311.95,Shopper
1230,17,7.183098591549296,2493.510588235294,49.15294117647059,0.058823529411764705,0.058823529411764705,0.0,0.35294117647058826,42389.68,Thrifty
1231,31,10.813953488372093,1211.2703225806451,14.538709677419355,0.5483870967741935,0.1935483870967742,0.0,0.3870967741935484,37549.38,Shopper
1232,55,18.333333333333332,1498.7907272727273,20.305454545454545,0.6727272727272727,0.18181818181818182,0.8,0.4,82433.49,Commuter
1233,59,20.344827586206897,1524.0266101694917,20.70677966101695,0.6949152542372882,0.11864406779661017,0.8135593220338984,0.3220338983050847,89917.57,Commuter
1234,69,23.522727272727273,1515.0308695652175,18.74927536231884,0.782608695652174,0.10144927536231885,0.7971014492753623,0.2753623188405797,104537.13,Commuter
1235,19,6.551724137931035,1950.6031578947368,39.91052631578947,0.2631578947368421,0.2631578947368421,0.15789473684210525,0.3157894736842105,37061.46,Weekend
1236,16,6.233766233766233,2444.075625,49.3,0.125,0.125,0.0,0.25,39105.21,Thrifty
1237,35,11.797752808988763,1160.732,16.060000000000002,0.4857142857142857,0.14285714285714285,0.0,0.34285714285714286,40625.62,Shopper
1238,9,3.506493506493506,2655.625555555556,50.02222222222222,0.0,0.0,0.0,0.3333333333333333,23900.63,Thrifty
1239,48,17.349397590361445,1187.251875,13.80625,0.5416666666666666,0.16666666666666666,0.0,0.3125,56988.09,Shopper
1240,53,18.27586206896552,1496.9307547169813,19.639622641509437,0.7735849056603774,0.1320754716981132,0.7924528301886793,0.20754716981132076,79337.33,Commuter
1241,41,14.30232558139535,1205.4480487804879,15.541463414634148,0.6341463414634146,0.1951219512195122,0.0,0.2682926829268293,49423.37,Shopper
1242,14,5.121951219512195,2059.575,41.81428571428571,0.5,0.0,0.14285714285714285,0.42857142857142855,28834.05,Weekend
1243,19,6.705882352941176,1952.4747368421056,38.93684210526315,0.42105263157894735,0.15789473684210525,0.05263157894736842,0.3684210526315789,37097.020000000004,Weekend
1244,30,10.112359550561797,1165.6023333333333,13.553333333333335,0.5333333333333333,0.2,0.0,0.4,34968.07,Shopper
1245,19,7.037037037037036,2046.0884210526317,40.97894736842105,0.5789473684210527,0.42105263157894735,0.21052631578947367,0.2631578947368421,38875.68,Weekend
1246,13,5.131578947368421,1975.1253846153845,43.4076923076923,0.23076923076923078,0.15384615384615385,0.07692307692307693,0.23076923076923078,25676.629999999997,Weekend
1247,51,18.0,1531.8847058823528,20.027450980392157,0.5490196078431373,0.0784313725490196,0.7843137254901961,0.3137254901960784,78126.12,Commuter
1248,61,20.333333333333332,1501.0216393442622,21.56065573770492,0.7213114754098361,0.08196721311475409,0.7704918032786885,0.3442622950819672,91562.31999999999,Commuter
1249,35,11.931818181818183,1184.3002857142858,14.64857142857143,0.42857142857142855,0.2857142857142857,0.0,0.37142857142857144,41450.51,Shopper
1250,18,7.2,2034.9144444444444,42.75555555555556,0.5,0.16666666666666666,0.0,0.2222222222222222,36628.46,Weekend
1251,24,8.571428571428571,2037.0954166666668,40.074999999999996,0.375,0.2916666666666667,0.125,0.125,48890.29,Weekend
1252,10,3.8961038961038956,2559.127,48.46,0.0,0.0,0.0,0.5,25591.27,Thrifty
1253,39,13.0,1495.5615384615385,20.105128205128207,0.6410256410256411,0.1794871794871795,0.7692307692307693,0.41025641025641024,58326.9,Commuter
1254,54,19.058823529411764,1496.3803703703702,19.71666666666667,0.8333333333333334,0.05555555555555555,0.7592592592592593,0.37037037037037035,80804.54,Commuter
1255,24,10.140845070422536,2026.5225,38.80833333333333,0.125,0.16666666666666666,0.041666666666666664,0.20833333333333334,48636.54,Weekend
1256,10,3.947368421052632,2558.5440000000003,48.92,0.2,0.0,0.0,0.5,25585.440000000002,Thrifty
1257,59,19.666666666666668,1474.670338983051,20.51186440677966,0.711864406779661,0.05084745762711865,0.7796610169491526,0.423728813559322,87005.55,Commuter
1258,15,5.421686746987952,2498.7206666666666,47.580000000000005,0.0,0.06666666666666667,0.0,0.2,37480.81,Thrifty
1259,82,27.954545454545457,1501.703780487805,20.66829268292683,0.6951219512195121,0.10975609756097561,0.7682926829268293,0.3048780487804878,123139.71,Commuter
1260,25,8.928571428571429,2080.03,39.06,0.32,0.44,0.04,0.32,52000.75,Weekend
1261,93,31.34831460674157,1496.8577419354838,19.991397849462366,0.7311827956989247,0.0967741935483871,0.8064516129032258,0.3225806451612903,139207.77,Commuter
1262,19,7.5,1991.3831578947368,37.05263157894737,0.47368421052631576,0.10526315789473684,0.10526315789473684,0.15789473684210525,37836.28,Weekend
1263,22,7.500000000000001,2552.9313636363636,49.722727272727276,0.09090909090909091,0.045454545454545456,0.0,0.22727272727272727,56164.49,Thrifty
1264,16,5.454545454545455,2450.03125,48.2875,0.0,0.0,0.0,0.3125,39200.5,Thrifty
1265,62,20.89887640449438,1522.6916129032259,20.830645161290324,0.7096774193548387,0.04838709677419355,0.7903225806451613,0.27419354838709675,94406.88,Commuter
1266,71,23.666666666666668,1471.8547887323944,19.998591549295774,0.676056338028169,0.11267605633802817,0.7887323943661971,0.30985915492957744,104501.69,Commuter
1267,20,7.142857142857143,2430.87,49.3,0.15,0.15,0.0,0.25,48617.4,Thrifty
1268,5,3.260869565217391,2452.6220000000003,53.160000000000004,0.0,0.0,0.0,0.2,12263.11,Thrifty
1269,24,9.473684210526317,1990.8770833333335,37.86666666666667,0.3333333333333333,0.25,0.125,0.3333333333333333,47781.05,Weekend
1270,80,26.666666666666668,1498.932125,19.37125,0.675,0.0875,0.825,0.25,119914.57,Commuter
1271,22,7.764705882352941,1993.8377272727273,37.73636363636364,0.4090909090909091,0.18181818181818182,0.18181818181818182,0.22727272727272727,43864.43,Weekend
1272,34,12.75,1228.9926470588234,15.988235294117647,0.38235294117647056,0.17647058823529413,0.0,0.2647058823529412,41785.75,Shopper
1273,18,6.352941176470588,2046.9222222222222,39.705555555555556,0.5555555555555556,0.16666666666666666,0.16666666666666666,0.2222222222222222,36844.6,Weekend
1274,44,15.172413793103448,1516.1097727272727,19.69090909090909,0.6363636363636364,0.09090909090909091,0.8636363636363636,0.38636363636363635,66708.83,Commuter
1275,9,3.0681818181818183,2534.3488888888887,53.099999999999994,0.0,0.1111111111111111,0.0,0.1111111111111111,22809.14,Thrifty
1276,63,22.235294117647058,1515.620158730159,19.926984126984127,0.746031746031746,0.06349206349206349,0.8095238095238095,0.3333333333333333,95484.07,Commuter
1277,65,22.15909090909091,1492.3607692307692,20.829230769230772,0.6923076923076923,0.06153846153846154,0.8615384615384616,0.3384615384615385,97003.45,Commuter
1278,34,11.333333333333334,1210.054705882353,15.308823529411764,0.5,0.11764705882352941,0.0,0.2647058823529412,41141.86,Shopper
1279,70,23.333333333333332,1499.5927142857145,19.681428571428572,0.7142857142857143,0.08571428571428572,0.7714285714285715,0.32857142857142857,104971.49,Commuter
1280,14,4.941176470588235,2435.1392857142855,51.08571428571429,0.0,0.07142857142857142,0.0,0.5714285714285714,34091.95,Thrifty
1281,11,4.583333333333334,2026.0972727272726,39.845454545454544,0.5454545454545454,0.45454545454545453,0.09090909090909091,0.36363636363636365,22287.07,Weekend
1282,19,6.7857142857142865,2009.2442105263158,36.347368421052636,0.15789473684210525,0.0,0.05263157894736842,0.42105263157894735,38175.64,Weekend
1283,16,6.486486486486486,1988.05875,37.60625,0.5,0.25,0.0,0.3125,31808.94,Weekend
1284,56,18.666666666666668,1468.0232142857144,20.48392857142857,0.7678571428571429,0.125,0.75,0.25,82209.3,Commuter
1285,12,5.070422535211268,2599.8250000000003,49.975,0.08333333333333333,0.08333333333333333,0.0,0.08333333333333333,31197.9,Thrifty
1286,13,4.642857142857143,2457.673076923077,51.80769230769231,0.0,0.07692307692307693,0.0,0.3076923076923077,31949.75,Thrifty
1287,66,22.247191011235955,1488.7081818181819,20.507575757575758,0.6666666666666666,0.06060606060606061,0.8636363636363636,0.15151515151515152,98254.74,Commuter
1288,11,4.714285714285714,2537.7663636363636,45.4,0.0,0.09090909090909091,0.0,0.18181818181818182,27915.43,Thrifty
1289,68,22.92134831460674,1486.2395588235293,19.955882352941178,0.6617647058823529,0.11764705882352941,0.7794117647058824,0.25,101064.29,Commuter
1290,69,23.258426966292134,1499.7527536231885,20.031884057971016,0.7101449275362319,0.21739130434782608,0.7681159420289855,0.2898550724637681,103482.94,Commuter
1291,10,3.5294117647058822,2410.3920000000003,40.94,0.1,0.0,0.0,0.3,24103.920000000002,Thrifty
1292,67,22.584269662921347,1492.1117910447763,20.322388059701492,0.6865671641791045,0.08955223880597014,0.7761194029850746,0.22388059701492538,99971.49,Commuter
1293,24,8.470588235294118,2023.5308333333332,37.108333333333334,0.3333333333333333,0.20833333333333334,0.041666666666666664,0.3333333333333333,48564.74,Weekend
1294,21,7.241379310344827,2048.0133333333333,43.05714285714286,0.5714285714285714,0.2857142857142857,0.047619047619047616,0.2857142857142857,43008.28,Weekend
1295,42,14.318181818181818,1214.272380952381,14.747619047619047,0.5476190476190477,0.09523809523809523,0.0,0.2857142857142857,50999.44,Shopper
1296,72,24.545454545454547,1487.3069444444445,19.813888888888886,0.5972222222222222,0.1388888888888889,0.8194444444444444,0.3194444444444444,107086.1,Commuter
1297,61,20.795454545454547,1483.090655737705,19.280327868852456,0.6229508196721312,0.16393442622950818,0.8032786885245902,0.3442622950819672,90468.53,Commuter
1298,67,22.333333333333332,1518.4010447761193,20.976119402985077,0.7014925373134329,0.14925373134328357,0.8507462686567164,0.2537313432835821,101732.87,Commuter
1299,21,8.4,2063.2666666666664,44.061904761904756,0.42857142857142855,0.2857142857142857,0.047619047619047616,0.3333333333333333,43328.6,Weekend
1300,20,6.976744186046512,1964.2759999999998,39.81,0.15,0.15,0.2,0.25,39285.52,Weekend
1301,70,23.595505617977526,1484.2489999999998,20.187142857142856,0.6571428571428571,0.07142857142857142,0.7857142857142857,0.2571428571428571,103897.43,Commuter
1302,42,15.555555555555555,1216.5228571428572,15.03095238095238,0.5238095238095238,0.19047619047619047,0.0,0.30952380952380953,51093.96,Shopper
1303,59,19.8876404494382,1462.72,20.094915254237286,0.7288135593220338,0.0847457627118644,0.8135593220338984,0.3728813559322034,86300.48,Commuter
1304,15,5.48780487804878,2375.81,48.873333333333335,0.0,0.06666666666666667,0.0,0.26666666666666666,35637.15,Thrifty
1305,18,6.27906976744186,2125.1027777777776,41.96111111111111,0.3333333333333333,0.2777777777777778,0.0,0.2777777777777778,38251.85,Weekend
1306,30,10.714285714285715,1172.6496666666667,14.933333333333334,0.5,0.2,0.0,0.3333333333333333,35179.49,Shopper
1307,16,6.4,1921.863125,39.9875,0.4375,0.125,0.1875,0.375,30749.81,Weekend
1308,35,11.797752808988763,1204.7882857142856,14.040000000000001,0.45714285714285713,0.17142857142857143,0.0,0.3142857142857143,42167.59,Shopper
1309,14,5.526315789473684,2546.407857142857,49.028571428571425,0.07142857142857142,0.0,0.0,0.42857142857142855,35649.71,Thrifty
1310,28,9.655172413793103,1206.8342857142857,15.385714285714286,0.6428571428571429,0.21428571428571427,0.0,0.39285714285714285,33791.36,Shopper
1311,68,23.448275862068968,1494.5926470588236,19.64264705882353,0.6470588235294118,0.08823529411764706,0.8382352941176471,0.19117647058823528,101632.3,Commuter
1312,41,14.642857142857144,1205.340243902439,14.695121951219512,0.4878048780487805,0.21951219512195122,0.0,0.4146341463414634,49418.95,Shopper
1313,11,3.8823529411764706,2534.3836363636365,50.1,0.09090909090909091,0.0,0.0,0.09090909090909091,27878.22,Thrifty
1314,37,12.47191011235955,1169.6559459459459,15.775675675675677,0.6216216216216216,0.2972972972972973,0.0,0.40540540540540543,43277.27,Shopper
1315,12,4.556962025316456,2454.2466666666664,56.05833333333334,0.08333333333333333,0.0,0.0,0.3333333333333333,29450.96,Thrifty
1316,16,6.575342465753425,1966.490625,40.425,0.375,0.125,0.125,0.25,31463.85,Weekend
1317,18,6.27906976744186,2537.2627777777775,48.388888888888886,0.05555555555555555,0.05555555555555555,0.0,0.2777777777777778,45670.729999999996,Thrifty
1318,12,5.294117647058823,1973.0358333333334,43.074999999999996,0.75,0.25,0.16666666666666666,0.3333333333333333,23676.43,Weekend
1319,72,24.269662921348313,1495.79625,19.929166666666667,0.75,0.125,0.8472222222222222,0.2638888888888889,107697.33,Commuter
1320,70,24.41860465116279,1497.7517142857141,19.967142857142857,0.7428571428571429,0.05714285714285714,0.8571428571428571,0.3142857142857143,104842.62,Commuter
1321,64,23.132530120481928,1500.420625,19.9859375,0.6875,0.15625,0.78125,0.25,96026.92,Commuter
1322,46,16.235294117647058,1487.5408695652175,20.43913043478261,0.8043478260869565,0.08695652173913043,0.7608695652173914,0.34782608695652173,68426.88,Commuter
1323,39,13.76470588235294,1154.0761538461538,14.946153846153846,0.41025641025641024,0.3076923076923077,0.0,0.3076923076923077,45008.97,Shopper
1324,61,20.795454545454547,1515.4695081967213,19.750819672131147,0.6885245901639344,0.08196721311475409,0.8688524590163934,0.2786885245901639,92443.64,Commuter
1325,34,12.0,1186.06,15.835294117647058,0.6176470588235294,0.17647058823529413,0.0,0.2647058823529412,40326.04,Shopper
1326,12,5.3731343283582085,2435.66,45.0,0.0,0.0,0.0,0.5833333333333334,29227.92,Thrifty
1327,55,18.75,1502.0259999999998,19.352727272727275,0.6363636363636364,0.14545454545454545,0.6909090909090909,0.2545454545454545,82611.43,Commuter
1328,22,8.571428571428571,1954.2563636363636,38.60909090909091,0.2727272727272727,0.2727272727272727,0.18181818181818182,0.22727272727272727,42993.64,Weekend
1329,13,4.534883720930233,2091.17,37.284615384615385,0.38461538461538464,0.07692307692307693,0.07692307692307693,0.3076923076923077,27185.21,Weekend
1330,11,4.647887323943662,2512.220909090909,50.14545454545455,0.0,0.09090909090909091,0.0,0.45454545454545453,27634.43,Thrifty
1331,27,9.642857142857144,1970.3885185185184,38.3962962962963,0.2962962962962963,0.14814814814814814,0.2222222222222222,0.25925925925925924,53200.49,Weekend
1332,17,5.930232558139535,2018.8029411764708,39.94117647058823,0.4117647058823529,0.29411764705882354,0.058823529411764705,0.23529411764705882,34319.65,Weekend
1333,72,24.82758620689655,1505.9719444444445,20.094444444444445,0.7222222222222222,0.08333333333333333,0.6944444444444444,0.3194444444444444,108429.98,Commuter
1334,41,13.666666666666666,1185.6634146341462,14.370731707317074,0.5365853658536586,0.21951219512195122,0.0,0.24390243902439024,48612.2,Shopper
1335,40,13.953488372093023,1157.6442499999998,15.7225,0.525,0.2,0.0,0.35,46305.77,Shopper
1336,10,4.0,2112.7529999999997,35.87,0.4,0.0,0.2,0.2,21127.53,Weekend
1337,68,23.181818181818183,1531.1825000000001,21.125,0.7647058823529411,0.08823529411764706,0.7205882352941176,0.3088235294117647,104120.41,Commuter
1338,15,5.48780487804878,1993.3906666666667,40.32,0.4,0.13333333333333333,0.0,0.3333333333333333,29900.86,Weekend
1339,72,24.269662921348313,1493.9402777777777,19.4625,0.6666666666666666,0.1111111111111111,0.7361111111111112,0.3888888888888889,107563.7,Commuter
1340,70,24.137931034482758,1484.2282857142857,20.624285714285715,0.6142857142857143,0.15714285714285714,0.7428571428571429,0.2857142857142857,103895.98,Commuter
1341,61,21.03448275862069,1496.9227868852458,20.031147540983607,0.7704918032786885,0.16393442622950818,0.8524590163934426,0.3114754098360656,91312.29,Commuter
1342,13,4.588235294117647,2410.8438461538462,50.315384615384616,0.0,0.07692307692307693,0.0,0.07692307692307693,31340.97,Thrifty
1343,42,14.823529411764705,1201.7266666666667,14.633333333333335,0.5238095238095238,0.21428571428571427,0.0,0.19047619047619047,50472.52,Shopper
1344,14,4.941176470588235,1924.6021428571428,42.92142857142857,0.42857142857142855,0.2857142857142857,0.14285714285714285,0.07142857142857142,26944.43,Weekend
1345,17,7.846153846153847,2014.3417647058823,41.89411764705883,0.23529411764705882,0.17647058823529413,0.11764705882352941,0.23529411764705882,34243.81,Weekend
1346,12,4.044943820224719,2487.099166666667,50.74166666666667,0.0,0.0,0.0,0.6666666666666666,29845.190000000002,Thrifty
1347,15,6.081081081081081,2487.4973333333332,53.906666666666666,0.0,0.13333333333333333,0.0,0.4,37312.46,Thrifty
1348,12,4.556962025316456,2503.4666666666667,51.89166666666667,0.0,0.08333333333333333,0.0,0.3333333333333333,30041.6,Thrifty
1349,25,8.42696629213483,1218.3036,13.856,0.52,0.16,0.0,0.24,30457.59,Shopper
1350,74,26.11764705882353,1498.7960810810812,19.58108108108108,0.7432432432432432,0.08108108108108109,0.8513513513513513,0.25675675675675674,110910.91,Commuter
1351,41,14.13793103448276,1179.121951219512,15.504878048780489,0.5121951219512195,0.14634146341463414,0.0,0.2682926829268293,48344.0,Shopper
1352,17,6.296296296296296,2020.1058823529413,42.44117647058823,0.35294117647058826,0.17647058823529413,0.11764705882352941,0.23529411764705882,34341.8,Weekend
1353,12,4.444444444444444,2417.5825,50.13333333333333,0.0,0.16666666666666666,0.0,0.3333333333333333,29010.989999999998,Thrifty
1354,15,5.232558139534883,1970.4720000000002,37.42666666666666,0.4666666666666667,0.26666666666666666,0.06666666666666667,0.13333333333333333,29557.08,Weekend
1355,15,5.294117647058823,2459.218,46.1,0.06666666666666667,0.0,0.0,0.13333333333333333,36888.27,Thrifty
1356,41,14.13793103448276,1189.1529268292684,14.041463414634148,0.5121951219512195,0.17073170731707318,0.0,0.17073170731707318,48755.270000000004,Shopper
1357,41,14.819277108433734,1201.6231707317074,15.970731707317071,0.4878048780487805,0.0975609756097561,0.0,0.2926829268292683,49266.55,Shopper
1358,8,2.7586206896551726,2268.0025,52.35,0.0,0.0,0.0,0.125,18144.02,Thrifty
1359,68,22.92134831460674,1497.3917647058825,19.852941176470587,0.7058823529411765,0.1323529411764706,0.8235294117647058,0.22058823529411764,101822.64,Commuter
1360,20,8.108108108108107,1969.411,39.445,0.35,0.25,0.15,0.25,39388.22,Weekend
1361,36,12.413793103448276,1187.7547222222222,15.274999999999999,0.4722222222222222,0.16666666666666666,0.0,0.3611111111111111,42759.17,Shopper
1362,60,20.930232558139533,1506.725,20.11,0.6833333333333333,0.11666666666666667,0.8166666666666667,0.25,90403.5,Commuter
1363,23,8.023255813953488,2006.1360869565217,37.97391304347826,0.30434782608695654,0.30434782608695654,0.08695652173913043,0.34782608695652173,46141.13,Weekend
1364,12,5.0,2098.4100000000003,39.225,0.3333333333333333,0.16666666666666666,0.08333333333333333,0.16666666666666666,25180.920000000002,Weekend
1365,19,7.037037037037036,2030.3705263157894,40.0,0.47368421052631576,0.10526315789473684,0.15789473684210525,0.21052631578947367,38577.04,Weekend
1366,63,21.235955056179776,1495.1790476190477,20.128571428571426,0.6190476190476191,0.06349206349206349,0.7777777777777778,0.30158730158730157,94196.28,Commuter
1367,25,9.036144578313253,2048.5548,40.516,0.4,0.24,0.04,0.4,51213.869999999995,Weekend
1368,38,13.902439024390244,1195.5615789473686,14.542105263157895,0.47368421052631576,0.15789473684210525,0.0,0.3157894736842105,45431.340000000004,Shopper
1369,56,19.090909090909093,1520.6360714285713,19.669642857142858,0.7321428571428571,0.125,0.8214285714285714,0.32142857142857145,85155.62,Commuter
1370,52,17.528089887640448,1481.951346153846,20.028846153846153,0.6346153846153846,0.1346153846153846,0.7884615384615384,0.3269230769230769,77061.47,Commuter
1371,50,16.85393258426966,1217.5638000000001,16.03,0.54,0.24,0.0,0.34,60878.19,Shopper
1372,67,22.584269662921347,1496.9983582089553,20.219402985074627,0.8208955223880597,0.05970149253731343,0.9402985074626866,0.26865671641791045,100298.89,Commuter
1373,36,13.170731707317072,1186.4475,15.144444444444446,0.6111111111111112,0.19444444444444445,0.0,0.4444444444444444,42712.11,Shopper
1374,16,6.075949367088608,2549.65875,49.46875,0.0,0.0,0.0,0.1875,40794.54,Thrifty
1375,61,21.03448275862069,1511.5352459016392,20.02950819672131,0.819672131147541,0.08196721311475409,0.9016393442622951,0.21311475409836064,92203.65,Commuter
1376,29,11.012658227848101,1170.8868965517242,14.986206896551723,0.41379310344827586,0.13793103448275862,0.0,0.1724137931034483,33955.72,Shopper
1377,16,6.0,2399.7087500000002,49.575,0.0625,0.125,0.0,0.375,38395.340000000004,Thrifty
1378,10,5.0,2653.452,49.71,0.0,0.0,0.0,0.4,26534.52,Thrifty
1379,11,3.8823529411764706,2419.410909090909,47.63636363636363,0.0,0.0,0.0,0.18181818181818182,26613.52,Thrifty
1380,15,5.555555555555555,1996.8413333333333,36.43333333333333,0.2,0.2,0.0,0.3333333333333333,29952.62,Weekend
1381,65,22.413793103448278,1504.208,20.110769230769233,0.7846153846153846,0.09230769230769231,0.7692307692307693,0.24615384615384617,97773.52,Commuter
1382,8,3.5294117647058822,2411.90875,44.075,0.0,0.125,0.0,0.375,19295.27,Thrifty
1383,40,13.48314606741573,1217.38525,14.969999999999999,0.5,0.2,0.0,0.375,48695.41,Shopper
1384,56,19.310344827586206,1491.4944642857142,21.355357142857144,0.7321428571428571,0.10714285714285714,0.7857142857142857,0.26785714285714285,83523.69,Commuter
1385,22,7.586206896551724,1966.815909090909,39.71363636363637,0.5,0.22727272727272727,0.09090909090909091,0.13636363636363635,43269.95,Weekend
1386,9,3.103448275862069,2440.9244444444444,47.111111111111114,0.0,0.1111111111111111,0.0,0.0,21968.32,Thrifty
1387,20,7.142857142857143,2033.0364999999997,41.71,0.4,0.35,0.1,0.1,40660.729999999996,Weekend
1388,51,17.0,1506.9003921568626,20.17058823529412,0.7058823529411765,0.1568627450980392,0.7647058823529411,0.3333333333333333,76851.92,Commuter
1389,36,12.0,1208.0077777777778,14.558333333333334,0.4444444444444444,0.16666666666666666,0.0,0.2777777777777778,43488.28,Shopper
1390,20,8.955223880597014,2552.1495,50.18,0.0,0.05,0.0,0.35,51042.99,Thrifty
1391,66,23.023255813953487,1483.5607575757574,19.565151515151513,0.6515151515151515,0.12121212121212122,0.8484848484848485,0.3333333333333333,97915.01,Commuter
1392,57,20.11764705882353,1504.8994736842105,19.40701754385965,0.7368421052631579,0.08771929824561403,0.8421052631578947,0.2631578947368421,85779.27,Commuter
1393,60,22.22222222222222,1490.9461666666668,20.755,0.7,0.13333333333333333,0.85,0.3,89456.77,Commuter
1394,14,5.454545454545454,2498.3114285714287,54.971428571428575,0.07142857142857142,0.07142857142857142,0.0,0.5714285714285714,34976.36,Thrifty
1395,11,4.647887323943662,2390.7972727272727,55.972727272727276,0.0,0.0,0.0,0.18181818181818182,26298.77,Thrifty
1396,35,12.068965517241379,1181.602,14.434285714285714,0.5142857142857142,0.2,0.0,0.37142857142857144,41356.07,Shopper
1397,13,4.4318181818181825,2380.9546153846154,50.8,0.0,0.0,0.0,0.3076923076923077,30952.41,Thrifty
1398,59,19.8876404494382,1522.7422033898304,20.39152542372881,0.6440677966101694,0.03389830508474576,0.864406779661017,0.1864406779661017,89841.79,Commuter
1399,21,7.875,1975.9209523809523,38.02857142857143,0.38095238095238093,0.2857142857142857,0.23809523809523808,0.3333333333333333,41494.34,Weekend
1400,17,6.986301369863014,2055.555294117647,38.482352941176465,0.4117647058823529,0.058823529411764705,0.058823529411764705,0.4117647058823529,34944.44,Weekend
1401,64,21.573033707865168,1492.7078125,20.425,0.6875,0.125,0.796875,0.328125,95533.3,Commuter
1402,61,21.03448275862069,1473.3301639344263,19.93606557377049,0.7213114754098361,0.09836065573770492,0.7868852459016393,0.21311475409836064,89873.14,Commuter
1403,69,23.522727272727273,1501.1227536231884,20.07391304347826,0.6376811594202898,0.10144927536231885,0.7971014492753623,0.2318840579710145,103577.47,Commuter
1404,30,11.688311688311687,2013.0826666666667,39.663333333333334,0.3,0.16666666666666666,0.06666666666666667,0.2,60392.48,Weekend
1405,20,7.142857142857143,1947.038,39.885000000000005,0.15,0.35,0.2,0.35,38940.76,Weekend
1406,16,5.647058823529411,2444.751875,47.59375,0.0625,0.0,0.0,0.1875,39116.03,Thrifty
1407,34,13.421052631578949,1163.3323529411766,13.935294117647059,0.5588235294117647,0.17647058823529413,0.0,0.2647058823529412,39553.3,Shopper
1408,21,7.777777777777778,1214.3347619047618,16.895238095238096,0.6666666666666666,0.2857142857142857,0.0,0.2857142857142857,25501.03,Shopper
1409,21,7.682926829268292,1994.1780952380952,37.41904761904762,0.19047619047619047,0.3333333333333333,0.047619047619047616,0.38095238095238093,41877.74,Weekend
1410,41,14.642857142857144,1216.0339024390244,15.714634146341462,0.5121951219512195,0.1951219512195122,0.0,0.24390243902439024,49857.39,Shopper
1411,58,19.55056179775281,1515.2070689655172,20.268965517241377,0.6724137931034483,0.034482758620689655,0.8275862068965517,0.1724137931034483,87882.01,Commuter
1412,61,20.56179775280899,1499.8481967213115,19.86229508196721,0.5737704918032787,0.09836065573770492,0.7377049180327869,0.29508196721311475,91490.74,Commuter
1413,59,19.8876404494382,1528.3906779661017,19.68135593220339,0.6610169491525424,0.11864406779661017,0.8135593220338984,0.3389830508474576,90175.05,Commuter
1414,69,23.522727272727273,1481.9859420289854,19.918840579710146,0.6811594202898551,0.07246376811594203,0.7536231884057971,0.34782608695652173,102257.03,Commuter
1415,18,7.297297297297297,2539.0833333333335,53.855555555555554,0.1111111111111111,0.0,0.0,0.2777777777777778,45703.5,Thrifty
1416,44,15.348837209302326,1185.6263636363635,15.429545454545455,0.45454545454545453,0.13636363636363635,0.0,0.29545454545454547,52167.56,Shopper
1417,69,23.258426966292134,1518.5678260869565,20.352173913043476,0.7101449275362319,0.08695652173913043,0.8405797101449275,0.2318840579710145,104781.18,Commuter
1418,67,22.584269662921347,1495.134328358209,19.93134328358209,0.6716417910447762,0.16417910447761194,0.8656716417910447,0.2537313432835821,100174.0,Commuter
1419,14,5.6,2452.3450000000003,51.199999999999996,0.0,0.07142857142857142,0.0,0.35714285714285715,34332.83,Thrifty
1420,43,14.65909090909091,1175.8237209302324,15.13720930232558,0.4883720930232558,0.09302325581395349,0.0,0.23255813953488372,50560.42,Shopper
1421,17,6.986301369863014,2479.965882352941,52.800000000000004,0.0,0.0,0.0,0.4117647058823529,42159.42,Thrifty
1422,13,4.588235294117647,2565.9584615384615,49.76923076923077,0.0,0.0,0.0,0.3076923076923077,33357.46,Thrifty
1423,67,22.584269662921347,1490.4901492537313,20.379104477611943,0.746268656716418,0.11940298507462686,0.8507462686567164,0.3283582089552239,99862.84,Commuter
1424,57,20.357142857142858,1492.2733333333333,19.557894736842105,0.6842105263157895,0.08771929824561403,0.7543859649122807,0.2631578947368421,85059.58,Commuter
1425,31,11.071428571428573,1174.6270967741937,14.87741935483871,0.5161290322580645,0.12903225806451613,0.0,0.25806451612903225,36413.44,Shopper
1426,34,11.724137931034484,1191.1411764705883,15.102941176470589,0.5,0.17647058823529413,0.0,0.29411764705882354,40498.8,Shopper
1427,64,21.81818181818182,1467.87078125,20.60625,0.6875,0.171875,0.796875,0.28125,93943.73,Commuter
1428,42,14.157303370786517,1209.960238095238,14.94047619047619,0.4523809523809524,0.23809523809523808,0.0,0.2857142857142857,50818.33,Shopper
1429,16,5.647058823529411,2024.4925,41.30625,0.3125,0.1875,0.125,0.375,32391.88,Weekend
1430,35,11.666666666666666,1166.6022857142857,15.04,0.4,0.17142857142857143,0.0,0.37142857142857144,40831.08,Shopper
1431,7,2.4705882352941173,2493.6614285714286,52.1,0.14285714285714285,0.0,0.0,0.42857142857142855,17455.63,Thrifty
1432,13,4.642857142857143,2402.746153846154,52.823076923076925,0.15384615384615385,0.0,0.0,0.3076923076923077,31235.7,Thrifty
1433,14,4.827586206896552,2697.047142857143,52.699999999999996,0.0,0.0,0.0,0.2857142857142857,37758.66,Thrifty
1434,11,4.125,1918.9681818181818,41.42727272727273,0.36363636363636365,0.18181818181818182,0.09090909090909091,0.2727272727272727,21108.65,Weekend
1435,71,24.204545454545457,1499.8161971830984,19.85492957746479,0.7605633802816901,0.07042253521126761,0.7887323943661971,0.28169014084507044,106486.95,Commuter
1436,57,19.213483146067414,1481.1115789473683,20.178947368421053,0.6842105263157895,0.10526315789473684,0.7368421052631579,0.21052631578947367,84423.36,Commuter
1437,8,3.0,2626.1925,54.900000000000006,0.0,0.0,0.0,0.125,21009.54,Thrifty
1438,13,5.342465753424658,1990.34,41.33846153846154,0.46153846153846156,0.15384615384615385,0.0,0.23076923076923078,25874.42,Weekend
1439,55,18.96551724137931,1512.621818181818,19.34909090909091,0.6727272727272727,0.03636363636363636,0.9090909090909091,0.23636363636363636,83194.2,Commuter
1440,25,9.375,1961.7632,40.58,0.36,0.16,0.16,0.28,49044.08,Weekend
1441,35,11.797752808988763,1161.9577142857145,16.108571428571427,0.45714285714285713,0.14285714285714285,0.0,0.2857142857142857,40668.520000000004,Shopper
1442,65,22.15909090909091,1483.8126153846156,19.78153846153846,0.7384615384615385,0.06153846153846154,0.7538461538461538,0.3230769230769231,96447.82,Commuter
1443,22,7.500000000000001,2070.036818181818,40.00909090909091,0.45454545454545453,0.18181818181818182,0.13636363636363635,0.3181818181818182,45540.81,Weekend
1444,20,7.4074074074074066,2475.668,46.87,0.05,0.05,0.0,0.2,49513.36,Thrifty
1445,41,15.0,1207.2280487804878,16.121951219512194,0.3902439024390244,0.24390243902439024,0.0,0.2682926829268293,49496.35,Shopper
1446,63,23.333333333333332,1542.8620634920635,20.488888888888887,0.6349206349206349,0.06349206349206349,0.873015873015873,0.31746031746031744,97200.31,Commuter
1447,16,5.714285714285714,1992.158125,40.84375,0.4375,0.125,0.0625,0.3125,31874.53,Weekend
1448,33,11.511627906976743,1215.0269696969697,16.381818181818183,0.5454545454545454,0.15151515151515152,0.0,0.15151515151515152,40095.89,Shopper
1449,49,16.704545454545457,1222.6691836734694,14.420408163265307,0.42857142857142855,0.2857142857142857,0.0,0.1836734693877551,59910.79,Shopper
1450,14,4.827586206896552,2034.6464285714285,41.48571428571428,0.35714285714285715,0.14285714285714285,0.07142857142857142,0.2857142857142857,28485.05,Weekend
1451,16,5.925925925925926,2450.89125,52.94375,0.0,0.1875,0.0,0.25,39214.26,Thrifty
1452,11,4.177215189873418,2052.7999999999997,36.53636363636363,0.36363636363636365,0.2727272727272727,0.18181818181818182,0.5454545454545454,22580.8,Weekend
1453,33,11.123595505617978,1219.888484848485,15.381818181818183,0.45454545454545453,0.24242424242424243,0.0,0.30303030303030304,40256.32,Shopper
1454,25,9.036144578313253,2041.7316,42.46,0.36,0.28,0.16,0.32,51043.29,Weekend
1455,67,22.584269662921347,1514.8044776119402,20.980597014925372,0.6119402985074627,0.16417910447761194,0.8656716417910447,0.26865671641791045,101491.9,Commuter
1456,44,15.529411764705882,1175.5856818181817,15.843181818181819,0.5909090909090909,0.18181818181818182,0.0,0.3409090909090909,51725.77,Shopper
1457,18,7.012987012987012,1980.1750000000002,42.06666666666667,0.3888888888888889,0.4444444444444444,0.05555555555555555,0.1111111111111111,35643.15,Weekend
1458,28,10.120481927710843,2010.9482142857144,40.28214285714286,0.42857142857142855,0.32142857142857145,0.0,0.39285714285714285,56306.55,Weekend
1459,65,22.15909090909091,1455.5140000000001,19.615384615384617,0.676923076923077,0.09230769230769231,0.8,0.24615384615384617,94608.41,Commuter
1460,18,7.82608695652174,1965.1888888888889,37.900000000000006,0.5555555555555556,0.2777777777777778,0.16666666666666666,0.16666666666666666,35373.4,Weekend
1461,13,4.698795180722891,2564.1284615384616,51.77692307692307,0.0,0.07692307692307693,0.0,0.3076923076923077,33333.67,Thrifty
1462,16,6.486486486486486,2027.50875,41.3875,0.375,0.0625,0.0625,0.375,32440.14,Weekend
1463,64,21.333333333333332,1530.0578125,21.2625,0.703125,0.140625,0.75,0.3125,97923.7,Commuter
1464,20,7.59493670886076,2048.4625,38.015,0.15,0.3,0.15,0.45,40969.25,Weekend
1465,39,13.76470588235294,1206.2817948717948,14.417948717948716,0.48717948717948717,0.23076923076923078,0.0,0.358974358974359,47044.99,Shopper
1466,70,23.595505617977526,1511.647,19.094285714285714,0.6857142857142857,0.05714285714285714,0.8428571428571429,0.2571428571428571,105815.29,Commuter
1467,43,14.494382022471909,1203.9344186046512,16.58139534883721,0.4883720930232558,0.2558139534883721,0.0,0.3023255813953488,51769.18,Shopper
1468,12,5.142857142857142,2591.33,50.68333333333334,0.0,0.0,0.0,0.25,31095.96,Thrifty
1469,42,14.157303370786517,1194.0257142857142,15.183333333333334,0.5476190476190477,0.14285714285714285,0.0,0.23809523809523808,50149.08,Shopper
1470,21,7.078651685393258,1938.125238095238,40.31428571428572,0.14285714285714285,0.09523809523809523,0.047619047619047616,0.19047619047619047,40700.63,Weekend
1471,23,8.96103896103896,2063.824347826087,40.13478260869565,0.30434782608695654,0.2608695652173913,0.0,0.30434782608695654,47467.96,Weekend
1472,25,9.036144578313253,1923.5092000000002,38.876,0.36,0.2,0.08,0.24,48087.73,Weekend
1473,37,13.536585365853659,1215.013243243243,16.175675675675677,0.5135135135135135,0.10810810810810811,0.0,0.13513513513513514,44955.49,Shopper
1474,7,3.0434782608695654,2460.2257142857147,50.114285714285714,0.0,0.2857142857142857,0.0,0.2857142857142857,17221.58,Thrifty
1475,10,4.109589041095891,2606.389,48.410000000000004,0.2,0.0,0.0,0.3,26063.89,Thrifty
1476,15,5.555555555555555,2005.5293333333332,38.88,0.4666666666666667,0.26666666666666666,0.06666666666666667,0.13333333333333333,30082.94,Weekend
1477,31,11.204819277108435,1213.6816129032256,15.329032258064515,0.5161290322580645,0.1935483870967742,0.0,0.25806451612903225,37624.13,Shopper
1478,21,7.241379310344827,2009.0,38.88095238095238,0.5714285714285714,0.14285714285714285,0.0,0.2857142857142857,42189.0,Weekend
1479,24,8.372093023255815,2016.7237499999999,41.975,0.375,0.25,0.3333333333333333,0.20833333333333334,48401.369999999995,Weekend
1480,14,5.0,2578.3814285714284,49.51428571428572,0.0,0.0,0.0,0.21428571428571427,36097.34,Thrifty
1481,34,11.724137931034484,1197.7376470588235,14.676470588235293,0.5,0.11764705882352941,0.0,0.29411764705882354,40723.08,Shopper
1482,86,29.31818181818182,1500.9683720930232,20.697674418604652,0.6627906976744186,0.023255813953488372,0.7906976744186046,0.19767441860465115,129083.28,Commuter
1483,14,5.3164556962025316,2543.692142857143,51.75714285714286,0.0,0.0,0.0,0.14285714285714285,35611.69,Thrifty
1484,74,24.666666666666668,1491.212027027027,19.98918918918919,0.6756756756756757,0.10810810810810811,0.7702702702702703,0.33783783783783783,110349.69,Commuter
1485,14,4.827586206896552,2473.719285714286,47.635714285714286,0.0,0.0,0.0,0.14285714285714285,34632.07,Thrifty
1486,9,3.176470588235294,2336.2355555555555,52.05555555555556,0.0,0.0,0.0,0.2222222222222222,21026.12,Thrifty
1487,17,6.8,2431.8088235294117,49.41764705882353,0.0,0.0,0.0,0.17647058823529413,41340.75,Thrifty
1488,12,5.3731343283582085,2053.6524999999997,41.15,0.25,0.6666666666666666,0.16666666666666666,0.3333333333333333,24643.829999999998,Weekend
1489,16,5.5813953488372094,2519.596875,48.91875,0.0625,0.0,0.0,0.25,40313.55,Thrifty
1490,6,3.0,2456.9283333333333,54.416666666666664,0.0,0.0,0.0,0.5,14741.57,Thrifty
1491,62,22.682926829268293,1480.3751612903225,21.011290322580646,0.6935483870967742,0.1935483870967742,0.8225806451612904,0.27419354838709675,91783.26,Commuter
1492,12,4.615384615384615,2574.2825,52.4,0.08333333333333333,0.16666666666666666,0.0,0.3333333333333333,30891.39,Thrifty
1493,74,24.9438202247191,1498.9231081081082,19.53108108108108,0.7297297297297297,0.12162162162162163,0.8243243243243243,0.35135135135135137,110920.31,Commuter
1494,58,20.470588235294116,1481.375172413793,21.051724137931036,0.6724137931034483,0.08620689655172414,0.7068965517241379,0.3103448275862069,85919.76,Commuter
1495,24,8.78048780487805,2017.7541666666666,38.833333333333336,0.375,0.20833333333333334,0.125,0.20833333333333334,48426.1,Weekend
1496,18,7.5,2030.957222222222,42.21666666666667,0.6111111111111112,0.3888888888888889,0.2777777777777778,0.3333333333333333,36557.229999999996,Weekend
1497,23,7.666666666666667,1923.2821739130434,40.47826086956522,0.43478260869565216,0.21739130434782608,0.043478260869565216,0.2608695652173913,44235.49,Weekend
1498,17,6.623376623376623,2471.8129411764708,48.705882352941174,0.058823529411764705,0.058823529411764705,0.0,0.29411764705882354,42020.82,Thrifty
1499,10,4.109589041095891,2557.942,48.239999999999995,0.1,0.0,0.0,0.3,25579.42,Thrifty
1500,34,11.590909090909092,1201.2391176470587,16.43235294117647,0.4117647058823529,0.23529411764705882,0.0,0.35294117647058826,40842.13,Shopper
1501,14,5.454545454545454,2484.039285714286,46.67857142857143,0.07142857142857142,0.07142857142857142,0.0,0.07142857142857142,34776.55,Thrifty
1502,10,4.109589041095891,2614.9170000000004,51.339999999999996,0.0,0.0,0.0,0.5,26149.170000000002,Thrifty
1503,60,20.224719101123593,1518.7913333333333,19.96333333333333,0.7333333333333333,0.05,0.85,0.26666666666666666,91127.48,Commuter
1504,13,5.571428571428571,2571.3676923076923,55.34615384615385,0.07692307692307693,0.07692307692307693,0.0,0.38461538461538464,33427.78,Thrifty
1505,14,6.5625,2492.5800000000004,51.607142857142854,0.21428571428571427,0.14285714285714285,0.0,0.42857142857142855,34896.12,Thrifty
1506,11,4.024390243902439,2452.052727272727,53.67272727272727,0.09090909090909091,0.0,0.0,0.5454545454545454,26972.58,Thrifty
1507,18,6.585365853658536,1955.5594444444444,39.75,0.3333333333333333,0.2222222222222222,0.05555555555555555,0.3888888888888889,35200.07,Weekend
1508,12,6.315789473684211,2533.8933333333334,49.291666666666664,0.0,0.08333333333333333,0.0,0.4166666666666667,30406.72,Thrifty
1509,19,6.4772727272727275,1983.6836842105263,38.66315789473684,0.3684210526315789,0.10526315789473684,0.05263157894736842,0.2631578947368421,37689.99,Weekend
1510,15,5.056179775280898,1942.5953333333334,38.559999999999995,0.4,0.2,0.06666666666666667,0.4666666666666667,29138.93,Weekend
1511,50,17.441860465116278,1233.2244,15.068,0.38,0.2,0.0,0.38,61661.22,Shopper
1512,13,5.131578947368421,1875.4838461538461,39.98461538461538,0.5384615384615384,0.3076923076923077,0.23076923076923078,0.3076923076923077,24381.29,Weekend
1513,43,14.65909090909091,1181.105581395349,15.35581395348837,0.6511627906976745,0.23255813953488372,0.0,0.2558139534883721,50787.54,Shopper
1514,62,20.89887640449438,1516.4425806451613,19.741935483870968,0.8225806451612904,0.04838709677419355,0.8387096774193549,0.20967741935483872,94019.44,Commuter
1515,80,27.272727272727273,1498.524375,20.048750000000002,0.7625,0.0625,0.8,0.275,119881.95,Commuter
1516,59,19.666666666666668,1467.4069491525422,18.78135593220339,0.847457627118644,0.13559322033898305,0.8135593220338984,0.2711864406779661,86577.01,Commuter
1517,16,5.517241379310345,2027.481875,40.925,0.5,0.375,0.125,0.25,32439.71,Weekend
1518,33,11.647058823529411,1202.509090909091,14.012121212121212,0.42424242424242425,0.21212121212121213,0.0,0.3333333333333333,39682.8,Shopper
1519,55,18.75,1503.872,20.223636363636363,0.7090909090909091,0.09090909090909091,0.7818181818181819,0.41818181818181815,82712.96,Commuter
1520,42,14.318181818181818,1200.2169047619047,15.335714285714285,0.47619047619047616,0.21428571428571427,0.0,0.23809523809523808,50409.11,Shopper
1521,52,17.72727272727273,1534.8625000000002,20.217307692307692,0.75,0.11538461538461539,0.8269230769230769,0.3076923076923077,79812.85,Commuter
1522,45,15.0,1183.8213333333333,16.09777777777778,0.5777777777777777,0.24444444444444444,0.0,0.2,53271.96,Shopper
1523,10,4.109589041095891,2613.533,54.830000000000005,0.0,0.1,0.0,0.6,26135.329999999998,Thrifty
1524,60,20.454545454545457,1501.377,21.128333333333334,0.7833333333333333,0.13333333333333333,0.85,0.25,90082.62,Commuter
1525,11,4.4,2556.7654545454543,46.42727272727273,0.0,0.09090909090909091,0.0,0.2727272727272727,28124.42,Thrifty
1526,68,24.28571428571429,1497.793382352941,19.83529411764706,0.7352941176470589,0.10294117647058823,0.7647058823529411,0.3088235294117647,101849.95,Commuter
1527,73,25.17241379310345,1467.9645205479453,20.03835616438356,0.6712328767123288,0.0684931506849315,0.8904109589041096,0.2602739726027397,107161.41,Commuter
1528,14,5.915492957746479,2498.6342857142854,53.457142857142856,0.07142857142857142,0.0,0.0,0.21428571428571427,34980.88,Thrifty
1529,34,11.46067415730337,1205.855882352941,14.814705882352941,0.4117647058823529,0.23529411764705882,0.0,0.29411764705882354,40999.1,Shopper
1530,18,7.2,2517.593888888889,49.361111111111114,0.0,0.05555555555555555,0.0,0.2222222222222222,45316.69,Thrifty
1531,16,6.0,2504.9293749999997,49.29375,0.0,0.0625,0.0,0.3125,40078.869999999995,Thrifty
1532,19,6.867469879518072,1903.3068421052633,42.742105263157896,0.3157894736842105,0.21052631578947367,0.10526315789473684,0.15789473684210525,36162.83,Weekend
1533,18,6.506024096385542,1995.6861111111111,38.42777777777778,0.5,0.16666666666666666,0.05555555555555555,0.2222222222222222,35922.35,Weekend
1534,70,23.333333333333332,1534.089857142857,20.291428571428572,0.6142857142857143,0.11428571428571428,0.7857142857142857,0.3,107386.29,Commuter
1535,12,4.090909090909091,2488.975,50.625,0.08333333333333333,0.08333333333333333,0.0,0.25,29867.7,Thrifty
1536,69,23.522727272727273,1468.2752173913045,20.147826086956524,0.7391304347826086,0.17391304347826086,0.7971014492753623,0.2898550724637681,101310.99,Commuter
1537,75,25.280898876404493,1494.2523999999999,20.630666666666666,0.72,0.12,0.8666666666666667,0.24,112068.93,Commuter
1538,25,8.42696629213483,2028.7216,41.071999999999996,0.48,0.08,0.12,0.16,50718.04,Weekend
1539,60,20.224719101123593,1489.6248333333335,19.813333333333333,0.8,0.1,0.8166666666666667,0.35,89377.49,Commuter
1540,8,2.926829268292683,2497.6075,52.125,0.125,0.0,0.0,0.375,19980.86,Thrifty
1541,25,9.036144578313253,1972.6216,41.776,0.4,0.2,0.08,0.16,49315.54,Weekend
1542,68,23.181818181818183,1503.2722058823529,21.254411764705882,0.6911764705882353,0.08823529411764706,0.7941176470588235,0.29411764705882354,102222.51,Commuter
1543,13,5.2,1974.3984615384616,37.76923076923077,0.5384615384615384,0.38461538461538464,0.15384615384615385,0.23076923076923078,25667.18,Weekend
1544,57,19.88372093023256,1522.7936842105264,21.117543859649125,0.6842105263157895,0.07017543859649122,0.8245614035087719,0.2631578947368421,86799.24,Commuter
1545,35,12.068965517241379,1187.199142857143,14.19142857142857,0.37142857142857144,0.08571428571428572,0.0,0.2,41551.97,Shopper
1546,15,5.113636363636364,2538.4953333333333,52.093333333333334,0.0,0.06666666666666667,0.0,0.5333333333333333,38077.43,Thrifty
1547,26,8.863636363636365,1226.1007692307692,15.211538461538462,0.4230769230769231,0.11538461538461539,0.0,0.23076923076923078,31878.62,Shopper
1548,22,8.354430379746836,1944.2168181818183,39.53181818181818,0.6363636363636364,0.22727272727272727,0.13636363636363635,0.3181818181818182,42772.770000000004,Weekend
1549,75,25.0,1509.5004,20.352,0.6533333333333333,0.10666666666666667,0.7866666666666666,0.28,113212.53,Commuter
1550,22,8.148148148148147,2006.2172727272728,40.07272727272727,0.5,0.2727272727272727,0.3181818181818182,0.22727272727272727,44136.78,Weekend
1551,34,11.590909090909092,1204.2758823529412,14.573529411764707,0.4411764705882353,0.20588235294117646,0.0,0.20588235294117646,40945.38,Shopper
1552,11,4.583333333333334,1910.0854545454545,37.53636363636363,0.45454545454545453,0.18181818181818182,0.18181818181818182,0.2727272727272727,21010.94,Weekend
1553,35,12.209302325581396,1233.1728571428573,15.731428571428571,0.34285714285714286,0.17142857142857143,0.0,0.14285714285714285,43161.05,Shopper
1554,29,10.0,1205.5955172413792,14.848275862068967,0.4827586206896552,0.1724137931034483,0.0,0.27586206896551724,34962.27,Shopper
1555,52,17.72727272727273,1488.8673076923078,19.88076923076923,0.6538461538461539,0.09615384615384616,0.7884615384615384,0.23076923076923078,77421.1,Commuter
1556,57,19.213483146067414,1486.0261403508773,20.24561403508772,0.6666666666666666,0.10526315789473684,0.8070175438596491,0.2982456140350877,84703.49,Commuter
1557,17,5.795454545454546,2016.5470588235296,40.588235294117645,0.47058823529411764,0.17647058823529413,0.058823529411764705,0.23529411764705882,34281.3,Weekend
1558,12,6.315789473684211,2507.9333333333334,52.35,0.08333333333333333,0.08333333333333333,0.0,0.16666666666666666,30095.2,Thrifty
1559,39,15.6,1193.5458974358974,15.61025641025641,0.6410256410256411,0.07692307692307693,0.0,0.3076923076923077,46548.29,Shopper
1560,35,12.650602409638555,1174.4268571428572,15.217142857142857,0.42857142857142855,0.2857142857142857,0.0,0.2857142857142857,41104.94,Shopper
1561,18,6.585365853658536,2482.137222222222,50.71111111111111,0.1111111111111111,0.0,0.0,0.4444444444444444,44678.47,Thrifty
1562,57,19.0,1476.472456140351,20.95263157894737,0.7017543859649122,0.10526315789473684,0.8771929824561403,0.22807017543859648,84158.93000000001,Commuter
1563,18,6.75,2031.966111111111,41.17777777777778,0.6666666666666666,0.1111111111111111,0.05555555555555555,0.3888888888888889,36575.39,Weekend
1564,63,21.47727272727273,1498.9830158730158,19.78095238095238,0.7301587301587301,0.1111111111111111,0.7142857142857143,0.31746031746031744,94435.93,Commuter
1565,49,16.896551724137932,1159.5095918367347,15.628571428571428,0.6326530612244898,0.12244897959183673,0.0,0.1836734693877551,56815.97,Shopper
1566,19,7.125,2554.2631578947367,46.03157894736842,0.05263157894736842,0.05263157894736842,0.0,0.3157894736842105,48531.0,Thrifty
1567,20,7.894736842105264,1913.602,39.685,0.35,0.25,0.05,0.15,38272.04,Weekend
1568,53,17.865168539325843,1501.9509433962262,19.57547169811321,0.6792452830188679,0.07547169811320754,0.8867924528301887,0.22641509433962265,79603.4,Commuter
1569,16,5.853658536585366,1976.578125,38.39375,0.1875,0.1875,0.125,0.125,31625.25,Weekend
1570,10,4.761904761904762,2362.761,49.19,0.0,0.2,0.0,0.3,23627.61,Thrifty
1571,17,6.375,2054.0629411764708,43.794117647058826,0.47058823529411764,0.23529411764705882,0.0,0.058823529411764705,34919.07,Weekend
1572,75,25.280898876404493,1515.8117333333334,19.488,0.6933333333333334,0.02666666666666667,0.7333333333333333,0.26666666666666666,113685.88,Commuter
1573,19,6.867469879518072,1903.9052631578945,43.31578947368421,0.5263157894736842,0.15789473684210525,0.05263157894736842,0.3157894736842105,36174.2,Weekend
1574,36,13.170731707317072,1219.6158333333333,15.027777777777779,0.5555555555555556,0.19444444444444445,0.0,0.16666666666666666,43906.17,Shopper
1575,55,19.186046511627907,1500.7350909090908,21.470909090909092,0.6727272727272727,0.05454545454545454,0.7454545454545455,0.23636363636363636,82540.43,Commuter
1576,63,21.47727272727273,1494.0242857142857,20.83015873015873,0.7777777777777778,0.07936507936507936,0.8571428571428571,0.30158730158730157,94123.53,Commuter
1577,67,22.584269662921347,1508.9459701492538,19.64179104477612,0.7014925373134329,0.08955223880597014,0.7761194029850746,0.26865671641791045,101099.38,Commuter
1578,10,4.225352112676056,2010.9180000000001,43.75,0.4,0.1,0.2,0.3,20109.18,Weekend
1579,15,5.69620253164557,1953.5080000000003,41.22,0.4,0.2,0.06666666666666667,0.26666666666666666,29302.620000000003,Weekend
1580,14,5.121951219512195,2360.07,51.34285714285714,0.07142857142857142,0.14285714285714285,0.0,0.2857142857142857,33040.98,Thrifty
1581,57,19.655172413793103,1488.6343859649123,20.296491228070177,0.7894736842105263,0.05263157894736842,0.7894736842105263,0.24561403508771928,84852.16,Commuter
1582,14,5.526315789473684,2587.934285714286,46.82142857142857,0.0,0.07142857142857142,0.0,0.07142857142857142,36231.08,Thrifty
1583,22,8.148148148148147,2011.689090909091,39.47727272727273,0.36363636363636365,0.09090909090909091,0.0,0.22727272727272727,44257.16,Weekend
1584,11,5.32258064516129,2375.7000000000003,51.445454545454545,0.0,0.09090909090909091,0.0,0.2727272727272727,26132.7,Thrifty
1585,35,12.5,1176.2225714285714,14.645714285714286,0.5428571428571428,0.22857142857142856,0.0,0.22857142857142856,41167.79,Shopper
1586,65,22.413793103448278,1490.9526153846155,19.658461538461538,0.5846153846153846,0.13846153846153847,0.9230769230769231,0.3230769230769231,96911.92,Commuter
1587,19,7.125,2010.1363157894734,39.58421052631579,0.42105263157894735,0.10526315789473684,0.10526315789473684,0.2631578947368421,38192.59,Weekend
1588,15,5.555555555555555,2484.3706666666667,52.973333333333336,0.0,0.0,0.0,0.26666666666666666,37265.56,Thrifty
1589,18,7.105263157894737,2463.6222222222223,50.50555555555556,0.16666666666666666,0.05555555555555555,0.0,0.05555555555555555,44345.2,Thrifty
1590,12,4.864864864864865,2044.506666666667,41.94166666666667,0.3333333333333333,0.16666666666666666,0.08333333333333333,0.16666666666666666,24534.08,Weekend
1591,17,5.930232558139535,2001.7635294117645,39.794117647058826,0.35294117647058826,0.17647058823529413,0.0,0.4117647058823529,34029.979999999996,Weekend
1592,39,13.295454545454547,1215.5710256410255,15.0,0.5128205128205128,0.15384615384615385,0.0,0.1282051282051282,47407.27,Shopper
1593,60,20.224719101123593,1483.6983333333333,20.258333333333333,0.7166666666666667,0.11666666666666667,0.7,0.26666666666666666,89021.9,Commuter
1594,55,19.41176470588235,1476.005090909091,19.181818181818183,0.7090909090909091,0.07272727272727272,0.7090909090909091,0.2909090909090909,81180.28,Commuter
1595,27,9.204545454545455,2061.8162962962965,37.733333333333334,0.37037037037037035,0.2962962962962963,0.1111111111111111,0.2962962962962963,55669.04,Weekend
1596,16,6.075949367088608,2056.3675,37.96875,0.3125,0.25,0.125,0.375,32901.88,Weekend
1597,63,21.0,1511.6133333333332,19.292063492063495,0.6507936507936508,0.12698412698412698,0.8412698412698413,0.2698412698412698,95231.64,Commuter
1598,63,21.724137931034484,1530.505873015873,20.57936507936508,0.6984126984126984,0.07936507936507936,0.7142857142857143,0.31746031746031744,96421.87,Commuter
1599,61,20.56179775280899,1487.0580327868854,20.977049180327867,0.6721311475409836,0.11475409836065574,0.8032786885245902,0.2786885245901639,90710.54000000001,Commuter
1600,44,15.000000000000002,1211.861590909091,15.534090909090908,0.4090909090909091,0.20454545454545456,0.0,0.25,53321.91,Shopper
1601,70,23.333333333333332,1478.3285714285714,19.9,0.7,0.1,0.7571428571428571,0.2714285714285714,103483.0,Commuter
1602,11,5.409836065573771,2480.114545454546,44.08181818181818,0.18181818181818182,0.0,0.0,0.36363636363636365,27281.260000000002,Thrifty
1603,58,19.772727272727273,1507.4691379310343,20.43103448275862,0.7413793103448276,0.1724137931034483,0.8620689655172413,0.3103448275862069,87433.20999999999,Commuter
1604,14,6.5625,2603.700714285714,49.714285714285715,0.14285714285714285,0.0,0.0,0.21428571428571427,36451.81,Thrifty
1605,72,24.269662921348313,1527.29875,19.895833333333332,0.7777777777777778,0.08333333333333333,0.7638888888888888,0.20833333333333334,109965.51,Commuter
1606,13,4.588235294117647,2537.3846153846152,54.70769230769231,0.0,0.0,0.0,0.07692307692307693,32986.0,Thrifty
1607,77,26.551724137931036,1512.16,20.77012987012987,0.7532467532467533,0.09090909090909091,0.8571428571428571,0.24675324675324675,116436.32,Commuter
1608,45,15.340909090909092,1199.1275555555555,15.282222222222224,0.5777777777777777,0.2222222222222222,0.0,0.3333333333333333,53960.74,Shopper
1609,60,20.454545454545457,1521.4056666666665,18.446666666666665,0.7833333333333333,0.03333333333333333,0.7666666666666667,0.18333333333333332,91284.34,Commuter
1610,14,5.185185185185185,2559.7542857142857,48.5,0.07142857142857142,0.0,0.0,0.2857142857142857,35836.56,Thrifty
1611,36,12.134831460674157,1187.0736111111112,13.944444444444445,0.5277777777777778,0.19444444444444445,0.0,0.1388888888888889,42734.65,Shopper
1612,15,5.113636363636364,1953.518,42.13333333333333,0.4,0.2,0.13333333333333333,0.4666666666666667,29302.77,Weekend
1613,26,8.666666666666666,2506.021923076923,49.853846153846156,0.038461538461538464,0.038461538461538464,0.0,0.38461538461538464,65156.57,Thrifty
1614,10,3.4482758620689657,2420.714,49.65,0.0,0.0,0.0,0.5,24207.14,Thrifty
1615,9,3.4177215189873418,2544.4622222222224,50.12222222222223,0.1111111111111111,0.0,0.0,0.2222222222222222,22900.16,Thrifty
1616,23,8.117647058823529,2027.5260869565216,38.94347826086957,0.2608695652173913,0.30434782608695654,0.08695652173913043,0.21739130434782608,46633.1,Weekend
1617,35,11.931818181818183,1174.6208571428572,15.625714285714285,0.5142857142857142,0.2571428571428571,0.0,0.37142857142857144,41111.73,Shopper
1618,19,6.705882352941176,1979.1947368421052,37.3421052631579,0.42105263157894735,0.2631578947368421,0.0,0.3684210526315789,37604.7,Weekend
1619,15,5.421686746987952,2092.144,40.1,0.26666666666666666,0.4,0.13333333333333333,0.26666666666666666,31382.16,Weekend
1620,18,6.428571428571429,1986.698888888889,40.98888888888889,0.4444444444444444,0.16666666666666666,0.05555555555555555,0.2777777777777778,35760.58,Weekend
1621,15,5.294117647058823,2404.2233333333334,48.406666666666666,0.0,0.2,0.0,0.4,36063.35,Thrifty
1622,69,23.522727272727273,1477.5466666666666,19.36231884057971,0.7971014492753623,0.057971014492753624,0.7536231884057971,0.2463768115942029,101950.72,Commuter
1623,13,6.610169491525424,1981.029230769231,41.823076923076925,0.38461538461538464,0.23076923076923078,0.23076923076923078,0.3076923076923077,25753.38,Weekend
1624,41,14.30232558139535,1219.3573170731709,14.229268292682926,0.6585365853658537,0.2926829268292683,0.0,0.34146341463414637,49993.65,Shopper
1625,59,21.071428571428573,1512.9037288135594,19.735593220338984,0.6440677966101694,0.0847457627118644,0.8983050847457628,0.22033898305084745,89261.32,Commuter
1626,22,7.857142857142858,2044.7818181818182,40.981818181818184,0.36363636363636365,0.13636363636363635,0.18181818181818182,0.22727272727272727,44985.2,Weekend
1627,71,24.767441860465116,1508.9498591549295,19.943661971830984,0.6619718309859155,0.09859154929577464,0.7887323943661971,0.352112676056338,107135.44,Commuter
1628,12,4.931506849315069,2558.1475,52.86666666666667,0.08333333333333333,0.08333333333333333,0.0,0.25,30697.77,Thrifty
1629,72,24.269662921348313,1523.163611111111,18.702777777777776,0.6527777777777778,0.16666666666666666,0.8472222222222222,0.2361111111111111,109667.78,Commuter
1630,8,4.067796610169491,2537.46875,46.875,0.125,0.125,0.0,0.0,20299.75,Thrifty
1631,22,7.857142857142858,2030.8377272727273,40.86818181818182,0.5,0.2727272727272727,0.13636363636363635,0.36363636363636365,44678.43,Weekend
1632,10,3.409090909090909,2407.42,46.07,0.1,0.2,0.0,0.1,24074.2,Thrifty
1633,26,8.764044943820224,2002.6284615384614,38.71153846153846,0.5384615384615384,0.23076923076923078,0.11538461538461539,0.11538461538461539,52068.34,Weekend
1634,17,5.930232558139535,1954.0141176470588,40.311764705882354,0.47058823529411764,0.23529411764705882,0.11764705882352941,0.058823529411764705,33218.24,Weekend
1635,38,12.954545454545455,1221.756842105263,15.278947368421052,0.5526315789473685,0.2631578947368421,0.0,0.18421052631578946,46426.76,Shopper
1636,58,19.772727272727273,1515.2855172413792,20.017241379310345,0.7241379310344828,0.017241379310344827,0.8275862068965517,0.20689655172413793,87886.56,Commuter
1637,13,4.534883720930233,2517.9215384615386,47.52307692307692,0.0,0.15384615384615385,0.0,0.23076923076923078,32732.98,Thrifty
1638,63,21.97674418604651,1512.553492063492,19.022222222222222,0.746031746031746,0.1111111111111111,0.7777777777777778,0.2857142857142857,95290.87,Commuter
1639,42,14.157303370786517,1198.184761904762,14.628571428571428,0.5476190476190477,0.19047619047619047,0.0,0.30952380952380953,50323.76,Shopper
1640,36,12.705882352941176,1186.1655555555556,15.880555555555556,0.6388888888888888,0.25,0.0,0.08333333333333333,42701.96,Shopper
1641,13,5.492957746478873,2582.4915384615383,50.353846153846156,0.0,0.0,0.0,0.3076923076923077,33572.39,Thrifty
1642,39,13.295454545454547,1175.878205128205,14.682051282051283,0.4358974358974359,0.3076923076923077,0.0,0.1794871794871795,45859.25,Shopper
1643,19,7.037037037037036,2507.5384210526317,54.6,0.10526315789473684,0.0,0.0,0.3684210526315789,47643.23,Thrifty
1644,22,7.586206896551724,1991.8863636363637,37.45454545454545,0.5,0.22727272727272727,0.09090909090909091,0.4090909090909091,43821.5,Weekend
1645,56,19.090909090909093,1497.9928571428572,20.157142857142855,0.75,0.16071428571428573,0.8214285714285714,0.23214285714285715,83887.6,Commuter
1646,14,5.185185185185185,2001.4135714285715,43.471428571428575,0.35714285714285715,0.14285714285714285,0.14285714285714285,0.2857142857142857,28019.79,Weekend
1647,75,25.56818181818182,1486.6501333333333,20.45866666666667,0.7466666666666667,0.10666666666666667,0.7066666666666667,0.36,111498.76,Commuter
1648,40,13.48314606741573,1165.71675,15.022499999999999,0.55,0.1,0.0,0.3,46628.67,Shopper
1649,19,6.951219512195122,2009.9084210526316,40.71052631578947,0.3684210526315789,0.21052631578947367,0.10526315789473684,0.42105263157894735,38188.26,Weekend
1650,22,7.764705882352941,1942.679090909091,38.309090909090905,0.5909090909090909,0.3181818181818182,0.13636363636363635,0.3181818181818182,42738.94,Weekend
1651,66,23.023255813953487,1500.8419696969697,19.10909090909091,0.6515151515151515,0.12121212121212122,0.8484848484848485,0.3181818181818182,99055.57,Commuter
1652,11,4.024390243902439,2459.378181818182,47.872727272727275,0.0,0.0,0.0,0.45454545454545453,27053.16,Thrifty
1653,59,19.8876404494382,1488.896779661017,19.577966101694912,0.7288135593220338,0.06779661016949153,0.8305084745762712,0.2711864406779661,87844.91,Commuter
1654,14,5.0602409638554215,2434.4464285714284,47.885714285714286,0.0,0.0,0.0,0.35714285714285715,34082.25,Thrifty
1655,62,20.666666666666668,1531.081935483871,20.133870967741935,0.7096774193548387,0.06451612903225806,0.8387096774193549,0.3064516129032258,94927.08,Commuter
1656,38,13.255813953488373,1191.345,16.044736842105266,0.4473684210526316,0.15789473684210525,0.0,0.39473684210526316,45271.11,Shopper
1657,18,6.136363636363637,1922.1583333333333,38.983333333333334,0.4444444444444444,0.2222222222222222,0.0,0.3333333333333333,34598.85,Weekend
1658,16,6.666666666666667,2455.1775,44.1125,0.0625,0.0,0.0,0.125,39282.84,Thrifty
1659,11,4.852941176470589,2483.973636363636,54.290909090909096,0.0,0.0,0.0,0.45454545454545453,27323.71,Thrifty
1660,12,4.736842105263158,2588.210833333333,48.05833333333334,0.25,0.08333333333333333,0.0,0.3333333333333333,31058.53,Thrifty
1661,15,5.625,2003.0366666666666,36.61333333333334,0.26666666666666666,0.3333333333333333,0.06666666666666667,0.26666666666666666,30045.55,Weekend
1662,14,5.384615384615384,2664.4957142857143,45.728571428571435,0.0,0.0,0.0,0.5,37302.94,Thrifty
1663,34,12.142857142857144,1176.3055882352942,15.755882352941178,0.5,0.14705882352941177,0.0,0.17647058823529413,39994.39,Shopper
1664,10,4.109589041095891,2558.784,50.71,0.1,0.1,0.0,0.3,25587.84,Thrifty
1665,44,15.000000000000002,1219.6284090909091,14.452272727272726,0.5,0.2727272727272727,0.0,0.3181818181818182,53663.65,Shopper
1666,52,18.13953488372093,1192.9382692307693,14.492307692307692,0.46153846153846156,0.23076923076923078,0.0,0.28846153846153844,62032.79,Shopper
1667,64,22.06896551724138,1502.2621875,19.7375,0.6875,0.0625,0.90625,0.234375,96144.78,Commuter
1668,56,18.666666666666668,1177.243392857143,14.49642857142857,0.48214285714285715,0.19642857142857142,0.0,0.23214285714285715,65925.63,Shopper
1669,63,21.0,1515.7144444444443,20.05079365079365,0.7142857142857143,0.07936507936507936,0.6666666666666666,0.4126984126984127,95490.01,Commuter
1670,34,11.590909090909092,1156.7532352941178,16.63823529411765,0.47058823529411764,0.23529411764705882,0.0,0.29411764705882354,39329.61,Shopper
1671,18,6.75,2483.7255555555553,48.150000000000006,0.05555555555555555,0.0,0.0,0.2777777777777778,44707.06,Thrifty
1672,40,13.953488372093023,1198.89925,15.0525,0.425,0.15,0.0,0.3,47955.97,Shopper
1673,42,14.651162790697674,1215.9269047619048,13.761904761904763,0.5714285714285714,0.23809523809523808,0.0,0.3333333333333333,51068.93,Shopper
1674,35,12.962962962962962,1213.2271428571428,14.248571428571429,0.5428571428571428,0.2,0.0,0.22857142857142856,42462.95,Shopper
1675,13,6.610169491525424,2037.3000000000002,42.400000000000006,0.38461538461538464,0.15384615384615385,0.07692307692307693,0.3076923076923077,26484.9,Weekend
1676,15,5.625,2572.4866666666667,54.75333333333333,0.0,0.0,0.0,0.2,38587.3,Thrifty
1677,85,28.97727272727273,1502.4178823529412,20.138823529411763,0.5882352941176471,0.09411764705882353,0.8352941176470589,0.24705882352941178,127705.52,Commuter
1678,10,3.5294117647058822,2323.981,50.17999999999999,0.0,0.1,0.0,0.2,23239.81,Thrifty
1679,65,22.674418604651162,1510.3447692307693,20.807692307692307,0.7230769230769231,0.07692307692307693,0.8307692307692308,0.2923076923076923,98172.41,Commuter
1680,20,7.0588235294117645,2038.9209999999998,39.705,0.35,0.4,0.2,0.35,40778.42,Weekend
1681,12,4.8,2481.0325,52.125,0.08333333333333333,0.08333333333333333,0.0,0.25,29772.39,Thrifty
1682,42,14.0,1186.747619047619,16.011904761904763,0.42857142857142855,0.16666666666666666,0.0,0.30952380952380953,49843.4,Shopper
1683,18,6.27906976744186,1956.1394444444445,38.16111111111111,0.6666666666666666,0.05555555555555555,0.1111111111111111,0.2222222222222222,35210.51,Weekend
1684,47,16.588235294117645,1168.2985106382978,15.329787234042554,0.5531914893617021,0.1276595744680851,0.0,0.2765957446808511,54910.03,Shopper
1685,60,20.224719101123593,1521.6933333333334,20.293333333333333,0.7333333333333333,0.11666666666666667,0.7833333333333333,0.26666666666666666,91301.6,Commuter
1686,41,14.13793103448276,1189.2131707317074,15.45609756097561,0.5365853658536586,0.1951219512195122,0.0,0.24390243902439024,48757.74,Shopper
1687,33,11.25,1208.0012121212121,13.851515151515152,0.5757575757575758,0.15151515151515152,0.0,0.18181818181818182,39864.04,Shopper
1688,19,7.5,2472.0647368421055,48.642105263157895,0.10526315789473684,0.21052631578947367,0.0,0.2631578947368421,46969.23,Thrifty
1689,24,8.181818181818182,1985.5458333333333,39.49166666666667,0.3333333333333333,0.125,0.08333333333333333,0.25,47653.1,Weekend
1690,19,6.7857142857142865,1967.1378947368423,36.45263157894737,0.5263157894736842,0.3157894736842105,0.0,0.42105263157894735,37375.62,Weekend
1691,64,21.81818181818182,1480.0128124999999,20.00625,0.734375,0.015625,0.78125,0.296875,94720.81999999999,Commuter
1692,17,6.455696202531645,2592.955882352941,46.300000000000004,0.058823529411764705,0.0,0.0,0.35294117647058826,44080.25,Thrifty
1693,19,6.551724137931035,2526.783684210526,50.1578947368421,0.0,0.10526315789473684,0.0,0.21052631578947367,48008.89,Thrifty
1694,57,19.88372093023256,1491.1170175438597,19.924561403508772,0.7368421052631579,0.10526315789473684,0.8070175438596491,0.2982456140350877,84993.67,Commuter
1695,16,6.075949367088608,2467.628125,48.9625,0.0,0.0,0.0,0.0625,39482.05,Thrifty
1696,76,25.333333333333332,1510.0013157894737,19.031578947368423,0.7631578947368421,0.11842105263157894,0.7368421052631579,0.3815789473684211,114760.1,Commuter
1697,76,25.90909090909091,1493.5707894736843,18.935526315789474,0.7368421052631579,0.11842105263157894,0.631578947368421,0.23684210526315788,113511.38,Commuter
1698,58,20.232558139534884,1524.289827586207,20.74827586206897,0.7241379310344828,0.06896551724137931,0.7758620689655172,0.20689655172413793,88408.81,Commuter
1699,44,15.000000000000002,1201.2034090909092,15.6,0.5454545454545454,0.1590909090909091,0.0,0.1590909090909091,52852.950000000004,Shopper
1700,12,4.864864864864865,2466.9533333333334,49.708333333333336,0.08333333333333333,0.0,0.0,0.25,29603.440000000002,Thrifty
1701,35,12.5,1166.1977142857143,14.8,0.4,0.22857142857142856,0.0,0.2857142857142857,40816.92,Shopper
1702,11,4.230769230769231,2604.4327272727273,49.64545454545455,0.09090909090909091,0.0,0.0,0.45454545454545453,28648.760000000002,Thrifty
1703,14,5.753424657534247,2554.468571428571,50.08571428571429,0.0,0.07142857142857142,0.0,0.5,35762.56,Thrifty
1704,16,6.075949367088608,2471.665,47.71875,0.0,0.0625,0.0,0.3125,39546.64,Thrifty
1705,7,3.230769230769231,2434.7514285714287,51.74285714285714,0.0,0.0,0.0,0.14285714285714285,17043.260000000002,Thrifty
1706,66,22.247191011235955,1494.1640909090909,19.433333333333334,0.6060606060606061,0.13636363636363635,0.8333333333333334,0.22727272727272727,98614.83,Commuter
1707,15,5.232558139534883,1970.4673333333333,41.64666666666667,0.2,0.2,0.13333333333333333,0.26666666666666666,29557.01,Weekend
1708,75,25.0,1501.2638666666667,20.606666666666666,0.7066666666666667,0.08,0.8133333333333334,0.24,112594.79,Commuter
1709,15,5.625,1976.4853333333333,41.94666666666667,0.4666666666666667,0.3333333333333333,0.06666666666666667,0.4,29647.28,Weekend
1710,23,7.752808988764045,1928.0100000000002,37.891304347826086,0.30434782608695654,0.2608695652173913,0.13043478260869565,0.17391304347826086,44344.23,Weekend
1711,68,23.181818181818183,1514.846176470588,20.075,0.6323529411764706,0.19117647058823528,0.7352941176470589,0.22058823529411764,103009.54,Commuter
1712,66,22.0,1483.3271212121213,21.26060606060606,0.7575757575757576,0.12121212121212122,0.7727272727272727,0.25757575757575757,97899.59,Commuter
1713,28,9.438202247191011,2032.6457142857143,41.74285714285714,0.35714285714285715,0.25,0.14285714285714285,0.32142857142857145,56914.08,Weekend
1714,10,3.8961038961038956,2557.85,48.95,0.0,0.0,0.0,0.1,25578.5,Thrifty
1715,53,18.27586206896552,1488.387924528302,19.567924528301884,0.7547169811320755,0.11320754716981132,0.8867924528301887,0.2830188679245283,78884.56,Commuter
1716,41,14.13793103448276,1202.530731707317,16.96829268292683,0.5609756097560976,0.21951219512195122,0.0,0.4146341463414634,49303.76,Shopper
1717,63,21.724137931034484,1501.0844444444444,20.561904761904763,0.5714285714285714,0.09523809523809523,0.7619047619047619,0.25396825396825395,94568.32,Commuter
1718,21,7.411764705882352,2007.6433333333334,41.12380952380953,0.38095238095238093,0.19047619047619047,0.09523809523809523,0.23809523809523808,42160.51,Weekend
1719,34,12.0,1179.600588235294,14.461764705882352,0.5588235294117647,0.2647058823529412,0.0,0.3235294117647059,40106.42,Shopper
1720,62,21.136363636363637,1513.695322580645,19.61774193548387,0.7096774193548387,0.0967741935483871,0.7258064516129032,0.22580645161290322,93849.11,Commuter
1721,65,22.15909090909091,1478.2656923076925,20.43846153846154,0.5538461538461539,0.1076923076923077,0.7846153846153846,0.3076923076923077,96087.27,Commuter
1722,66,22.247191011235955,1503.700606060606,20.843939393939394,0.7121212121212122,0.12121212121212122,0.7727272727272727,0.15151515151515152,99244.24,Commuter
1723,12,4.285714285714286,2542.353333333333,47.4,0.0,0.0,0.0,0.16666666666666666,30508.239999999998,Thrifty
1724,56,19.090909090909093,1491.9575,21.11785714285714,0.75,0.14285714285714285,0.8214285714285714,0.17857142857142858,83549.62,Commuter
1725,16,5.5813953488372094,1950.834375,37.69375,0.25,0.25,0.0625,0.25,31213.35,Weekend
1726,65,21.666666666666668,1538.880153846154,19.323076923076922,0.6461538461538462,0.09230769230769231,0.8153846153846154,0.24615384615384617,100027.21,Commuter
1727,14,5.675675675675675,2472.7457142857143,52.82142857142857,0.07142857142857142,0.0,0.0,0.35714285714285715,34618.44,Thrifty
1728,45,15.340909090909092,1234.1015555555555,15.195555555555554,0.6222222222222222,0.28888888888888886,0.0,0.35555555555555557,55534.57,Shopper
1729,47,16.78571428571429,1203.8217021276596,12.529787234042553,0.40425531914893614,0.06382978723404255,0.0,0.2978723404255319,56579.62,Shopper
1730,15,5.232558139534883,2064.661333333333,40.50666666666667,0.3333333333333333,0.13333333333333333,0.13333333333333333,0.4666666666666667,30969.92,Weekend
1731,16,5.454545454545455,2552.5637500000003,48.1875,0.0625,0.0625,0.0,0.4375,40841.020000000004,Thrifty
1732,15,6.164383561643836,2022.6006666666665,40.88,0.4,0.13333333333333333,0.13333333333333333,0.4,30339.01,Weekend
1733,14,5.675675675675675,2558.1621428571425,47.98571428571428,0.07142857142857142,0.21428571428571427,0.0,0.21428571428571427,35814.27,Thrifty
1734,14,5.185185185185185,2531.289285714286,50.535714285714285,0.0,0.0,0.0,0.2857142857142857,35438.05,Thrifty
1735,76,25.333333333333332,1490.9527631578949,20.39342105263158,0.7105263157894737,0.07894736842105263,0.8421052631578947,0.34210526315789475,113312.41,Commuter
1736,42,14.157303370786517,1195.0740476190476,13.399999999999999,0.40476190476190477,0.14285714285714285,0.0,0.42857142857142855,50193.11,Shopper
1737,9,15.882352941176471,2701.0955555555556,48.36666666666667,0.1111111111111111,0.1111111111111111,0.0,0.1111111111111111,24309.86,Thrifty
1738,71,23.93258426966292,1443.351267605634,21.73098591549296,0.6338028169014085,0.14084507042253522,0.8028169014084507,0.22535211267605634,102477.94,Commuter
1739,16,6.075949367088608,2557.295,49.94375,0.0,0.0625,0.0,0.25,40916.72,Thrifty
1740,17,6.8,2524.66,49.794117647058826,0.17647058823529413,0.058823529411764705,0.0,0.35294117647058826,42919.22,Thrifty
1741,35,11.797752808988763,1159.6614285714286,14.820000000000002,0.5428571428571428,0.2857142857142857,0.0,0.22857142857142856,40588.15,Shopper
1742,21,7.241379310344827,2002.752857142857,39.4,0.19047619047619047,0.2857142857142857,0.14285714285714285,0.14285714285714285,42057.81,Weekend
1743,20,7.0588235294117645,2017.5865000000001,37.57,0.55,0.2,0.05,0.35,40351.73,Weekend
1744,88,30.000000000000004,1497.4202272727273,19.731818181818184,0.7272727272727273,0.11363636363636363,0.7272727272727273,0.2727272727272727,131772.98,Commuter
1745,14,5.6,2571.8928571428573,46.32142857142857,0.07142857142857142,0.14285714285714285,0.0,0.21428571428571427,36006.5,Thrifty
1746,13,4.482758620689656,2531.1769230769232,46.44615384615384,0.0,0.0,0.0,0.3076923076923077,32905.3,Thrifty
1747,78,26.0,1496.4134615384614,19.615384615384617,0.7051282051282052,0.14102564102564102,0.782051282051282,0.16666666666666666,116720.25,Commuter
1748,58,19.333333333333332,1481.3794827586205,21.03448275862069,0.7241379310344828,0.1206896551724138,0.7758620689655172,0.1724137931034483,85920.01,Commuter
1749,12,4.235294117647059,2030.6966666666667,37.28333333333333,0.25,0.16666666666666666,0.3333333333333333,0.5,24368.36,Weekend
1750,75,25.862068965517242,1486.2537333333332,19.0,0.6666666666666666,0.09333333333333334,0.8266666666666667,0.28,111469.03,Commuter
1751,13,4.482758620689656,2548.876153846154,51.4076923076923,0.0,0.0,0.0,0.23076923076923078,33135.39,Thrifty
1752,57,20.11764705882353,1495.9115789473685,19.349122807017544,0.7368421052631579,0.07017543859649122,0.8421052631578947,0.3333333333333333,85266.96,Commuter
1753,57,19.213483146067414,1506.6919298245614,21.405263157894737,0.7192982456140351,0.12280701754385964,0.8596491228070176,0.3333333333333333,85881.44,Commuter
1754,73,24.606741573033705,1498.636301369863,20.28082191780822,0.589041095890411,0.0821917808219178,0.8493150684931506,0.3013698630136986,109400.45,Commuter
1755,43,14.494382022471909,1203.2216279069767,17.125581395348835,0.6046511627906976,0.16279069767441862,0.0,0.23255813953488372,51738.53,Shopper
1756,36,12.705882352941176,1174.0947222222223,15.277777777777779,0.6666666666666666,0.08333333333333333,0.0,0.3888888888888889,42267.41,Shopper
1757,27,11.095890410958905,1222.2740740740742,14.47777777777778,0.4074074074074074,0.1111111111111111,0.0,0.2962962962962963,33001.4,Shopper
1758,18,6.585365853658536,2515.75,47.76111111111111,0.05555555555555555,0.16666666666666666,0.0,0.5555555555555556,45283.5,Thrifty
1759,63,22.5,1509.5666666666666,19.70952380952381,0.6825396825396826,0.06349206349206349,0.8095238095238095,0.2698412698412698,95102.7,Commuter
1760,15,5.232558139534883,2458.5713333333333,48.16,0.0,0.06666666666666667,0.0,0.26666666666666666,36878.57,Thrifty
1761,15,6.164383561643836,2503.1986666666667,56.35333333333333,0.0,0.06666666666666667,0.0,0.13333333333333333,37547.98,Thrifty
1762,30,10.843373493975903,1238.4923333333331,15.093333333333334,0.5,0.13333333333333333,0.0,0.3,37154.77,Shopper
1763,63,21.235955056179776,1530.2139682539682,19.707936507936505,0.7301587301587301,0.14285714285714285,0.746031746031746,0.19047619047619047,96403.48,Commuter
1764,7,2.763157894736842,2420.7685714285717,47.5,0.0,0.14285714285714285,0.0,0.14285714285714285,16945.38,Thrifty
1765,64,21.333333333333332,1492.9796875,20.621875,0.65625,0.046875,0.75,0.3125,95550.7,Commuter
1766,10,3.658536585365854,2460.792,47.61,0.2,0.0,0.0,0.5,24607.92,Thrifty
1767,29,9.775280898876405,2046.2006896551725,40.282758620689656,0.3448275862068966,0.3448275862068966,0.10344827586206896,0.3793103448275862,59339.82,Weekend
1768,8,4.363636363636364,2488.39,50.0375,0.125,0.0,0.0,0.5,19907.12,Thrifty
1769,19,7.916666666666667,2496.3026315789475,48.96842105263158,0.05263157894736842,0.10526315789473684,0.0,0.10526315789473684,47429.75,Thrifty
1770,20,7.228915662650603,2460.138,51.775,0.0,0.05,0.0,0.35,49202.76,Thrifty
1771,10,3.4482758620689657,2350.8309999999997,49.2,0.1,0.1,0.0,0.6,23508.309999999998,Thrifty
1772,14,4.666666666666667,1989.0421428571428,40.26428571428572,0.42857142857142855,0.21428571428571427,0.0,0.5,27846.59,Weekend
1773,59,19.8876404494382,1196.02406779661,14.23728813559322,0.4745762711864407,0.2033898305084746,0.0,0.23728813559322035,70565.42,Shopper
1774,42,14.482758620689655,1172.9909523809524,15.933333333333334,0.5238095238095238,0.19047619047619047,0.0,0.2619047619047619,49265.62,Shopper
1775,21,7.325581395348837,2045.6695238095238,39.02857142857143,0.6666666666666666,0.3333333333333333,0.09523809523809523,0.23809523809523808,42959.06,Weekend
1776,12,4.186046511627907,2525.5333333333333,48.05833333333334,0.08333333333333333,0.0,0.0,0.3333333333333333,30306.4,Thrifty
1777,16,5.517241379310345,1977.423125,38.91875,0.25,0.3125,0.0625,0.5,31638.77,Weekend
1778,26,9.285714285714286,2516.5415384615385,47.61923076923077,0.038461538461538464,0.11538461538461539,0.0,0.3076923076923077,65430.08,Thrifty
1779,59,20.113636363636363,1474.7794915254237,21.008474576271187,0.6949152542372882,0.13559322033898305,0.8135593220338984,0.1694915254237288,87011.99,Commuter
1780,41,14.470588235294118,1235.3163414634146,15.700000000000001,0.6097560975609756,0.17073170731707318,0.0,0.24390243902439024,50647.97,Shopper
1781,77,25.95505617977528,1498.6835064935065,19.196103896103896,0.7142857142857143,0.11688311688311688,0.7792207792207793,0.2987012987012987,115398.63,Commuter
1782,31,11.625,1202.3125806451615,15.983870967741936,0.6129032258064516,0.1935483870967742,0.0,0.2903225806451613,37271.69,Shopper
1783,8,2.962962962962963,2376.66875,54.325,0.25,0.0,0.0,0.125,19013.35,Thrifty
1784,11,4.4,2010.151818181818,38.97272727272727,0.5454545454545454,0.2727272727272727,0.0,0.18181818181818182,22111.67,Weekend
1785,19,7.215189873417722,2031.057894736842,37.194736842105264,0.3157894736842105,0.21052631578947367,0.15789473684210525,0.5263157894736842,38590.1,Weekend
1786,41,14.13793103448276,1191.7270731707317,15.314634146341463,0.43902439024390244,0.24390243902439024,0.0,0.3902439024390244,48860.81,Shopper
1787,24,8.78048780487805,1960.0795833333334,41.795833333333334,0.25,0.20833333333333334,0.08333333333333333,0.3333333333333333,47041.91,Weekend
1788,15,5.625,2087.2853333333333,42.10666666666667,0.26666666666666666,0.06666666666666667,0.13333333333333333,0.6,31309.28,Weekend
1789,61,21.78571428571429,1476.1396721311476,19.055737704918034,0.6557377049180327,0.09836065573770492,0.7377049180327869,0.3442622950819672,90044.52,Commuter
1790,12,5.294117647058823,2429.7491666666665,51.73333333333334,0.16666666666666666,0.08333333333333333,0.0,0.25,29156.989999999998,Thrifty
1791,60,20.689655172413794,1506.693,19.026666666666664,0.75,0.13333333333333333,0.8166666666666667,0.2,90401.58,Commuter
1792,18,7.397260273972603,1982.77,40.638888888888886,0.5,0.3333333333333333,0.05555555555555555,0.3333333333333333,35689.86,Weekend
1793,13,5.0,2467.4653846153847,48.52307692307692,0.0,0.15384615384615385,0.0,0.23076923076923078,32077.05,Thrifty
1794,20,7.894736842105264,2029.328,36.19,0.45,0.2,0.15,0.25,40586.56,Weekend
1795,65,22.413793103448278,1497.3936923076922,20.286153846153844,0.7538461538461538,0.15384615384615385,0.8923076923076924,0.24615384615384617,97330.59,Commuter
1796,74,24.9438202247191,1496.109864864865,20.85,0.7567567567567568,0.12162162162162163,0.8378378378378378,0.21621621621621623,110712.13,Commuter
1797,18,6.506024096385542,2059.696111111111,41.23888888888889,0.5,0.3888888888888889,0.05555555555555555,0.3888888888888889,37074.53,Weekend
1798,60,21.686746987951807,1497.6913333333332,20.175,0.7666666666666667,0.06666666666666667,0.8333333333333334,0.3333333333333333,89861.48,Commuter
1799,64,21.333333333333332,1514.4546875,19.9671875,0.71875,0.125,0.828125,0.3125,96925.1,Commuter
1800,62,20.89887640449438,1511.1996774193549,19.866129032258065,0.6774193548387096,0.0967741935483871,0.7419354838709677,0.2903225806451613,93694.38,Commuter
1801,41,13.820224719101123,1187.7256097560976,13.919512195121952,0.4634146341463415,0.17073170731707318,0.0,0.3170731707317073,48696.75,Shopper
1802,21,7.875,2013.2847619047618,40.10476190476191,0.47619047619047616,0.23809523809523808,0.14285714285714285,0.38095238095238093,42278.979999999996,Weekend
1803,15,6.338028169014084,2497.2466666666664,46.11333333333334,0.0,0.06666666666666667,0.0,0.26666666666666666,37458.7,Thrifty
1804,67,23.92857142857143,1498.5611940298509,19.56417910447761,0.7313432835820896,0.1044776119402985,0.7910447761194029,0.3582089552238806,100403.6,Commuter
1805,17,5.730337078651685,2540.724117647059,51.01764705882353,0.058823529411764705,0.0,0.0,0.17647058823529413,43192.31,Thrifty
1806,25,10.0,1995.0916,40.088,0.32,0.32,0.16,0.4,49877.29,Weekend
1807,19,7.402597402597402,2021.155789473684,44.37894736842105,0.42105263157894735,0.3157894736842105,0.10526315789473684,0.47368421052631576,38401.96,Weekend
1808,63,21.0,1514.023492063492,20.952380952380953,0.6349206349206349,0.1111111111111111,0.746031746031746,0.19047619047619047,95383.48,Commuter
1809,79,26.629213483146067,1500.5774683544303,19.211392405063293,0.7088607594936709,0.08860759493670886,0.7721518987341772,0.26582278481012656,118545.62,Commuter
1810,56,18.876404494382022,1494.256607142857,20.12142857142857,0.7321428571428571,0.08928571428571429,0.8392857142857143,0.25,83678.37,Commuter
1811,20,6.8965517241379315,1987.1665,37.980000000000004,0.25,0.3,0.05,0.3,39743.33,Weekend
1812,17,5.930232558139535,1968.8,38.48235294117647,0.6470588235294118,0.11764705882352941,0.17647058823529413,0.11764705882352941,33469.6,Weekend
1813,48,16.74418604651163,1477.0391666666667,18.772916666666667,0.6875,0.125,0.7916666666666666,0.3125,70897.88,Commuter
1814,55,18.75,1497.0294545454544,20.563636363636363,0.8181818181818182,0.07272727272727272,0.8363636363636363,0.32727272727272727,82336.62,Commuter
1815,65,21.91011235955056,1477.1998461538462,20.84307692307692,0.7076923076923077,0.09230769230769231,0.8461538461538461,0.18461538461538463,96017.99,Commuter
1816,39,13.76470588235294,1174.641794871795,15.25897435897436,0.5128205128205128,0.38461538461538464,0.0,0.1794871794871795,45811.03,Shopper
1817,71,23.93258426966292,1495.6777464788731,19.41549295774648,0.6901408450704225,0.15492957746478872,0.7746478873239436,0.22535211267605634,106193.12,Commuter
1818,19,7.6,1956.8115789473684,38.699999999999996,0.3157894736842105,0.3157894736842105,0.05263157894736842,0.2631578947368421,37179.42,Weekend
1819,18,7.105263157894737,1984.3416666666667,41.17777777777778,0.2222222222222222,0.16666666666666666,0.2222222222222222,0.3333333333333333,35718.15,Weekend
1820,21,7.500000000000001,2591.322380952381,51.209523809523816,0.047619047619047616,0.047619047619047616,0.0,0.19047619047619047,54417.770000000004,Thrifty
1821,54,18.837209302325583,1529.1927777777778,20.20740740740741,0.6851851851851852,0.12962962962962962,0.7592592592592593,0.16666666666666666,82576.41,Commuter
1822,77,25.95505617977528,1525.93987012987,18.862337662337662,0.7922077922077922,0.1038961038961039,0.8051948051948052,0.2857142857142857,117497.37,Commuter
1823,15,5.48780487804878,2019.8926666666666,39.44666666666667,0.5333333333333333,0.4666666666666667,0.0,0.13333333333333333,30298.39,Weekend
1824,28,11.052631578947368,2008.2067857142858,40.53214285714286,0.39285714285714285,0.2857142857142857,0.0,0.25,56229.79,Weekend
1825,21,7.682926829268292,2029.6757142857143,40.076190476190476,0.38095238095238093,0.3333333333333333,0.14285714285714285,0.23809523809523808,42623.19,Weekend
1826,11,4.0740740740740735,2519.5245454545457,48.07272727272727,0.2727272727272727,0.09090909090909091,0.0,0.5454545454545454,27714.77,Thrifty
1827,70,23.333333333333332,1520.3247142857142,19.997142857142858,0.7285714285714285,0.11428571428571428,0.7714285714285715,0.22857142857142856,106422.73,Commuter
1828,49,16.704545454545457,1218.9710204081632,15.39795918367347,0.4489795918367347,0.24489795918367346,0.0,0.3673469387755102,59729.58,Shopper
1829,25,11.029411764705882,2028.5636,42.72,0.52,0.2,0.04,0.28,50714.09,Weekend
1830,76,25.90909090909091,1492.2259210526315,19.46578947368421,0.7368421052631579,0.09210526315789473,0.8026315789473685,0.3026315789473684,113409.17,Commuter
1831,46,16.626506024096386,1201.360652173913,15.191304347826087,0.45652173913043476,0.1956521739130435,0.0,0.2826086956521739,55262.59,Shopper
1832,20,8.0,2002.675,42.205,0.25,0.35,0.2,0.3,40053.5,Weekend
1833,23,9.2,1934.7895652173916,38.96086956521739,0.4782608695652174,0.30434782608695654,0.08695652173913043,0.34782608695652173,44500.16,Weekend
1834,43,14.827586206896552,1995.3276744186046,39.188372093023254,0.4186046511627907,0.3953488372093023,0.13953488372093023,0.16279069767441862,85799.09,Weekend
1835,38,12.954545454545455,1198.2207894736841,15.831578947368422,0.47368421052631576,0.15789473684210525,0.0,0.23684210526315788,45532.39,Shopper
1836,16,5.5813953488372094,2021.6875,41.21875,0.375,0.25,0.25,0.125,32347.0,Weekend
1837,66,22.247191011235955,1511.7986363636364,20.30757575757576,0.7424242424242424,0.19696969696969696,0.7878787878787878,0.24242424242424243,99778.71,Commuter
1838,11,4.342105263157895,2534.818181818182,56.790909090909096,0.0,0.09090909090909091,0.0,0.45454545454545453,27883.0,Thrifty
1839,40,14.117647058823529,1200.9515,14.2625,0.525,0.175,0.0,0.15,48038.06,Shopper
1840,67,22.333333333333332,1490.9953731343285,20.888059701492537,0.7164179104477612,0.05970149253731343,0.7761194029850746,0.2835820895522388,99896.69,Commuter
1841,7,5.25,2460.7042857142856,49.214285714285715,0.0,0.0,0.0,0.2857142857142857,17224.93,Thrifty
1842,14,4.772727272727273,2531.765,49.57142857142857,0.07142857142857142,0.0,0.0,0.14285714285714285,35444.71,Thrifty
1843,12,4.186046511627907,2547.37,50.5,0.0,0.08333333333333333,0.0,0.16666666666666666,30568.44,Thrifty
1844,15,5.844155844155844,2016.09,40.806666666666665,0.4666666666666667,0.13333333333333333,0.0,0.26666666666666666,30241.35,Weekend
1845,40,14.117647058823529,1201.4950000000001,15.59,0.425,0.275,0.0,0.275,48059.8,Shopper
1846,68,23.448275862068968,1472.6073529411765,21.560294117647057,0.7058823529411765,0.10294117647058823,0.7647058823529411,0.19117647058823528,100137.3,Commuter
1847,77,25.95505617977528,1497.4844155844157,20.14805194805195,0.6103896103896104,0.06493506493506493,0.7662337662337663,0.2597402597402597,115306.3,Commuter
1848,61,21.52941176470588,1539.7875409836065,19.475409836065573,0.7049180327868853,0.08196721311475409,0.7377049180327869,0.16393442622950818,93927.04,Commuter
1849,37,13.058823529411764,1198.1972972972974,15.243243243243244,0.5135135135135135,0.16216216216216217,0.0,0.35135135135135137,44333.3,Shopper
1850,21,7.159090909090909,2009.5742857142857,41.42857142857143,0.38095238095238093,0.38095238095238093,0.09523809523809523,0.23809523809523808,42201.06,Weekend
1851,65,21.666666666666668,1468.0656923076924,20.74923076923077,0.7384615384615385,0.09230769230769231,0.8615384615384616,0.24615384615384617,95424.27,Commuter
1852,40,13.48314606741573,1183.16025,15.25,0.525,0.275,0.0,0.275,47326.409999999996,Shopper
1853,32,11.162790697674419,1180.94875,15.478125,0.40625,0.3125,0.0,0.15625,37790.36,Shopper
1854,32,12.151898734177216,1210.4234375,14.878125,0.375,0.1875,0.0,0.21875,38733.55,Shopper
1855,32,10.666666666666666,1180.2990625,15.225,0.65625,0.1875,0.0,0.34375,37769.57,Shopper
1856,64,21.573033707865168,1488.37125,20.796875,0.765625,0.046875,0.859375,0.28125,95255.76,Commuter
1857,29,10.481927710843374,1986.4586206896552,40.800000000000004,0.3793103448275862,0.3448275862068966,0.06896551724137931,0.13793103448275862,57607.3,Weekend
1858,6,2.0224719101123596,2550.338333333333,39.800000000000004,0.0,0.16666666666666666,0.0,0.16666666666666666,15302.029999999999,Thrifty
1859,47,16.022727272727273,1227.524255319149,13.763829787234043,0.5106382978723404,0.10638297872340426,0.0,0.2765957446808511,57693.64,Shopper
1860,16,6.575342465753425,2143.540625,40.75,0.25,0.3125,0.25,0.4375,34296.65,Weekend
1861,18,6.506024096385542,1945.1827777777778,39.08888888888889,0.3333333333333333,0.1111111111111111,0.05555555555555555,0.2777777777777778,35013.29,Weekend
1862,13,4.936708860759493,2024.26,39.684615384615384,0.3076923076923077,0.3076923076923077,0.15384615384615385,0.23076923076923078,26315.38,Weekend
1863,56,18.666666666666668,1510.5073214285715,20.130357142857143,0.6428571428571429,0.05357142857142857,0.8392857142857143,0.2857142857142857,84588.41,Commuter
1864,14,5.185185185185185,2652.762142857143,53.07857142857143,0.07142857142857142,0.14285714285714285,0.0,0.21428571428571427,37138.67,Thrifty
1865,45,15.340909090909092,1232.3035555555555,14.353333333333333,0.4666666666666667,0.3111111111111111,0.0,0.4,55453.659999999996,Shopper
1866,33,11.379310344827587,1175.0381818181818,14.875757575757575,0.42424242424242425,0.24242424242424243,0.0,0.21212121212121213,38776.26,Shopper
1867,64,21.333333333333332,1469.91390625,21.0453125,0.734375,0.109375,0.78125,0.328125,94074.49,Commuter
1868,51,18.0,1486.3847058823528,19.58823529411765,0.6666666666666666,0.0392156862745098,0.803921568627451,0.27450980392156865,75805.62,Commuter
1869,55,18.75,1510.5394545454544,19.652727272727276,0.7090909090909091,0.14545454545454545,0.8545454545454545,0.21818181818181817,83079.67,Commuter
1870,17,5.795454545454546,1964.3794117647062,42.38235294117647,0.29411764705882354,0.5294117647058824,0.0,0.29411764705882354,33394.450000000004,Weekend
1871,26,8.764044943820224,1197.7942307692308,14.46923076923077,0.46153846153846156,0.15384615384615385,0.0,0.2692307692307692,31142.65,Shopper
1872,69,23.522727272727273,1499.7386956521739,19.359420289855073,0.6811594202898551,0.10144927536231885,0.855072463768116,0.3333333333333333,103481.97,Commuter
1873,13,4.7560975609756095,2452.966923076923,51.43846153846154,0.0,0.0,0.0,0.3076923076923077,31888.57,Thrifty
1874,38,13.10344827586207,1202.2684210526315,14.784210526315789,0.5,0.13157894736842105,0.0,0.2894736842105263,45686.2,Shopper
1875,22,7.951807228915663,2007.682727272727,40.67272727272728,0.5909090909090909,0.2727272727272727,0.09090909090909091,0.5,44169.02,Weekend
1876,10,3.79746835443038,2555.9900000000002,48.089999999999996,0.2,0.1,0.0,0.1,25559.9,Thrifty
1877,14,4.772727272727273,2127.537142857143,38.464285714285715,0.21428571428571427,0.14285714285714285,0.5,0.21428571428571427,29785.52,Weekend
1878,8,2.857142857142857,2583.67125,52.875,0.0,0.125,0.0,0.375,20669.37,Thrifty
1879,65,21.91011235955056,1526.6444615384614,20.16923076923077,0.6461538461538462,0.046153846153846156,0.8461538461538461,0.2,99231.89,Commuter
1880,19,6.404494382022472,1996.771052631579,40.10526315789474,0.5263157894736842,0.2631578947368421,0.05263157894736842,0.05263157894736842,37938.65,Weekend
1881,25,8.42696629213483,1986.3555999999999,38.907999999999994,0.4,0.16,0.12,0.12,49658.89,Weekend
1882,36,12.55813953488372,1205.9061111111112,16.258333333333333,0.4722222222222222,0.25,0.0,0.4166666666666667,43412.62,Shopper
1883,15,6.164383561643836,2015.2646666666667,37.7,0.4,0.26666666666666666,0.26666666666666666,0.2,30228.97,Weekend
1884,21,7.590361445783133,2004.5966666666666,41.352380952380955,0.5238095238095238,0.19047619047619047,0.09523809523809523,0.19047619047619047,42096.53,Weekend
1885,59,20.113636363636363,1515.9713559322033,19.661016949152543,0.7796610169491526,0.1016949152542373,0.7796610169491526,0.3050847457627119,89442.31,Commuter
1886,15,5.555555555555555,2530.0679999999998,48.266666666666666,0.0,0.06666666666666667,0.0,0.13333333333333333,37951.02,Thrifty
1887,72,24.0,1474.0313888888888,19.980555555555554,0.6666666666666666,0.18055555555555555,0.8333333333333334,0.3055555555555556,106130.26,Commuter
1888,76,25.617977528089888,1516.3797368421053,20.08157894736842,0.618421052631579,0.10526315789473684,0.7763157894736842,0.25,115244.86,Commuter
1889,22,7.951807228915663,2001.2577272727272,39.39545454545455,0.36363636363636365,0.22727272727272727,0.09090909090909091,0.18181818181818182,44027.67,Weekend
1890,36,12.134831460674157,1232.0644444444445,14.261111111111111,0.6111111111111112,0.2222222222222222,0.0,0.3611111111111111,44354.32,Shopper
1891,62,21.136363636363637,1482.4720967741937,19.69193548387097,0.6451612903225806,0.04838709677419355,0.8548387096774194,0.27419354838709675,91913.27,Commuter
1892,10,4.6875,2506.287,51.589999999999996,0.0,0.1,0.0,0.2,25062.87,Thrifty
1893,40,13.636363636363637,1217.5165,15.627500000000001,0.525,0.225,0.0,0.275,48700.659999999996,Shopper
1894,63,21.235955056179776,1486.5561904761903,19.288888888888888,0.6507936507936508,0.12698412698412698,0.8571428571428571,0.25396825396825395,93653.04,Commuter
1895,17,5.862068965517242,2018.0764705882355,38.529411764705884,0.47058823529411764,0.29411764705882354,0.11764705882352941,0.47058823529411764,34307.3,Weekend
1896,19,7.6,2039.9994736842104,38.6,0.3684210526315789,0.21052631578947367,0.15789473684210525,0.2631578947368421,38759.99,Weekend
1897,21,7.325581395348837,2004.6190476190477,41.65238095238095,0.3333333333333333,0.23809523809523808,0.14285714285714285,0.047619047619047616,42097.0,Weekend
1898,66,22.0,1509.2312121212121,20.26969696969697,0.6666666666666666,0.13636363636363635,0.8333333333333334,0.18181818181818182,99609.26,Commuter
1899,15,6.8181818181818175,2405.0986666666668,48.44666666666667,0.0,0.06666666666666667,0.0,0.13333333333333333,36076.48,Thrifty
1900,21,7.411764705882352,2025.8014285714287,37.49047619047619,0.47619047619047616,0.14285714285714285,0.047619047619047616,0.2857142857142857,42541.83,Weekend
1901,14,6.774193548387096,2013.8114285714287,43.878571428571426,0.5,0.21428571428571427,0.0,0.21428571428571427,28193.36,Weekend
1902,62,21.136363636363637,1481.404193548387,19.033870967741933,0.7096774193548387,0.016129032258064516,0.6129032258064516,0.3064516129032258,91847.06,Commuter
1903,17,7.846153846153847,1962.7005882352944,38.870588235294115,0.4117647058823529,0.23529411764705882,0.17647058823529413,0.35294117647058826,33365.91,Weekend
1904,69,23.258426966292134,1501.0953623188407,20.33913043478261,0.6666666666666666,0.10144927536231885,0.8115942028985508,0.21739130434782608,103575.58,Commuter
1905,32,10.90909090909091,2003.9021875,41.259375,0.5625,0.25,0.0625,0.375,64124.87,Weekend
1906,61,20.333333333333332,1497.1883606557378,19.483606557377048,0.6557377049180327,0.13114754098360656,0.7540983606557377,0.3114754098360656,91328.49,Commuter
1907,45,15.340909090909092,1197.2284444444444,15.373333333333333,0.5111111111111111,0.1111111111111111,0.0,0.28888888888888886,53875.28,Shopper
1908,12,5.070422535211268,2459.2175,51.21666666666667,0.0,0.08333333333333333,0.0,0.5,29510.61,Thrifty
1909,16,6.575342465753425,2551.27625,52.1375,0.0625,0.0625,0.0,0.3125,40820.42,Thrifty
1910,78,26.29213483146067,1481.3007692307692,20.15128205128205,0.6410256410256411,0.15384615384615385,0.8589743589743589,0.2948717948717949,115541.46,Commuter
1911,14,6.26865671641791,2515.8885714285716,50.15,0.07142857142857142,0.07142857142857142,0.0,0.21428571428571427,35222.44,Thrifty
1912,40,14.814814814814813,1193.6375,15.615,0.35,0.15,0.0,0.35,47745.5,Shopper
1913,48,17.349397590361445,1191.0870833333333,15.054166666666667,0.4583333333333333,0.25,0.0,0.2916666666666667,57172.18,Shopper
1914,11,3.793103448275862,2465.0845454545456,48.75454545454545,0.09090909090909091,0.09090909090909091,0.0,0.09090909090909091,27115.93,Thrifty
1915,18,6.352941176470588,2473.516111111111,49.27777777777778,0.05555555555555555,0.1111111111111111,0.0,0.1111111111111111,44523.29,Thrifty
1916,16,5.5813953488372094,1995.829375,43.9875,0.4375,0.3125,0.125,0.0625,31933.27,Weekend
1917,30,11.11111111111111,1218.158,15.336666666666668,0.6,0.3,0.0,0.16666666666666666,36544.74,Shopper
1918,21,7.241379310344827,2039.8966666666668,38.733333333333334,0.5238095238095238,0.3333333333333333,0.19047619047619047,0.14285714285714285,42837.83,Weekend
1919,10,4.109589041095891,2493.392,51.81,0.0,0.0,0.0,0.3,24933.92,Thrifty
1920,13,4.7560975609756095,2508.7476923076924,52.04615384615385,0.07692307692307693,0.0,0.0,0.15384615384615385,32613.72,Thrifty
1921,19,6.333333333333333,1999.9863157894736,41.373684210526314,0.42105263157894735,0.5263157894736842,0.15789473684210525,0.3157894736842105,37999.74,Weekend
1922,69,24.352941176470587,1473.6002898550723,19.820289855072463,0.7246376811594203,0.10144927536231885,0.7536231884057971,0.3188405797101449,101678.42,Commuter
1923,17,5.795454545454546,2066.7858823529414,38.794117647058826,0.4117647058823529,0.35294117647058826,0.11764705882352941,0.4117647058823529,35135.36,Weekend
1924,17,5.730337078651685,2458.8817647058822,53.26470588235294,0.0,0.058823529411764705,0.0,0.4117647058823529,41800.99,Thrifty
1925,20,7.228915662650603,2032.2810000000002,40.135000000000005,0.25,0.05,0.1,0.3,40645.62,Weekend
1926,57,19.0,1508.6128070175437,19.536842105263155,0.5964912280701754,0.10526315789473684,0.8245614035087719,0.3684210526315789,85990.93,Commuter
1927,17,6.0,2038.3888235294119,40.80588235294118,0.23529411764705882,0.17647058823529413,0.11764705882352941,0.23529411764705882,34652.61,Weekend
1928,10,3.75,2539.3869999999997,51.17,0.1,0.0,0.0,0.3,25393.87,Thrifty
1929,9,3.9705882352941178,1879.3000000000002,40.71111111111111,0.4444444444444444,0.3333333333333333,0.0,0.3333333333333333,16913.7,Weekend
1930,71,23.93258426966292,1499.4133802816903,19.01267605633803,0.7464788732394366,0.09859154929577464,0.8028169014084507,0.30985915492957744,106458.35,Commuter
1931,17,5.930232558139535,1971.070588235294,37.30588235294118,0.17647058823529413,0.35294117647058826,0.17647058823529413,0.23529411764705882,33508.2,Weekend
1932,23,8.414634146341463,2021.0678260869565,39.05652173913043,0.391304347826087,0.30434782608695654,0.21739130434782608,0.4782608695652174,46484.56,Weekend
1933,16,5.853658536585366,1941.368125,40.93125,0.4375,0.3125,0.125,0.4375,31061.89,Weekend
1934,16,6.4,1991.04,41.21875,0.5,0.25,0.0625,0.25,31856.64,Weekend
1935,25,9.25925925925926,2037.9728,38.52,0.48,0.4,0.12,0.28,50949.32,Weekend
1936,36,12.0,1196.9802777777777,14.491666666666667,0.4722222222222222,0.2777777777777778,0.0,0.3055555555555556,43091.29,Shopper
1937,60,20.224719101123593,1483.0761666666667,20.11,0.8166666666666667,0.13333333333333333,0.8333333333333334,0.26666666666666666,88984.57,Commuter
1938,47,16.022727272727273,1183.1170212765958,15.308510638297872,0.425531914893617,0.0425531914893617,0.0,0.3404255319148936,55606.5,Shopper
1939,8,3.037974683544304,2401.1075,51.175,0.0,0.0,0.0,0.25,19208.86,Thrifty
1940,53,18.27586206896552,1483.8290566037736,20.516981132075472,0.8867924528301887,0.1509433962264151,0.7358490566037735,0.24528301886792453,78642.94,Commuter
1941,68,22.92134831460674,1467.1675,21.358823529411765,0.7647058823529411,0.16176470588235295,0.8088235294117647,0.27941176470588236,99767.39,Commuter
1942,10,4.347826086956522,2457.671,50.45,0.1,0.0,0.0,0.3,24576.71,Thrifty
1943,24,9.0,2063.8783333333336,42.362500000000004,0.4166666666666667,0.25,0.125,0.2916666666666667,49533.08,Weekend
1944,18,6.8354430379746836,2026.1938888888888,41.861111111111114,0.3333333333333333,0.2777777777777778,0.1111111111111111,0.16666666666666666,36471.49,Weekend
1945,25,8.720930232558139,1985.4356,40.02,0.48,0.28,0.16,0.2,49635.89,Weekend
1946,12,4.615384615384615,2364.2308333333335,48.458333333333336,0.0,0.08333333333333333,0.0,0.16666666666666666,28370.77,Thrifty
1947,10,3.846153846153846,2416.813,49.15,0.1,0.0,0.0,0.3,24168.13,Thrifty
1948,55,18.539325842696627,1530.7149090909093,19.89818181818182,0.6545454545454545,0.10909090909090909,0.8363636363636363,0.2545454545454545,84189.32,Commuter
1949,10,3.488372093023256,2535.13,51.510000000000005,0.2,0.2,0.0,0.3,25351.3,Thrifty
1950,12,4.186046511627907,2561.2208333333333,45.6,0.0,0.08333333333333333,0.0,0.3333333333333333,30734.65,Thrifty
1951,62,21.627906976744185,1501.806129032258,21.56451612903226,0.7096774193548387,0.14516129032258066,0.7419354838709677,0.22580645161290322,93111.98,Commuter
1952,74,25.22727272727273,1484.9718918918918,18.537837837837838,0.6756756756756757,0.08108108108108109,0.7837837837837838,0.20270270270270271,109887.92,Commuter
1953,24,8.0,1977.8029166666665,38.2625,0.3333333333333333,0.20833333333333334,0.16666666666666666,0.25,47467.27,Weekend
1954,20,7.228915662650603,1988.1474999999998,40.44,0.5,0.2,0.1,0.4,39762.95,Weekend
1955,49,17.294117647058822,1203.4377551020407,15.00204081632653,0.5306122448979592,0.2653061224489796,0.0,0.3673469387755102,58968.45,Shopper
1956,32,12.307692307692307,1157.588125,13.653125,0.46875,0.21875,0.0,0.3125,37042.82,Shopper
1957,21,8.181818181818182,2035.8728571428571,39.04761904761905,0.3333333333333333,0.2857142857142857,0.047619047619047616,0.3333333333333333,42753.33,Weekend
1958,11,4.285714285714286,2577.0545454545454,50.16363636363636,0.09090909090909091,0.0,0.0,0.2727272727272727,28347.6,Thrifty
1959,19,6.7857142857142865,2001.4636842105263,42.01578947368421,0.631578947368421,0.05263157894736842,0.21052631578947367,0.3684210526315789,38027.81,Weekend
1960,20,7.0588235294117645,1990.443,37.35,0.45,0.35,0.1,0.25,39808.86,Weekend
1961,71,23.93258426966292,1481.6836619718308,20.55211267605634,0.7887323943661971,0.18309859154929578,0.7464788732394366,0.16901408450704225,105199.54,Commuter
1962,12,5.0,2465.0775,52.925000000000004,0.0,0.0,0.0,0.5833333333333334,29580.93,Thrifty
1963,36,12.857142857142858,1147.9955555555557,15.561111111111112,0.4166666666666667,0.1388888888888889,0.0,0.2777777777777778,41327.840000000004,Shopper
1964,11,4.230769230769231,2612.907272727273,51.68181818181818,0.18181818181818182,0.09090909090909091,0.0,0.36363636363636365,28741.98,Thrifty
1965,24,8.888888888888888,1930.4904166666665,37.80833333333333,0.4166666666666667,0.25,0.125,0.375,46331.77,Weekend
1966,17,6.538461538461538,2064.9164705882354,40.252941176470586,0.4117647058823529,0.29411764705882354,0.0,0.17647058823529413,35103.58,Weekend
1967,54,18.0,1507.4814814814815,21.46481481481481,0.6111111111111112,0.12962962962962962,0.7962962962962963,0.3148148148148148,81404.0,Commuter
1968,17,7.285714285714286,2480.6111764705884,50.529411764705884,0.058823529411764705,0.0,0.0,0.23529411764705882,42170.39,Thrifty
1969,19,6.867469879518072,2421.6721052631583,50.32105263157895,0.05263157894736842,0.05263157894736842,0.0,0.47368421052631576,46011.770000000004,Thrifty
1970,72,24.0,1507.0093055555556,20.343055555555555,0.625,0.1111111111111111,0.7916666666666666,0.2361111111111111,108504.67,Commuter
1971,81,27.613636363636367,1501.683950617284,19.637037037037036,0.654320987654321,0.024691358024691357,0.9012345679012346,0.2222222222222222,121636.4,Commuter
1972,38,12.808988764044944,1183.2089473684211,13.781578947368422,0.39473684210526316,0.3157894736842105,0.0,0.18421052631578946,44961.94,Shopper
1973,64,22.325581395348838,1497.93109375,19.8640625,0.515625,0.0625,0.8125,0.1875,95867.59,Commuter
1974,10,3.75,2452.792,48.35,0.1,0.0,0.0,0.3,24527.92,Thrifty
1975,58,19.772727272727273,1507.6122413793103,20.95689655172414,0.7241379310344828,0.20689655172413793,0.8448275862068966,0.25862068965517243,87441.51,Commuter
1976,39,13.76470588235294,1204.1638461538462,14.738461538461538,0.48717948717948717,0.15384615384615385,0.0,0.20512820512820512,46962.39,Shopper
1977,59,20.113636363636363,1504.859491525424,20.484745762711864,0.6779661016949152,0.05084745762711865,0.7457627118644068,0.3050847457627119,88786.71,Commuter
1978,13,5.2,2434.306923076923,50.5923076923077,0.0,0.0,0.0,0.5384615384615384,31645.989999999998,Thrifty
1979,32,11.03448275862069,1203.8525,15.184375,0.375,0.21875,0.0,0.28125,38523.28,Shopper
1980,35,12.209302325581396,1181.1668571428572,15.17142857142857,0.4857142857142857,0.17142857142857143,0.0,0.22857142857142856,41340.840000000004,Shopper
1981,65,22.15909090909091,1468.5375384615386,19.57384615384615,0.676923076923077,0.07692307692307693,0.8461538461538461,0.2923076923076923,95454.94,Commuter
1982,31,10.813953488372093,1229.1222580645162,14.425806451612903,0.6451612903225806,0.12903225806451613,0.0,0.2903225806451613,38102.79,Shopper
1983,19,7.125,2555.297368421053,49.37894736842105,0.0,0.0,0.0,0.15789473684210525,48550.65,Thrifty
1984,14,4.941176470588235,2424.307142857143,51.82857142857143,0.14285714285714285,0.0,0.0,0.5,33940.3,Thrifty
1985,76,25.617977528089888,1507.9652631578947,20.092105263157894,0.618421052631579,0.10526315789473684,0.8157894736842105,0.23684210526315788,114605.36,Commuter
1986,44,15.714285714285715,1508.0602272727272,20.120454545454546,0.7727272727272727,0.13636363636363635,0.8181818181818182,0.1590909090909091,66354.65,Commuter
1987,20,6.741573033707865,2003.1965,37.68,0.6,0.2,0.0,0.1,40063.93,Weekend
1988,11,3.7500000000000004,2608.279090909091,48.845454545454544,0.0,0.0,0.0,0.36363636363636365,28691.07,Thrifty
1989,9,3.6486486486486487,2389.371111111111,50.84444444444445,0.0,0.2222222222222222,0.0,0.2222222222222222,21504.34,Thrifty
1990,22,7.500000000000001,2030.9386363636365,41.56818181818182,0.4090909090909091,0.22727272727272727,0.09090909090909091,0.2727272727272727,44680.65,Weekend
1991,24,8.78048780487805,1960.9666666666665,37.24166666666667,0.3333333333333333,0.20833333333333334,0.041666666666666664,0.25,47063.2,Weekend
1992,62,21.136363636363637,1483.0749999999998,19.583870967741937,0.6290322580645161,0.08064516129032258,0.7903225806451613,0.27419354838709675,91950.65,Commuter
1993,23,8.518518518518517,1948.2743478260868,37.45652173913044,0.21739130434782608,0.43478260869565216,0.17391304347826086,0.17391304347826086,44810.31,Weekend
1994,62,20.666666666666668,1490.416451612903,20.282258064516128,0.7419354838709677,0.0967741935483871,0.8870967741935484,0.3064516129032258,92405.81999999999,Commuter
1995,23,8.117647058823529,1943.6117391304347,40.52173913043478,0.391304347826087,0.391304347826087,0.08695652173913043,0.17391304347826086,44703.07,Weekend
1996,18,6.067415730337078,2019.3733333333334,40.11666666666667,0.3888888888888889,0.2777777777777778,0.2222222222222222,0.1111111111111111,36348.72,Weekend
1997,30,10.112359550561797,1203.1603333333333,15.813333333333333,0.36666666666666664,0.16666666666666666,0.0,0.26666666666666666,36094.81,Shopper
1998,59,20.344827586206897,1479.003220338983,19.859322033898305,0.8305084745762712,0.1016949152542373,0.7966101694915254,0.3389830508474576,87261.19,Commuter
1999,57,19.0,1508.08,18.803508771929824,0.7192982456140351,0.05263157894736842,0.7368421052631579,0.24561403508771928,85960.56,Commuter
2000,59,19.8876404494382,1507.5713559322035,21.452542372881357,0.6610169491525424,0.05084745762711865,0.7627118644067796,0.2711864406779661,88946.71,Commuter
2001,69,23.258426966292134,1492.180144927536,19.26666666666667,0.7101449275362319,0.14492753623188406,0.8260869565217391,0.2608695652173913,102960.43,Commuter
2002,60,20.454545454545457,1531.9651666666666,19.868333333333332,0.7333333333333333,0.18333333333333332,0.8166666666666667,0.2833333333333333,91917.91,Commuter
2003,24,8.372093023255815,1218.18,15.095833333333333,0.4583333333333333,0.25,0.0,0.20833333333333334,29236.32,Shopper
2004,61,20.333333333333332,1491.4637704918034,20.432786885245903,0.7213114754098361,0.09836065573770492,0.7868852459016393,0.21311475409836064,90979.29000000001,Commuter
2005,72,24.82758620689655,1503.8197222222223,19.720833333333335,0.6666666666666666,0.1111111111111111,0.75,0.20833333333333334,108275.02,Commuter
2006,16,6.153846153846153,2065.189375,37.4875,0.4375,0.3125,0.0625,0.0625,33043.03,Weekend
2007,7,3.134328358208955,2678.1485714285714,53.9,0.14285714285714285,0.14285714285714285,0.0,0.14285714285714285,18747.04,Thrifty
2008,13,4.534883720930233,1935.6484615384616,42.24615384615385,0.23076923076923078,0.3076923076923077,0.07692307692307693,0.15384615384615385,25163.43,Weekend
2009,65,22.413793103448278,1512.8775384615383,19.615384615384617,0.8307692307692308,0.1076923076923077,0.8307692307692308,0.3384615384615385,98337.04,Commuter
2010,14,5.25,2463.12,46.871428571428574,0.0,0.0,0.0,0.21428571428571427,34483.68,Thrifty
2011,57,20.357142857142858,1488.5701754385964,20.042105263157897,0.7719298245614035,0.07017543859649122,0.8070175438596491,0.2631578947368421,84848.5,Commuter
2012,72,24.0,1483.7994444444444,20.086111111111112,0.7638888888888888,0.09722222222222222,0.7777777777777778,0.3194444444444444,106833.56,Commuter
2013,50,17.441860465116278,1191.4912,15.606,0.44,0.22,0.0,0.34,59574.56,Shopper
2014,66,22.5,1507.3951515151516,20.60151515151515,0.6212121212121212,0.13636363636363635,0.8181818181818182,0.24242424242424243,99488.08,Commuter
2015,16,5.853658536585366,2566.723125,51.25625,0.0625,0.0625,0.0,0.25,41067.57,Thrifty
2016,14,6.666666666666666,2469.2507142857144,49.98571428571428,0.0,0.21428571428571427,0.0,0.35714285714285715,34569.51,Thrifty
2017,8,3.0,2343.63125,50.1375,0.0,0.0,0.0,0.375,18749.05,Thrifty
2018,33,11.927710843373495,1189.958787878788,14.324242424242424,0.5757575757575758,0.09090909090909091,0.0,0.15151515151515152,39268.64,Shopper
2019,62,20.89887640449438,1499.804193548387,20.64032258064516,0.7258064516129032,0.0967741935483871,0.7580645161290323,0.25806451612903225,92987.86,Commuter
2020,26,9.069767441860465,1981.102307692308,40.79230769230769,0.6153846153846154,0.11538461538461539,0.15384615384615385,0.19230769230769232,51508.66,Weekend
2021,45,15.517241379310345,1196.8237777777779,15.222222222222221,0.4666666666666667,0.24444444444444444,0.0,0.28888888888888886,53857.07,Shopper
2022,17,6.144578313253012,2048.4029411764704,39.5,0.23529411764705882,0.058823529411764705,0.11764705882352941,0.4117647058823529,34822.85,Weekend
2023,31,10.44943820224719,1188.7141935483871,17.190322580645162,0.45161290322580644,0.06451612903225806,0.0,0.22580645161290322,36850.14,Shopper
2024,66,22.758620689655174,1495.593787878788,19.815151515151513,0.7121212121212122,0.030303030303030304,0.803030303030303,0.25757575757575757,98709.19,Commuter
2025,14,4.827586206896552,2459.316428571429,46.93571428571429,0.21428571428571427,0.0,0.0,0.21428571428571427,34430.43,Thrifty
2026,66,22.758620689655174,1472.104090909091,21.054545454545455,0.696969696969697,0.07575757575757576,0.8333333333333334,0.19696969696969696,97158.87,Commuter
2027,16,5.454545454545455,2029.200625,37.69375,0.4375,0.1875,0.0625,0.1875,32467.21,Weekend
2028,38,13.10344827586207,1190.1031578947368,14.107894736842105,0.5263157894736842,0.2631578947368421,0.0,0.21052631578947367,45223.92,Shopper
2029,57,19.0,1505.376842105263,21.219298245614034,0.5263157894736842,0.15789473684210525,0.7368421052631579,0.3157894736842105,85806.48,Commuter
2030,14,5.0,2065.1600000000003,37.1,0.42857142857142855,0.2857142857142857,0.07142857142857142,0.35714285714285715,28912.24,Weekend
2031,71,24.482758620689655,1509.4308450704225,20.03943661971831,0.6197183098591549,0.04225352112676056,0.8169014084507042,0.22535211267605634,107169.59,Commuter
2032,27,9.418604651162791,2003.7837037037036,41.54074074074074,0.48148148148148145,0.4074074074074074,0.18518518518518517,0.25925925925925924,54102.159999999996,Weekend
2033,13,5.2,2454.6769230769232,49.43076923076923,0.0,0.0,0.0,0.23076923076923078,31910.8,Thrifty
2034,33,11.511627906976743,1199.5263636363636,14.827272727272728,0.5151515151515151,0.09090909090909091,0.0,0.24242424242424243,39584.37,Shopper
2035,20,7.0588235294117645,2080.899,37.69,0.35,0.4,0.0,0.3,41617.979999999996,Weekend
2036,11,5.238095238095238,2606.973636363636,53.38181818181818,0.2727272727272727,0.0,0.0,0.36363636363636365,28676.71,Thrifty
2037,62,20.666666666666668,1506.91,20.174193548387095,0.6935483870967742,0.11290322580645161,0.8064516129032258,0.3064516129032258,93428.42,Commuter
2038,69,25.24390243902439,1490.46115942029,20.136231884057974,0.6521739130434783,0.08695652173913043,0.855072463768116,0.34782608695652173,102841.82,Commuter
2039,59,20.113636363636363,1515.3367796610169,20.147457627118644,0.7288135593220338,0.06779661016949153,0.8305084745762712,0.3220338983050847,89404.87,Commuter
2040,65,22.413793103448278,1504.3713846153846,20.78923076923077,0.6923076923076923,0.07692307692307693,0.7692307692307693,0.2153846153846154,97784.14,Commuter
2041,38,13.411764705882351,1221.064210526316,16.19473684210526,0.4473684210526316,0.15789473684210525,0.0,0.3157894736842105,46400.44,Shopper
2042,13,5.27027027027027,2016.2476923076924,42.853846153846156,0.3076923076923077,0.23076923076923078,0.0,0.38461538461538464,26211.22,Weekend
2043,9,3.103448275862069,2393.233333333333,51.355555555555554,0.1111111111111111,0.0,0.0,0.1111111111111111,21539.1,Thrifty
2044,66,23.023255813953487,1545.8569696969696,20.325757575757574,0.7272727272727273,0.07575757575757576,0.7878787878787878,0.3333333333333333,102026.56,Commuter
2045,44,14.666666666666666,1208.1584090909091,15.995454545454544,0.45454545454545453,0.29545454545454547,0.0,0.3181818181818182,53158.97,Shopper
2046,22,7.857142857142858,2007.9813636363635,37.06818181818182,0.36363636363636365,0.2727272727272727,0.045454545454545456,0.2727272727272727,44175.59,Weekend
2047,59,19.666666666666668,1497.6716949152544,19.694915254237287,0.7457627118644068,0.06779661016949153,0.847457627118644,0.2711864406779661,88362.63,Commuter
2048,20,6.666666666666667,2013.3755,40.68,0.3,0.15,0.1,0.35,40267.51,Weekend
2049,14,5.454545454545454,2439.0064285714284,50.42857142857143,0.07142857142857142,0.0,0.0,0.2857142857142857,34146.09,Thrifty
2050,65,21.91011235955056,1506.5993846153845,19.860000000000003,0.6307692307692307,0.09230769230769231,0.9076923076923077,0.3076923076923077,97928.95999999999,Commuter
2051,17,6.455696202531645,2488.1217647058825,52.747058823529414,0.23529411764705882,0.058823529411764705,0.0,0.17647058823529413,42298.07,Thrifty
2052,12,4.864864864864865,2549.2599999999998,56.35,0.0,0.0,0.0,0.3333333333333333,30591.12,Thrifty
2053,63,21.0,1524.3488888888887,20.409523809523808,0.7936507936507936,0.06349206349206349,0.8253968253968254,0.3333333333333333,96033.98,Commuter
2054,40,13.793103448275863,1185.0545,15.059999999999999,0.65,0.1,0.0,0.275,47402.18,Shopper
2055,35,12.068965517241379,1182.7402857142858,14.285714285714286,0.45714285714285713,0.22857142857142856,0.0,0.2,41395.91,Shopper
2056,11,5.0769230769230775,1979.4272727272728,40.872727272727275,0.2727272727272727,0.18181818181818182,0.09090909090909091,0.45454545454545453,21773.7,Weekend
2057,12,4.090909090909091,2373.3141666666666,46.425000000000004,0.0,0.08333333333333333,0.0,0.25,28479.77,Thrifty
2058,8,3.75,2464.205,48.7875,0.0,0.125,0.0,0.625,19713.64,Thrifty
2059,27,9.759036144578314,2042.6648148148147,39.388888888888886,0.4444444444444444,0.18518518518518517,0.14814814814814814,0.18518518518518517,55151.95,Weekend
2060,8,3.6923076923076925,2554.26,47.375,0.0,0.0,0.0,0.375,20434.08,Thrifty
2061,61,21.27906976744186,1477.4575409836066,19.837704918032784,0.7213114754098361,0.11475409836065574,0.819672131147541,0.26229508196721313,90124.91,Commuter
2062,8,2.8235294117647056,2471.1237499999997,57.3,0.125,0.125,0.0,0.375,19768.989999999998,Thrifty
2063,37,13.058823529411764,1200.3397297297297,14.727027027027026,0.5135135135135135,0.10810810810810811,0.0,0.35135135135135137,44412.57,Shopper
2064,8,4.285714285714286,2447.44125,54.725,0.125,0.125,0.0,0.25,19579.53,Thrifty
2065,68,22.666666666666668,1492.114411764706,20.860294117647058,0.7205882352941176,0.04411764705882353,0.75,0.27941176470588236,101463.78,Commuter
2066,23,7.931034482758621,1998.094347826087,37.46086956521739,0.43478260869565216,0.08695652173913043,0.08695652173913043,0.30434782608695654,45956.17,Weekend
2067,50,17.045454545454547,1481.4658,20.72,0.66,0.1,0.96,0.42,74073.29,Commuter
2068,66,23.85542168674699,1498.188787878788,20.40757575757576,0.6363636363636364,0.09090909090909091,0.8484848484848485,0.2878787878787879,98880.46,Commuter
2069,53,18.92857142857143,1515.560566037736,20.949056603773585,0.7924528301886793,0.11320754716981132,0.7924528301886793,0.2830188679245283,80324.71,Commuter
2070,11,4.125,2398.57,49.67272727272727,0.0,0.09090909090909091,0.0,0.18181818181818182,26384.27,Thrifty
2071,21,7.411764705882352,1971.637619047619,41.666666666666664,0.3333333333333333,0.19047619047619047,0.047619047619047616,0.42857142857142855,41404.39,Weekend
2072,14,5.185185185185185,2419.8528571428574,47.771428571428565,0.0,0.14285714285714285,0.0,0.35714285714285715,33877.94,Thrifty
2073,59,19.666666666666668,1491.9213559322034,19.86949152542373,0.7796610169491526,0.13559322033898305,0.847457627118644,0.23728813559322035,88023.36,Commuter
2074,45,15.0,1209.7513333333334,14.295555555555554,0.6,0.2222222222222222,0.0,0.3333333333333333,54438.81,Shopper
2075,46,15.681818181818183,1194.8526086956522,14.547826086956523,0.45652173913043476,0.15217391304347827,0.0,0.21739130434782608,54963.22,Shopper
2076,51,18.0,1196.295294117647,14.586274509803921,0.47058823529411764,0.13725490196078433,0.0,0.27450980392156865,61011.06,Shopper
2077,71,24.204545454545457,1500.8567605633802,20.711267605633804,0.6619718309859155,0.11267605633802817,0.7183098591549296,0.30985915492957744,106560.83,Commuter
2078,16,5.925925925925926,2504.333125,49.15,0.0,0.0625,0.0,0.375,40069.33,Thrifty
2079,40,13.48314606741573,1224.0977500000001,16.267500000000002,0.525,0.075,0.0,0.3,48963.91,Shopper
2080,18,6.136363636363637,2053.202777777778,41.18888888888889,0.2777777777777778,0.3333333333333333,0.0,0.3333333333333333,36957.65,Weekend
2081,69,24.069767441860463,1502.00115942029,20.00144927536232,0.7246376811594203,0.11594202898550725,0.7971014492753623,0.37681159420289856,103638.08,Commuter
2082,65,21.91011235955056,1518.4443076923078,20.064615384615387,0.7692307692307693,0.046153846153846156,0.7538461538461538,0.27692307692307694,98698.88,Commuter
2083,18,6.428571428571429,2532.882777777778,47.63333333333333,0.16666666666666666,0.05555555555555555,0.0,0.2777777777777778,45591.89,Thrifty
2084,52,17.72727272727273,1216.090576923077,13.923076923076923,0.5,0.21153846153846154,0.0,0.25,63236.71,Shopper
2085,12,4.235294117647059,2471.2508333333335,53.10833333333333,0.16666666666666666,0.08333333333333333,0.0,0.25,29655.010000000002,Thrifty
2086,14,4.666666666666667,2465.030714285714,49.607142857142854,0.07142857142857142,0.07142857142857142,0.0,0.2857142857142857,34510.43,Thrifty
2087,64,21.81818181818182,1507.0521875,19.6125,0.703125,0.046875,0.734375,0.234375,96451.34,Commuter
2088,11,4.177215189873418,2090.518181818182,38.86363636363637,0.6363636363636364,0.18181818181818182,0.18181818181818182,0.5454545454545454,22995.7,Weekend
2089,34,12.289156626506024,1174.4958823529412,15.558823529411764,0.5882352941176471,0.2647058823529412,0.0,0.3235294117647059,39932.86,Shopper
2090,17,6.296296296296296,2405.0829411764707,50.2764705882353,0.11764705882352941,0.058823529411764705,0.0,0.35294117647058826,40886.41,Thrifty
2091,20,8.0,1972.3529999999998,41.035000000000004,0.4,0.2,0.05,0.2,39447.06,Weekend
2092,34,12.439024390243903,1197.1511764705883,15.879411764705882,0.4117647058823529,0.3235294117647059,0.0,0.3235294117647059,40703.14,Shopper
2093,48,16.941176470588236,1505.4633333333334,20.368750000000002,0.7708333333333334,0.125,0.7708333333333334,0.3333333333333333,72262.24,Commuter
2094,20,7.142857142857143,2510.7035,47.99,0.3,0.0,0.0,0.2,50214.07,Thrifty
2095,68,22.92134831460674,1477.3798529411765,18.883823529411764,0.6911764705882353,0.07352941176470588,0.8235294117647058,0.2647058823529412,100461.83,Commuter
2096,20,6.818181818181818,2001.8145,39.335,0.4,0.35,0.0,0.3,40036.29,Weekend
2097,14,6.0,2030.0192857142858,41.521428571428565,0.35714285714285715,0.21428571428571427,0.0,0.42857142857142855,28420.27,Weekend
2098,19,7.808219178082193,1995.3068421052633,43.53157894736842,0.3157894736842105,0.21052631578947367,0.05263157894736842,0.21052631578947367,37910.83,Weekend
2099,19,8.382352941176471,2000.2684210526315,41.147368421052626,0.5789473684210527,0.2631578947368421,0.05263157894736842,0.3684210526315789,38005.1,Weekend
2100,14,4.941176470588235,2510.511428571429,46.021428571428565,0.14285714285714285,0.07142857142857142,0.0,0.21428571428571427,35147.16,Thrifty
2101,48,16.363636363636363,1192.9247916666666,14.3125,0.625,0.125,0.0,0.16666666666666666,57260.39,Shopper
2102,18,7.297297297297297,2541.1644444444446,45.38333333333333,0.0,0.0,0.0,0.2222222222222222,45740.96,Thrifty
2103,77,25.666666666666668,1470.41987012987,19.97142857142857,0.6883116883116883,0.03896103896103896,0.7792207792207793,0.23376623376623376,113222.33,Commuter
2104,21,7.241379310344827,2052.7566666666667,40.18095238095238,0.38095238095238093,0.047619047619047616,0.09523809523809523,0.38095238095238093,43107.89,Weekend
2105,25,8.928571428571429,2004.6947999999998,36.928000000000004,0.52,0.12,0.08,0.56,50117.369999999995,Weekend
2106,15,5.357142857142858,2400.9159999999997,44.89333333333333,0.0,0.06666666666666667,0.0,0.13333333333333333,36013.74,Thrifty
2107,38,13.255813953488373,1225.7442105263158,16.221052631578946,0.5263157894736842,0.21052631578947367,0.0,0.2894736842105263,46578.28,Shopper
2108,26,8.965517241379311,1245.1399999999999,16.35,0.38461538461538464,0.07692307692307693,0.0,0.38461538461538464,32373.64,Shopper
2109,54,18.202247191011235,1489.926111111111,19.746296296296297,0.6666666666666666,0.09259259259259259,0.7962962962962963,0.37037037037037035,80456.01,Commuter
2110,32,11.851851851851851,1218.2496875,15.81875,0.5,0.25,0.0,0.125,38983.99,Shopper
2111,59,19.8876404494382,1496.8305084745762,20.549152542372884,0.7288135593220338,0.06779661016949153,0.847457627118644,0.2711864406779661,88313.0,Commuter
2112,64,22.06896551724138,1543.06828125,18.7625,0.6875,0.078125,0.8125,0.296875,98756.37,Commuter
2113,65,21.666666666666668,1517.9047692307693,20.027692307692305,0.8307692307692308,0.12307692307692308,0.7538461538461538,0.2923076923076923,98663.81,Commuter
2114,45,15.69767441860465,1199.2333333333333,16.582222222222224,0.4444444444444444,0.2,0.0,0.26666666666666666,53965.5,Shopper
2115,32,10.90909090909091,1982.5509375,38.603125,0.25,0.3125,0.15625,0.1875,63441.63,Weekend
2116,57,19.655172413793103,1495.7492982456142,20.46842105263158,0.7368421052631579,0.12280701754385964,0.7368421052631579,0.2631578947368421,85257.71,Commuter
2117,9,4.354838709677419,2512.773333333333,55.75555555555556,0.0,0.1111111111111111,0.0,0.4444444444444444,22614.96,Thrifty
2118,13,5.064935064935065,1991.0546153846153,38.15384615384615,0.6153846153846154,0.3076923076923077,0.0,0.5384615384615384,25883.71,Weekend
2119,63,21.235955056179776,1512.0415873015872,19.444444444444443,0.746031746031746,0.1111111111111111,0.746031746031746,0.15873015873015872,95258.62,Commuter
2120,39,13.146067415730336,1167.6297435897436,15.38205128205128,0.48717948717948717,0.1794871794871795,0.0,0.28205128205128205,45537.56,Shopper
2121,30,10.227272727272728,1222.54,14.393333333333334,0.5666666666666667,0.2,0.0,0.26666666666666666,36676.2,Shopper
2122,16,5.517241379310345,2479.279375,47.10625,0.0,0.0625,0.0,0.1875,39668.47,Thrifty
2123,33,11.123595505617978,1204.9106060606061,15.44848484848485,0.48484848484848486,0.15151515151515152,0.0,0.36363636363636365,39762.05,Shopper
2124,12,4.556962025316456,2587.7125,49.800000000000004,0.0,0.0,0.0,0.3333333333333333,31052.55,Thrifty
2125,44,15.172413793103448,1191.6315909090908,15.806818181818182,0.4318181818181818,0.20454545454545456,0.0,0.2727272727272727,52431.79,Shopper
2126,15,5.0,2033.6860000000001,39.0,0.6,0.06666666666666667,0.13333333333333333,0.3333333333333333,30505.29,Weekend
2127,19,7.125,2023.331052631579,39.44736842105263,0.3157894736842105,0.2631578947368421,0.10526315789473684,0.3684210526315789,38443.29,Weekend
2128,68,22.92134831460674,1497.0698529411766,19.49264705882353,0.7205882352941176,0.11764705882352941,0.75,0.3088235294117647,101800.75,Commuter
2129,34,12.0,1193.0517647058823,16.16470588235294,0.5588235294117647,0.14705882352941177,0.0,0.4411764705882353,40563.76,Shopper
2130,11,6.226415094339623,2554.130909090909,51.527272727272724,0.09090909090909091,0.0,0.0,0.2727272727272727,28095.44,Thrifty
2131,65,22.15909090909091,1532.9656923076923,20.630769230769232,0.8,0.1076923076923077,0.8153846153846154,0.2923076923076923,99642.77,Commuter
2132,64,22.588235294117645,1496.97890625,19.6859375,0.734375,0.09375,0.890625,0.203125,95806.65,Commuter
2133,22,7.857142857142858,1974.5504545454546,39.440909090909095,0.18181818181818182,0.36363636363636365,0.18181818181818182,0.3181818181818182,43440.11,Weekend
2134,14,5.6,2444.2885714285717,48.91428571428571,0.0,0.0,0.0,0.42857142857142855,34220.04,Thrifty
2135,25,8.42696629213483,2006.82,38.416,0.36,0.2,0.0,0.32,50170.5,Weekend
2136,36,12.0,1200.9580555555556,14.108333333333333,0.4444444444444444,0.25,0.0,0.19444444444444445,43234.49,Shopper
2137,64,22.325581395348838,1557.46984375,19.2828125,0.6875,0.140625,0.84375,0.328125,99678.07,Commuter
2138,18,6.585365853658536,2018.551111111111,38.62222222222223,0.4444444444444444,0.3333333333333333,0.16666666666666666,0.05555555555555555,36333.92,Weekend
2139,72,24.545454545454547,1482.7466666666667,19.172222222222224,0.7361111111111112,0.125,0.8194444444444444,0.3194444444444444,106757.76,Commuter
2140,33,11.123595505617978,1236.760303030303,14.524242424242425,0.5454545454545454,0.24242424242424243,0.0,0.30303030303030304,40813.09,Shopper
2141,48,16.551724137931036,1194.7552083333333,14.525,0.4166666666666667,0.125,0.0,0.3541666666666667,57348.25,Shopper
2142,16,5.517241379310345,2625.145,50.6625,0.0,0.0625,0.0,0.0625,42002.32,Thrifty
2143,19,7.125,2036.0542105263157,39.86842105263158,0.2631578947368421,0.3157894736842105,0.05263157894736842,0.21052631578947367,38685.03,Weekend
2144,16,6.315789473684211,2563.2331249999997,51.30625,0.0625,0.0625,0.0,0.375,41011.729999999996,Thrifty
2145,14,5.0,2536.8650000000002,51.528571428571425,0.0,0.14285714285714285,0.0,0.21428571428571427,35516.11,Thrifty
2146,39,13.928571428571429,1208.4571794871795,15.738461538461538,0.46153846153846156,0.23076923076923078,0.0,0.20512820512820512,47129.83,Shopper
2147,9,3.8028169014084505,2416.9055555555556,50.34444444444445,0.1111111111111111,0.0,0.0,0.0,21752.15,Thrifty
2148,14,5.185185185185185,2326.361428571429,51.792857142857144,0.0,0.0,0.0,0.14285714285714285,32569.06,Thrifty
2149,6,2.857142857142857,2638.8866666666668,47.85,0.16666666666666666,0.0,0.0,0.5,15833.32,Thrifty
2150,34,12.142857142857144,1200.175588235294,15.102941176470589,0.47058823529411764,0.29411764705882354,0.0,0.29411764705882354,40805.97,Shopper
2151,12,6.101694915254238,2541.209166666667,51.31666666666666,0.08333333333333333,0.0,0.0,0.16666666666666666,30494.510000000002,Thrifty
2152,82,27.640449438202246,1503.5281707317072,19.88048780487805,0.7073170731707317,0.07317073170731707,0.7804878048780488,0.35365853658536583,123289.31,Commuter
2153,16,5.853658536585366,1974.475625,40.45625,0.25,0.25,0.0625,0.375,31591.61,Weekend
2154,40,14.285714285714286,1188.1757499999999,15.530000000000001,0.35,0.1,0.0,0.35,47527.03,Shopper
2155,62,21.136363636363637,1494.6522580645162,19.219354838709677,0.7419354838709677,0.06451612903225806,0.8387096774193549,0.24193548387096775,92668.44,Commuter
2156,61,21.03448275862069,1515.5895081967215,19.221311475409838,0.7213114754098361,0.04918032786885246,0.8688524590163934,0.22950819672131148,92450.96,Commuter
2157,69,23.522727272727273,1525.9098550724636,19.88840579710145,0.6666666666666666,0.14492753623188406,0.6666666666666666,0.30434782608695654,105287.78,Commuter
2158,15,6.923076923076923,2496.586666666667,54.79333333333333,0.06666666666666667,0.0,0.0,0.3333333333333333,37448.8,Thrifty
2159,14,5.915492957746479,2499.988571428571,50.44285714285714,0.0,0.14285714285714285,0.0,0.35714285714285715,34999.84,Thrifty
2160,21,7.500000000000001,2005.7390476190474,40.09047619047619,0.3333333333333333,0.2857142857142857,0.14285714285714285,0.2857142857142857,42120.52,Weekend
2161,19,7.3076923076923075,1999.0242105263158,38.83684210526316,0.3684210526315789,0.2631578947368421,0.10526315789473684,0.15789473684210525,37981.46,Weekend
2162,12,4.390243902439025,1991.2250000000001,36.166666666666664,0.4166666666666667,0.25,0.25,0.3333333333333333,23894.7,Weekend
2163,12,4.864864864864865,2406.015,48.84166666666667,0.0,0.08333333333333333,0.0,0.4166666666666667,28872.18,Thrifty
2164,33,11.379310344827587,1203.000303030303,15.363636363636363,0.5151515151515151,0.18181818181818182,0.0,0.21212121212121213,39699.01,Shopper
2165,14,5.185185185185185,2559.1150000000002,53.371428571428574,0.07142857142857142,0.14285714285714285,0.0,0.35714285714285715,35827.61,Thrifty
2166,36,12.0,1193.5544444444445,13.419444444444444,0.4722222222222222,0.1388888888888889,0.0,0.3611111111111111,42967.96,Shopper
2167,22,9.705882352941178,1955.385,39.57727272727272,0.4090909090909091,0.36363636363636365,0.18181818181818182,0.2727272727272727,43018.47,Weekend
2168,74,24.666666666666668,1492.8005405405406,19.277027027027028,0.7162162162162162,0.1891891891891892,0.7567567567567568,0.3108108108108108,110467.24,Commuter
2169,19,7.037037037037036,1999.6031578947368,39.647368421052626,0.3684210526315789,0.15789473684210525,0.05263157894736842,0.3157894736842105,37992.46,Weekend
2170,13,4.534883720930233,2593.0246153846156,50.599999999999994,0.07692307692307693,0.0,0.0,0.15384615384615385,33709.32,Thrifty
2171,15,6.164383561643836,2058.868,43.95333333333333,0.4666666666666667,0.2,0.06666666666666667,0.2,30883.02,Weekend
2172,64,22.857142857142858,1517.54,19.8296875,0.6875,0.140625,0.8125,0.28125,97122.56,Commuter
2173,48,16.74418604651163,1477.9662500000002,20.164583333333333,0.6875,0.14583333333333334,0.7708333333333334,0.20833333333333334,70942.38,Commuter
2174,40,13.636363636363637,1209.02025,15.9425,0.5,0.225,0.0,0.375,48360.81,Shopper
2175,63,21.47727272727273,1511.5650793650796,19.793650793650794,0.7777777777777778,0.12698412698412698,0.7936507936507936,0.23809523809523808,95228.6,Commuter
2176,40,13.636363636363637,1196.7337499999999,16.0125,0.45,0.25,0.0,0.225,47869.35,Shopper
2177,75,26.162790697674417,1503.2062666666666,20.810666666666666,0.6666666666666666,0.04,0.84,0.26666666666666666,112740.47,Commuter
2178,15,5.421686746987952,1986.9413333333334,40.26,0.4,0.26666666666666666,0.13333333333333333,0.4,29804.120000000003,Weekend
2179,18,7.2,1953.277222222222,40.43333333333333,0.3333333333333333,0.3888888888888889,0.0,0.5,35158.99,Weekend
2180,13,4.534883720930233,2434.6723076923076,50.88461538461539,0.0,0.0,0.0,0.15384615384615385,31650.739999999998,Thrifty
2181,13,5.492957746478873,2456.881538461538,51.79230769230769,0.0,0.0,0.0,0.3076923076923077,31939.46,Thrifty
2182,59,20.344827586206897,1489.3561016949152,19.159322033898306,0.711864406779661,0.01694915254237288,0.847457627118644,0.3220338983050847,87872.01,Commuter
2183,80,27.272727272727273,1505.32575,19.4125,0.7125,0.1875,0.8,0.15,120426.06,Commuter
2184,18,6.136363636363637,2584.4405555555554,52.51111111111111,0.0,0.0,0.0,0.2777777777777778,46519.93,Thrifty
2185,17,6.986301369863014,1996.1429411764707,43.705882352941174,0.47058823529411764,0.4117647058823529,0.17647058823529413,0.29411764705882354,33934.43,Weekend
2186,51,17.790697674418606,1204.8133333333333,14.113725490196078,0.5294117647058824,0.3333333333333333,0.0,0.2549019607843137,61445.479999999996,Shopper
2187,35,12.5,1192.3688571428572,15.28,0.5714285714285714,0.2,0.0,0.2857142857142857,41732.91,Shopper
2188,23,8.117647058823529,1984.5586956521738,38.108695652173914,0.6086956521739131,0.21739130434782608,0.13043478260869565,0.2608695652173913,45644.85,Weekend
2189,26,9.176470588235293,1995.0403846153847,38.96153846153846,0.4230769230769231,0.2692307692307692,0.07692307692307693,0.3076923076923077,51871.05,Weekend
2190,25,8.823529411764705,2001.7272,39.812,0.48,0.36,0.12,0.36,50043.18,Weekend
2191,61,20.333333333333332,1531.9526229508197,20.057377049180328,0.6229508196721312,0.08196721311475409,0.7868852459016393,0.3770491803278688,93449.11,Commuter
2192,37,13.703703703703702,1235.2113513513514,13.483783783783784,0.3783783783783784,0.1891891891891892,0.0,0.2702702702702703,45702.82,Shopper
2193,14,4.772727272727273,2013.6971428571428,41.68571428571429,0.21428571428571427,0.07142857142857142,0.07142857142857142,0.07142857142857142,28191.76,Weekend
2194,17,6.0,1910.6858823529412,42.747058823529414,0.29411764705882354,0.17647058823529413,0.17647058823529413,0.23529411764705882,32481.66,Weekend
2195,64,21.333333333333332,1508.89375,19.3546875,0.640625,0.078125,0.75,0.234375,96569.2,Commuter
2196,14,5.526315789473684,2464.032142857143,46.50714285714286,0.0,0.07142857142857142,0.0,0.35714285714285715,34496.45,Thrifty
2197,18,7.012987012987012,2453.5866666666666,51.61666666666667,0.0,0.0,0.0,0.4444444444444444,44164.56,Thrifty
2198,50,17.441860465116278,1196.0076,15.418,0.48,0.24,0.0,0.2,59800.38,Shopper
2199,9,4.655172413793103,2556.4255555555555,47.82222222222222,0.1111111111111111,0.0,0.0,0.0,23007.83,Thrifty
2200,12,5.901639344262295,2523.4375,49.475,0.0,0.0,0.0,0.08333333333333333,30281.25,Thrifty
2201,30,11.538461538461538,1179.8096666666668,14.433333333333334,0.5666666666666667,0.2,0.0,0.26666666666666666,35394.29,Shopper
2202,76,25.617977528089888,1474.6923684210526,19.88421052631579,0.75,0.10526315789473684,0.7763157894736842,0.32894736842105265,112076.62,Commuter
2203,13,4.382022471910112,2430.2823076923078,48.30769230769231,0.0,0.0,0.0,0.46153846153846156,31593.67,Thrifty
2204,62,21.379310344827587,1494.9630645161292,19.256451612903227,0.7258064516129032,0.14516129032258066,0.8064516129032258,0.2903225806451613,92687.71,Commuter
2205,22,7.951807228915663,2023.4354545454546,39.67727272727273,0.45454545454545453,0.3181818181818182,0.13636363636363635,0.2727272727272727,44515.58,Weekend
2206,45,15.517241379310345,1198.593111111111,14.34,0.5333333333333333,0.1111111111111111,0.0,0.15555555555555556,53936.69,Shopper
2207,65,22.674418604651162,1499.3304615384616,20.37538461538462,0.676923076923077,0.06153846153846154,0.8,0.2153846153846154,97456.48,Commuter
2208,45,16.071428571428573,1194.3384444444446,15.017777777777777,0.7111111111111111,0.15555555555555556,0.0,0.3333333333333333,53745.23,Shopper
2209,63,21.724137931034484,1489.2868253968254,19.598412698412698,0.6825396825396826,0.14285714285714285,0.8412698412698413,0.20634920634920634,93825.07,Commuter
2210,40,13.636363636363637,1184.3184999999999,14.975,0.375,0.125,0.0,0.075,47372.74,Shopper
2211,13,5.909090909090908,2133.1123076923077,42.33076923076923,0.46153846153846156,0.3076923076923077,0.15384615384615385,0.38461538461538464,27730.46,Weekend
2212,36,12.55813953488372,1236.7747222222222,14.344444444444443,0.4444444444444444,0.2222222222222222,0.0,0.3333333333333333,44523.89,Shopper
2213,65,21.91011235955056,1481.7530769230768,20.338461538461537,0.676923076923077,0.13846153846153847,0.8615384615384616,0.24615384615384617,96313.95,Commuter
2214,37,12.906976744186046,1181.972972972973,13.983783783783784,0.6216216216216216,0.21621621621621623,0.0,0.2972972972972973,43733.0,Shopper
2215,30,10.843373493975903,1992.8029999999999,40.97,0.5333333333333333,0.4,0.06666666666666667,0.23333333333333334,59784.09,Weekend
2216,7,2.916666666666667,2372.1114285714284,46.42857142857143,0.0,0.0,0.0,0.0,16604.78,Thrifty
2217,39,13.146067415730336,1212.4517948717948,15.451282051282051,0.5897435897435898,0.23076923076923078,0.0,0.28205128205128205,47285.62,Shopper
2218,70,23.595505617977526,1476.3191428571429,19.61857142857143,0.6285714285714286,0.12857142857142856,0.8857142857142857,0.2571428571428571,103342.34,Commuter
2219,37,12.333333333333334,1202.5716216216217,14.186486486486485,0.4864864864864865,0.16216216216216217,0.0,0.1891891891891892,44495.15,Shopper
2220,74,26.11764705882353,1483.3364864864864,19.824324324324323,0.7432432432432432,0.17567567567567569,0.7837837837837838,0.3783783783783784,109766.9,Commuter
2221,16,6.153846153846153,1955.4575,39.525,0.625,0.25,0.1875,0.5,31287.32,Weekend
2222,8,3.3333333333333335,2462.17125,40.5125,0.0,0.125,0.0,0.375,19697.37,Thrifty
2223,57,19.431818181818183,1493.3284210526317,20.271929824561404,0.7543859649122807,0.12280701754385964,0.8421052631578947,0.19298245614035087,85119.72,Commuter
2224,68,23.448275862068968,1473.9655882352943,19.904411764705884,0.75,0.1323529411764706,0.8235294117647058,0.35294117647058826,100229.66,Commuter
2225,62,21.379310344827587,1519.6627419354838,20.312903225806455,0.6612903225806451,0.06451612903225806,0.8064516129032258,0.20967741935483872,94219.09,Commuter
2226,14,6.086956521739131,2561.1414285714286,54.59285714285714,0.0,0.07142857142857142,0.0,0.21428571428571427,35855.98,Thrifty
2227,12,4.137931034482759,2537.6741666666667,48.11666666666667,0.0,0.08333333333333333,0.0,0.3333333333333333,30452.09,Thrifty
2228,24,9.113924050632912,2053.3366666666666,41.583333333333336,0.375,0.20833333333333334,0.125,0.20833333333333334,49280.08,Weekend
2229,75,25.280898876404493,1524.3525333333334,20.323999999999998,0.8,0.09333333333333334,0.7866666666666666,0.44,114326.44,Commuter
2230,65,21.91011235955056,1499.4678461538463,20.275384615384617,0.6153846153846154,0.13846153846153847,0.7384615384615385,0.3230769230769231,97465.41,Commuter
2231,19,8.142857142857142,1958.2768421052633,40.11052631578948,0.2631578947368421,0.10526315789473684,0.15789473684210525,0.15789473684210525,37207.26,Weekend
2232,81,27.0,1513.1927160493826,19.562962962962963,0.7037037037037037,0.1111111111111111,0.8024691358024691,0.32098765432098764,122568.61,Commuter
2233,47,16.20689655172414,1232.1293617021277,15.48936170212766,0.48936170212765956,0.2553191489361702,0.0,0.3617021276595745,57910.08,Shopper
2234,41,14.13793103448276,1185.1180487804877,14.646341463414634,0.4146341463414634,0.21951219512195122,0.0,0.43902439024390244,48589.84,Shopper
2235,19,6.404494382022472,1967.3484210526317,37.1578947368421,0.2631578947368421,0.3157894736842105,0.15789473684210525,0.15789473684210525,37379.62,Weekend
2236,27,9.101123595505618,1939.35,41.25925925925926,0.5555555555555556,0.3333333333333333,0.037037037037037035,0.2962962962962963,52362.45,Weekend
2237,41,16.18421052631579,1222.7463414634146,13.275609756097559,0.5609756097560976,0.24390243902439024,0.0,0.24390243902439024,50132.6,Shopper
2238,66,22.5,1527.860303030303,20.683333333333334,0.7424242424242424,0.12121212121212122,0.8333333333333334,0.19696969696969696,100838.78,Commuter
2239,52,17.72727272727273,1527.4209615384616,19.653846153846153,0.75,0.1346153846153846,0.7692307692307693,0.28846153846153844,79425.89,Commuter
2240,60,20.454545454545457,1501.4028333333333,20.095000000000002,0.6833333333333333,0.08333333333333333,0.8833333333333333,0.25,90084.17,Commuter
2241,19,7.037037037037036,2018.2215789473685,42.5,0.5263157894736842,0.3157894736842105,0.15789473684210525,0.42105263157894735,38346.21,Weekend
2242,59,20.823529411764707,1500.9757627118645,19.6864406779661,0.711864406779661,0.03389830508474576,0.7966101694915254,0.3220338983050847,88557.57,Commuter
2243,14,5.6,1987.3492857142858,38.65,0.35714285714285715,0.21428571428571427,0.0,0.2857142857142857,27822.89,Weekend
2244,32,11.03448275862069,1204.628125,15.128125,0.40625,0.25,0.0,0.28125,38548.1,Shopper
2245,34,11.86046511627907,1168.129411764706,14.961764705882352,0.35294117647058826,0.2647058823529412,0.0,0.17647058823529413,39716.4,Shopper
2246,17,6.455696202531645,2458.542941176471,49.858823529411765,0.058823529411764705,0.0,0.0,0.7647058823529411,41795.23,Thrifty
2247,68,22.92134831460674,1504.6898529411765,19.74411764705882,0.6617647058823529,0.1323529411764706,0.8382352941176471,0.3235294117647059,102318.91,Commuter
2248,38,12.808988764044944,1195.3084210526315,15.597368421052632,0.42105263157894735,0.18421052631578946,0.0,0.21052631578947367,45421.72,Shopper
2249,19,10.0,1997.6610526315787,43.27368421052632,0.42105263157894735,0.2631578947368421,0.0,0.2631578947368421,37955.56,Weekend
2250,62,20.666666666666668,1497.8795161290323,18.151612903225807,0.6612903225806451,0.06451612903225806,0.8387096774193549,0.2903225806451613,92868.53,Commuter
2251,47,15.842696629213483,1464.697659574468,19.804255319148936,0.7872340425531915,0.0425531914893617,0.723404255319149,0.3617021276595745,68840.79,Commuter
2252,32,10.786516853932584,1191.0128124999999,15.221875,0.5,0.1875,0.0,0.21875,38112.409999999996,Shopper
2253,12,4.556962025316456,1961.8633333333335,44.13333333333333,0.3333333333333333,0.4166666666666667,0.0,0.08333333333333333,23542.36,Weekend
2254,27,9.310344827586206,1232.1129629629631,14.47037037037037,0.5555555555555556,0.14814814814814814,0.0,0.25925925925925924,33267.05,Shopper
2255,40,14.634146341463415,1180.49875,14.372499999999999,0.575,0.125,0.0,0.375,47219.95,Shopper
2256,22,8.048780487804878,1936.0454545454545,40.41818181818182,0.36363636363636365,0.18181818181818182,0.13636363636363635,0.45454545454545453,42593.0,Weekend
2257,11,6.73469387755102,2472.7727272727275,51.06363636363637,0.0,0.09090909090909091,0.0,0.09090909090909091,27200.5,Thrifty
2258,19,7.037037037037036,2494.2573684210524,54.526315789473685,0.0,0.0,0.0,0.47368421052631576,47390.89,Thrifty
2259,8,3.75,2643.61,48.9625,0.0,0.0,0.0,0.0,21148.88,Thrifty
2260,6,2.25,2631.9966666666664,51.65,0.0,0.0,0.0,0.16666666666666666,15791.98,Thrifty
2261,17,6.455696202531645,1995.5817647058823,39.38235294117647,0.058823529411764705,0.35294117647058826,0.058823529411764705,0.29411764705882354,33924.89,Weekend
2262,21,7.777777777777778,1929.4952380952382,40.24285714285715,0.3333333333333333,0.19047619047619047,0.09523809523809523,0.23809523809523808,40519.4,Weekend
2263,40,14.117647058823529,1183.80125,14.584999999999999,0.5,0.2,0.0,0.225,47352.05,Shopper
2264,14,6.176470588235294,2473.105,48.864285714285714,0.0,0.07142857142857142,0.0,0.14285714285714285,34623.47,Thrifty
2265,17,6.071428571428572,2041.1376470588239,41.2764705882353,0.5294117647058824,0.23529411764705882,0.23529411764705882,0.29411764705882354,34699.340000000004,Weekend
2266,14,4.719101123595506,1964.545,38.58571428571429,0.5,0.14285714285714285,0.07142857142857142,0.21428571428571427,27503.63,Weekend
2267,17,5.730337078651685,2004.074117647059,38.61176470588235,0.4117647058823529,0.23529411764705882,0.11764705882352941,0.35294117647058826,34069.26,Weekend
2268,16,6.153846153846153,2088.3424999999997,41.39375,0.375,0.125,0.1875,0.25,33413.479999999996,Weekend
2269,66,22.247191011235955,1508.1872727272728,21.059090909090912,0.7121212121212122,0.10606060606060606,0.7424242424242424,0.3484848484848485,99540.36,Commuter
2270,10,3.4482758620689657,2574.1549999999997,51.45,0.1,0.1,0.0,0.2,25741.55,Thrifty
2271,56,19.53488372093023,1479.6319642857143,20.455357142857142,0.8035714285714286,0.10714285714285714,0.8035714285714286,0.3392857142857143,82859.39,Commuter
2272,12,4.235294117647059,2429.4166666666665,50.15,0.08333333333333333,0.0,0.0,0.0,29153.0,Thrifty
2273,14,5.6,2508.525,50.42857142857143,0.07142857142857142,0.0,0.0,0.2857142857142857,35119.35,Thrifty
2274,29,10.235294117647058,1942.073103448276,41.08965517241379,0.20689655172413793,0.3793103448275862,0.1724137931034483,0.41379310344827586,56320.12,Weekend
2275,48,16.551724137931036,1222.8310416666666,14.995833333333332,0.5625,0.16666666666666666,0.0,0.22916666666666666,58695.89,Shopper
2276,22,7.764705882352941,1992.9331818181818,38.92272727272727,0.4090909090909091,0.18181818181818182,0.18181818181818182,0.2727272727272727,43844.53,Weekend
2277,20,7.4074074074074066,1966.944,42.685,0.5,0.25,0.05,0.25,39338.88,Weekend
2278,11,5.689655172413793,2552.840909090909,50.46363636363637,0.0,0.18181818181818182,0.0,0.2727272727272727,28081.25,Thrifty
2279,25,9.036144578313253,1962.3316,38.856,0.48,0.28,0.04,0.4,49058.29,Weekend
2280,65,22.413793103448278,1445.8936923076922,19.643076923076922,0.676923076923077,0.09230769230769231,0.7692307692307693,0.2923076923076923,93983.09,Commuter
2281,76,26.20689655172414,1492.518157894737,21.035526315789475,0.6710526315789473,0.06578947368421052,0.7631578947368421,0.27631578947368424,113431.38,Commuter
2282,8,3.4285714285714284,2533.36875,51.949999999999996,0.125,0.0,0.0,0.125,20266.95,Thrifty
2283,15,5.232558139534883,2509.7533333333336,49.973333333333336,0.0,0.0,0.0,0.4,37646.3,Thrifty
2284,60,20.689655172413794,1504.5043333333333,20.185,0.6833333333333333,0.18333333333333332,0.7,0.26666666666666666,90270.26,Commuter
2285,61,22.048192771084338,1509.8701639344263,19.065573770491802,0.5901639344262295,0.13114754098360656,0.8688524590163934,0.32786885245901637,92102.08,Commuter
2286,52,17.528089887640448,1542.5753846153846,19.528846153846153,0.6923076923076923,0.057692307692307696,0.8846153846153846,0.3269230769230769,80213.92,Commuter
2287,42,14.651162790697674,1180.2159523809523,15.80952380952381,0.5476190476190477,0.16666666666666666,0.0,0.14285714285714285,49569.07,Shopper
2288,10,3.3707865168539324,2523.469,48.85,0.0,0.1,0.0,0.1,25234.690000000002,Thrifty
2289,12,4.556962025316456,2506.3975,46.18333333333334,0.0,0.16666666666666666,0.0,0.25,30076.77,Thrifty
2290,66,23.294117647058822,1501.53,20.275757575757577,0.6515151515151515,0.07575757575757576,0.8939393939393939,0.36363636363636365,99100.98,Commuter
2291,20,7.4074074074074066,2043.057,41.475,0.35,0.25,0.1,0.4,40861.14,Weekend
2292,68,22.92134831460674,1512.956911764706,19.988235294117647,0.6617647058823529,0.07352941176470588,0.7352941176470589,0.20588235294117646,102881.07,Commuter
2293,62,21.379310344827587,1517.5682258064514,20.16290322580645,0.6612903225806451,0.0967741935483871,0.8064516129032258,0.22580645161290322,94089.23,Commuter
2294,14,4.719101123595506,2431.5950000000003,51.06428571428571,0.0,0.0,0.0,0.14285714285714285,34042.33,Thrifty
2295,59,20.344827586206897,1515.8706779661015,20.016949152542374,0.711864406779661,0.13559322033898305,0.8305084745762712,0.3389830508474576,89436.37,Commuter
2296,75,25.862068965517242,1514.8405333333333,19.873333333333335,0.7466666666666667,0.12,0.84,0.22666666666666666,113613.04,Commuter
2297,68,22.666666666666668,1512.3089705882353,20.21764705882353,0.6764705882352942,0.14705882352941177,0.8529411764705882,0.3382352941176471,102837.01,Commuter
2298,63,21.724137931034484,1475.4820634920634,19.987301587301587,0.5873015873015873,0.1111111111111111,0.7777777777777778,0.25396825396825395,92955.37,Commuter
2299,68,23.181818181818183,1508.759705882353,19.583823529411767,0.6617647058823529,0.14705882352941177,0.8235294117647058,0.1323529411764706,102595.66,Commuter
2300,6,4.5,2329.8083333333334,48.53333333333333,0.0,0.3333333333333333,0.0,0.3333333333333333,13978.85,Thrifty
2301,31,10.941176470588236,1196.3148387096776,15.638709677419355,0.5806451612903226,0.16129032258064516,0.0,0.2903225806451613,37085.76,Shopper
2302,24,8.0,2024.7108333333333,40.329166666666666,0.7083333333333334,0.2916666666666667,0.041666666666666664,0.25,48593.06,Weekend
2303,14,4.941176470588235,2461.3564285714283,51.75714285714286,0.0,0.21428571428571427,0.0,0.21428571428571427,34458.99,Thrifty
2304,80,27.586206896551726,1488.4905,19.8425,0.7,0.125,0.75,0.2375,119079.24,Commuter
2305,44,14.666666666666666,1198.9745454545455,14.829545454545455,0.45454545454545453,0.18181818181818182,0.0,0.45454545454545453,52754.88,Shopper
2306,14,5.0602409638554215,2498.5007142857144,49.23571428571428,0.14285714285714285,0.14285714285714285,0.0,0.21428571428571427,34979.01,Thrifty
2307,79,27.24137931034483,1503.989240506329,19.549367088607596,0.6708860759493671,0.0759493670886076,0.810126582278481,0.24050632911392406,118815.15,Commuter
2308,24,8.372093023255815,2018.2170833333332,39.87083333333333,0.5833333333333334,0.20833333333333334,0.16666666666666666,0.25,48437.21,Weekend
2309,55,18.75,1517.096909090909,18.6,0.6181818181818182,0.12727272727272726,0.8181818181818182,0.36363636363636365,83440.33,Commuter
2310,12,4.556962025316456,2546.653333333333,47.05833333333334,0.08333333333333333,0.08333333333333333,0.0,0.16666666666666666,30559.84,Thrifty
2311,11,4.45945945945946,2491.004545454545,55.40909090909091,0.09090909090909091,0.0,0.0,0.45454545454545453,27401.05,Thrifty
2312,37,12.613636363636365,1218.351891891892,15.02162162162162,0.6486486486486487,0.08108108108108109,0.0,0.1891891891891892,45079.02,Shopper
2313,6,2.6865671641791042,2564.741666666667,49.63333333333333,0.3333333333333333,0.0,0.0,0.3333333333333333,15388.45,Thrifty
2314,15,5.172413793103448,1890.2106666666666,38.94666666666667,0.4666666666666667,0.26666666666666666,0.06666666666666667,0.3333333333333333,28353.16,Weekend
2315,47,16.3953488372093,1233.53,16.648936170212767,0.46808510638297873,0.14893617021276595,0.0,0.44680851063829785,57975.91,Shopper
2316,71,24.482758620689655,1485.8818309859155,20.338028169014084,0.8028169014084507,0.14084507042253522,0.7887323943661971,0.352112676056338,105497.61,Commuter
2317,72,24.269662921348313,1514.0615277777777,19.920833333333334,0.6805555555555556,0.125,0.8333333333333334,0.2916666666666667,109012.43,Commuter
2318,10,3.6144578313253013,2418.6369999999997,41.25,0.0,0.1,0.0,0.2,24186.37,Thrifty
2319,9,3.5526315789473686,2448.9011111111113,53.333333333333336,0.0,0.1111111111111111,0.0,0.3333333333333333,22040.11,Thrifty
2320,14,4.772727272727273,2355.197142857143,51.714285714285715,0.0,0.14285714285714285,0.0,0.21428571428571427,32972.76,Thrifty
2321,35,12.962962962962962,1202.9942857142858,15.625714285714285,0.37142857142857144,0.2857142857142857,0.0,0.3142857142857143,42104.8,Shopper
2322,20,6.741573033707865,1946.6560000000002,40.945,0.5,0.25,0.0,0.2,38933.12,Weekend
2323,17,5.795454545454546,1935.5382352941178,39.682352941176475,0.29411764705882354,0.23529411764705882,0.17647058823529413,0.35294117647058826,32904.15,Weekend
2324,12,4.235294117647059,2385.8158333333336,43.85833333333333,0.0,0.0,0.0,0.25,28629.79,Thrifty
2325,36,12.272727272727273,1197.7008333333333,15.188888888888888,0.4722222222222222,0.2222222222222222,0.0,0.3611111111111111,43117.23,Shopper
2326,33,11.25,1201.910303030303,15.43030303030303,0.6060606060606061,0.12121212121212122,0.0,0.24242424242424243,39663.04,Shopper
2327,50,16.85393258426966,1216.0224,15.2,0.48,0.14,0.0,0.34,60801.12,Shopper
2328,59,20.113636363636363,1519.3474576271187,21.215254237288136,0.7457627118644068,0.1016949152542373,0.8983050847457628,0.23728813559322035,89641.5,Commuter
2329,17,6.296296296296296,1921.5776470588235,38.5,0.29411764705882354,0.23529411764705882,0.17647058823529413,0.17647058823529413,32666.82,Weekend
2330,77,26.86046511627907,1515.8553246753247,20.24935064935065,0.7922077922077922,0.14285714285714285,0.8051948051948052,0.18181818181818182,116720.86,Commuter
2331,62,21.379310344827587,1507.1451612903227,19.566129032258065,0.7258064516129032,0.04838709677419355,0.7903225806451613,0.3387096774193548,93443.0,Commuter
2332,56,18.876404494382022,1500.626785714286,19.3,0.6607142857142857,0.19642857142857142,0.8392857142857143,0.30357142857142855,84035.1,Commuter
2333,20,7.0588235294117645,1965.0900000000001,43.019999999999996,0.6,0.15,0.1,0.2,39301.8,Weekend
2334,12,5.217391304347826,1921.41,40.083333333333336,0.25,0.16666666666666666,0.16666666666666666,0.25,23056.920000000002,Weekend
2335,85,28.651685393258425,1492.9115294117646,19.54235294117647,0.7176470588235294,0.10588235294117647,0.8235294117647058,0.3058823529411765,126897.48,Commuter
2336,15,5.294117647058823,2464.7913333333336,47.806666666666665,0.06666666666666667,0.0,0.0,0.3333333333333333,36971.87,Thrifty
2337,11,3.9759036144578315,2460.4745454545455,43.52727272727273,0.0,0.18181818181818182,0.0,0.09090909090909091,27065.22,Thrifty
2338,12,4.864864864864865,2508.3108333333334,52.85833333333333,0.16666666666666666,0.0,0.0,0.4166666666666667,30099.73,Thrifty
2339,56,18.876404494382022,1514.404464285714,19.501785714285713,0.7678571428571429,0.10714285714285714,0.7321428571428571,0.30357142857142855,84806.65,Commuter
2340,13,4.534883720930233,2476.023076923077,48.107692307692304,0.0,0.07692307692307693,0.0,0.3076923076923077,32188.3,Thrifty
2341,31,10.941176470588236,1996.5325806451613,40.23225806451613,0.45161290322580644,0.2903225806451613,0.16129032258064516,0.3225806451612903,61892.51,Weekend
2342,70,23.333333333333332,1497.1997142857142,20.71,0.7285714285714285,0.1,0.7428571428571429,0.2714285714285714,104803.98,Commuter
2343,76,25.617977528089888,1477.3015789473684,21.357894736842105,0.7368421052631579,0.07894736842105263,0.7236842105263158,0.27631578947368424,112274.92,Commuter
2344,19,7.215189873417722,2520.045789473684,49.72105263157895,0.05263157894736842,0.05263157894736842,0.0,0.3157894736842105,47880.87,Thrifty
2345,37,13.214285714285715,1223.1983783783783,15.151351351351352,0.4864864864864865,0.1891891891891892,0.0,0.2972972972972973,45258.34,Shopper
2346,16,5.454545454545455,2027.67875,40.1625,0.3125,0.5625,0.125,0.25,32442.86,Weekend
2347,19,6.551724137931035,2070.625789473684,39.578947368421055,0.3684210526315789,0.21052631578947367,0.10526315789473684,0.2631578947368421,39341.89,Weekend
2348,8,4.8,2507.685,53.275,0.0,0.0,0.0,0.25,20061.48,Thrifty
2349,25,8.333333333333334,1996.2772,37.676,0.2,0.28,0.04,0.24,49906.93,Weekend
2350,62,21.627906976744185,1498.3008064516127,20.598387096774193,0.6290322580645161,0.06451612903225806,0.8709677419354839,0.3064516129032258,92894.65,Commuter
2351,21,7.325581395348837,2042.3547619047617,41.438095238095244,0.3333333333333333,0.23809523809523808,0.047619047619047616,0.3333333333333333,42889.45,Weekend
2352,53,18.488372093023255,1170.7509433962264,13.309433962264151,0.4339622641509434,0.18867924528301888,0.0,0.37735849056603776,62049.8,Shopper
2353,24,8.372093023255815,1961.6883333333333,41.09166666666667,0.20833333333333334,0.25,0.041666666666666664,0.2916666666666667,47080.52,Weekend
2354,46,15.862068965517242,1214.2160869565218,16.12391304347826,0.5217391304347826,0.2826086956521739,0.0,0.3695652173913043,55853.94,Shopper
2355,19,7.125,2035.9221052631576,37.38421052631579,0.3684210526315789,0.10526315789473684,0.10526315789473684,0.3684210526315789,38682.52,Weekend
2356,69,23.258426966292134,1510.5747826086956,19.80289855072464,0.6956521739130435,0.10144927536231885,0.782608695652174,0.18840579710144928,104229.66,Commuter
2357,38,12.954545454545455,1213.0386842105263,15.028947368421052,0.3684210526315789,0.15789473684210525,0.0,0.2631578947368421,46095.47,Shopper
2358,56,18.876404494382022,1515.4798214285713,20.1375,0.7321428571428571,0.08928571428571429,0.875,0.2857142857142857,84866.87,Commuter
2359,7,2.763157894736842,2520.3185714285714,53.25714285714286,0.0,0.0,0.0,0.14285714285714285,17642.23,Thrifty
2360,65,22.15909090909091,1484.4867692307691,20.232307692307693,0.676923076923077,0.16923076923076924,0.7538461538461538,0.3384615384615385,96491.64,Commuter
2361,69,24.352941176470587,1495.4414492753624,19.594202898550726,0.5797101449275363,0.043478260869565216,0.782608695652174,0.2608695652173913,103185.46,Commuter
2362,15,6.164383561643836,2488.6066666666666,49.4,0.06666666666666667,0.0,0.0,0.26666666666666666,37329.1,Thrifty
2363,61,20.56179775280899,1473.1108196721311,19.978688524590165,0.6721311475409836,0.06557377049180328,0.7377049180327869,0.21311475409836064,89859.76,Commuter
2364,9,4.029850746268656,2390.077777777778,52.31111111111111,0.0,0.0,0.0,0.2222222222222222,21510.7,Thrifty
2365,14,5.526315789473684,2025.472142857143,39.91428571428571,0.21428571428571427,0.21428571428571427,0.35714285714285715,0.2857142857142857,28356.61,Weekend
2366,62,20.666666666666668,1523.5204838709678,19.52258064516129,0.7903225806451613,0.08064516129032258,0.7903225806451613,0.25806451612903225,94458.27,Commuter
2367,64,21.573033707865168,1529.00515625,19.8515625,0.71875,0.15625,0.734375,0.21875,97856.33,Commuter
2368,14,5.454545454545454,1994.2657142857145,40.32142857142857,0.5714285714285714,0.21428571428571427,0.0,0.14285714285714285,27919.72,Weekend
2369,13,4.814814814814815,2493.080769230769,48.176923076923075,0.07692307692307693,0.07692307692307693,0.0,0.23076923076923078,32410.05,Thrifty
2370,24,10.746268656716417,2049.2925,42.50416666666667,0.375,0.16666666666666666,0.041666666666666664,0.2916666666666667,49183.020000000004,Weekend
2371,23,8.414634146341463,1943.6504347826087,39.55217391304348,0.43478260869565216,0.2608695652173913,0.08695652173913043,0.2608695652173913,44703.96,Weekend
2372,31,11.481481481481481,1205.3129032258064,15.596774193548388,0.5161290322580645,0.3225806451612903,0.0,0.25806451612903225,37364.7,Shopper
2373,17,6.986301369863014,2060.6482352941175,43.0,0.29411764705882354,0.29411764705882354,0.17647058823529413,0.23529411764705882,35031.02,Weekend
2374,11,4.177215189873418,2323.0272727272727,48.73636363636364,0.09090909090909091,0.0,0.0,0.18181818181818182,25553.3,Thrifty
2375,17,6.144578313253012,2023.675882352941,42.62352941176471,0.4117647058823529,0.35294117647058826,0.11764705882352941,0.23529411764705882,34402.49,Weekend
2376,50,17.64705882352941,1505.4373999999998,20.642,0.64,0.04,0.84,0.34,75271.87,Commuter
2377,16,5.783132530120482,2560.623125,48.45625,0.0,0.0625,0.0,0.25,40969.97,Thrifty
2378,17,5.795454545454546,2011.179411764706,42.38823529411765,0.4117647058823529,0.23529411764705882,0.11764705882352941,0.23529411764705882,34190.05,Weekend
2379,7,3.333333333333333,2330.38,46.199999999999996,0.0,0.0,0.0,0.42857142857142855,16312.66,Thrifty
2380,24,8.674698795180722,2026.53625,40.06666666666667,0.4166666666666667,0.375,0.08333333333333333,0.25,48636.87,Weekend
2381,42,14.157303370786517,1182.627380952381,15.326190476190478,0.4523809523809524,0.2619047619047619,0.0,0.30952380952380953,49670.35,Shopper
2382,39,13.448275862068966,1219.4923076923076,13.76923076923077,0.4358974358974359,0.15384615384615385,0.0,0.28205128205128205,47560.2,Shopper
2383,36,12.413793103448276,1178.2422222222222,14.75,0.4722222222222222,0.1111111111111111,0.0,0.19444444444444445,42416.72,Shopper
2384,12,4.390243902439025,2499.6616666666664,46.725,0.0,0.25,0.0,0.16666666666666666,29995.94,Thrifty
2385,18,6.666666666666666,2449.785,50.33888888888889,0.1111111111111111,0.1111111111111111,0.0,0.2777777777777778,44096.13,Thrifty
2386,20,6.741573033707865,1950.404,40.989999999999995,0.35,0.1,0.15,0.35,39008.08,Weekend
2387,12,4.8,2434.210833333333,51.93333333333334,0.0,0.0,0.0,0.16666666666666666,29210.53,Thrifty
2388,27,10.125,1979.82,40.67777777777778,0.4444444444444444,0.25925925925925924,0.14814814814814814,0.2962962962962963,53455.14,Weekend
2389,18,6.206896551724138,2048.1272222222224,39.48888888888889,0.5555555555555556,0.2222222222222222,0.1111111111111111,0.3888888888888889,36866.29,Weekend
2390,24,8.181818181818182,2010.4704166666668,39.608333333333334,0.4583333333333333,0.25,0.0,0.125,48251.29,Weekend
2391,11,5.15625,2519.1154545454547,48.67272727272727,0.18181818181818182,0.09090909090909091,0.0,0.45454545454545453,27710.27,Thrifty
2392,48,16.74418604651163,1488.7641666666666,20.6125,0.625,0.020833333333333332,0.8541666666666666,0.1875,71460.68,Commuter
2393,13,4.642857142857143,2512.8876923076923,52.05384615384616,0.0,0.07692307692307693,0.0,0.15384615384615385,32667.54,Thrifty
2394,70,25.0,1510.8965714285714,20.164285714285715,0.6428571428571429,0.2,0.7,0.3,105762.76,Commuter
2395,46,15.862068965517242,1213.0328260869567,14.06304347826087,0.5434782608695652,0.10869565217391304,0.0,0.2826086956521739,55799.51,Shopper
2396,7,2.4705882352941173,2701.6257142857144,45.18571428571429,0.0,0.14285714285714285,0.0,0.14285714285714285,18911.38,Thrifty
2397,68,23.448275862068968,1518.6651470588235,19.211764705882356,0.6470588235294118,0.014705882352941176,0.8676470588235294,0.23529411764705882,103269.23,Commuter
2398,55,18.75,1490.2640000000001,19.705454545454543,0.6181818181818182,0.05454545454545454,0.8909090909090909,0.32727272727272727,81964.52,Commuter
2399,25,9.146341463414634,2014.5764,39.275999999999996,0.44,0.08,0.12,0.4,50364.409999999996,Weekend
2400,18,6.9230769230769225,1979.0822222222223,37.077777777777776,0.4444444444444444,0.3333333333333333,0.05555555555555555,0.3888888888888889,35623.48,Weekend
2401,8,3.380281690140845,2435.45375,56.5,0.0,0.0,0.0,0.625,19483.63,Thrifty
2402,71,25.975609756097562,1510.1425352112676,20.477464788732394,0.7183098591549296,0.15492957746478872,0.7464788732394366,0.3380281690140845,107220.12,Commuter
2403,11,3.8372093023255816,2420.08,52.00909090909091,0.09090909090909091,0.0,0.0,0.36363636363636365,26620.88,Thrifty
2404,12,6.545454545454546,2721.0716666666667,52.94166666666666,0.16666666666666666,0.25,0.0,0.3333333333333333,32652.86,Thrifty
2405,17,7.083333333333334,1964.8488235294117,40.40588235294118,0.35294117647058826,0.11764705882352941,0.11764705882352941,0.35294117647058826,33402.43,Weekend
2406,13,5.571428571428571,1957.5069230769232,43.06153846153846,0.3076923076923077,0.15384615384615385,0.23076923076923078,0.46153846153846156,25447.59,Weekend
2407,9,3.4177215189873418,2501.2744444444447,54.41111111111111,0.2222222222222222,0.1111111111111111,0.0,0.2222222222222222,22511.47,Thrifty
2408,63,21.0,1510.9409523809525,20.103174603174605,0.7142857142857143,0.12698412698412698,0.873015873015873,0.15873015873015872,95189.28,Commuter
2409,34,11.724137931034484,1201.234411764706,14.805882352941175,0.5882352941176471,0.14705882352941177,0.0,0.5,40841.97,Shopper
2410,12,4.444444444444444,2562.6383333333333,51.708333333333336,0.08333333333333333,0.08333333333333333,0.0,0.0,30751.66,Thrifty
2411,20,7.692307692307692,2001.0465,38.07,0.45,0.35,0.1,0.3,40020.93,Weekend
2412,69,23.522727272727273,1457.8342028985508,20.457971014492752,0.6666666666666666,0.11594202898550725,0.8405797101449275,0.2898550724637681,100590.56,Commuter
2413,13,4.588235294117647,2571.019230769231,53.55384615384615,0.0,0.07692307692307693,0.0,0.38461538461538464,33423.25,Thrifty
2414,69,23.79310344827586,1490.5688405797102,19.202898550724637,0.7391304347826086,0.07246376811594203,0.7536231884057971,0.2318840579710145,102849.25,Commuter
2415,15,6.0,2554.422,51.419999999999995,0.13333333333333333,0.0,0.0,0.2,38316.33,Thrifty
2416,41,14.470588235294118,1151.3217073170733,14.921951219512193,0.4878048780487805,0.14634146341463414,0.0,0.2682926829268293,47204.19,Shopper
2417,11,4.583333333333334,2403.864545454546,48.9,0.09090909090909091,0.09090909090909091,0.0,0.09090909090909091,26442.510000000002,Thrifty
2418,56,18.876404494382022,1496.9139285714284,20.90357142857143,0.8035714285714286,0.10714285714285714,0.8035714285714286,0.25,83827.18,Commuter
2419,67,22.840909090909093,1516.508358208955,20.838805970149256,0.5970149253731343,0.16417910447761194,0.7611940298507462,0.22388059701492538,101606.06,Commuter
2420,13,4.7560975609756095,2460.5053846153846,54.36923076923077,0.0,0.0,0.0,0.0,31986.57,Thrifty
2421,70,24.137931034482758,1484.7685714285715,20.529999999999998,0.7142857142857143,0.08571428571428572,0.8428571428571429,0.44285714285714284,103933.8,Commuter
2422,64,21.81818181818182,1499.45453125,19.996875,0.59375,0.140625,0.734375,0.265625,95965.09,Commuter
2423,16,6.857142857142857,2028.31,40.39375,0.25,0.25,0.125,0.25,32452.96,Weekend
2424,12,4.615384615384615,2453.9175,49.94166666666666,0.0,0.25,0.0,0.3333333333333333,29447.01,Thrifty
2425,56,19.090909090909093,1491.0712500000002,20.396428571428572,0.75,0.10714285714285714,0.7857142857142857,0.39285714285714285,83499.99,Commuter
2426,33,11.123595505617978,1221.2136363636364,16.096969696969694,0.6060606060606061,0.12121212121212122,0.0,0.21212121212121213,40300.05,Shopper
2427,59,20.58139534883721,1469.2559322033899,20.728813559322035,0.6779661016949152,0.11864406779661017,0.8813559322033898,0.2542372881355932,86686.1,Commuter
2428,46,17.25,1195.929347826087,15.463043478260868,0.5434782608695652,0.15217391304347827,0.0,0.17391304347826086,55012.75,Shopper
2429,13,5.416666666666667,2553.899230769231,43.48461538461538,0.0,0.0,0.0,0.38461538461538464,33200.69,Thrifty
2430,42,14.482758620689655,1234.5554761904762,14.452380952380953,0.5476190476190477,0.21428571428571427,0.0,0.3333333333333333,51851.33,Shopper
2431,22,8.25,1928.3781818181817,40.449999999999996,0.3181818181818182,0.22727272727272727,0.045454545454545456,0.22727272727272727,42424.32,Weekend
2432,38,13.902439024390244,1153.2263157894736,14.394736842105264,0.5263157894736842,0.15789473684210525,0.0,0.23684210526315788,43822.6,Shopper
2433,33,11.927710843373495,1224.468787878788,14.818181818181818,0.5757575757575758,0.15151515151515152,0.0,0.36363636363636365,40407.47,Shopper
2434,61,20.56179775280899,1490.0096721311475,20.22622950819672,0.6557377049180327,0.08196721311475409,0.819672131147541,0.3114754098360656,90890.59,Commuter
2435,35,12.068965517241379,1199.299142857143,15.825714285714286,0.5142857142857142,0.2,0.0,0.34285714285714286,41975.47,Shopper
2436,23,9.857142857142856,2569.465652173913,50.92173913043479,0.13043478260869565,0.0,0.0,0.34782608695652173,59097.71,Thrifty
2437,11,4.024390243902439,2542.368181818182,54.345454545454544,0.09090909090909091,0.0,0.0,0.36363636363636365,27966.050000000003,Thrifty
2438,10,4.109589041095891,2367.909,53.410000000000004,0.0,0.0,0.0,0.2,23679.09,Thrifty
2439,18,7.2,2514.278888888889,46.983333333333334,0.0,0.05555555555555555,0.0,0.2777777777777778,45257.020000000004,Thrifty
2440,62,21.136363636363637,1478.1975806451612,19.85967741935484,0.7096774193548387,0.04838709677419355,0.8064516129032258,0.27419354838709675,91648.25,Commuter
2441,15,5.48780487804878,2025.2359999999999,36.14666666666667,0.26666666666666666,0.26666666666666666,0.13333333333333333,0.4,30378.539999999997,Weekend
2442,11,3.928571428571429,2599.8500000000004,52.88181818181818,0.0,0.09090909090909091,0.0,0.18181818181818182,28598.350000000002,Thrifty
2443,21,7.682926829268292,1993.0333333333333,39.36666666666667,0.38095238095238093,0.19047619047619047,0.09523809523809523,0.2857142857142857,41853.7,Weekend
2444,40,14.117647058823529,1202.3272499999998,15.267500000000002,0.5,0.225,0.0,0.15,48093.09,Shopper
2445,14,5.121951219512195,2596.3614285714284,54.69285714285714,0.0,0.07142857142857142,0.0,0.2857142857142857,36349.06,Thrifty
2446,17,6.0,2433.9082352941177,50.858823529411765,0.058823529411764705,0.0,0.0,0.23529411764705882,41376.44,Thrifty
2447,73,24.333333333333332,1483.1660273972602,19.19041095890411,0.7397260273972602,0.0821917808219178,0.7671232876712328,0.3150684931506849,108271.12,Commuter
2448,54,18.0,1486.411851851852,20.787037037037038,0.6666666666666666,0.07407407407407407,0.6851851851851852,0.3333333333333333,80266.24,Commuter
2449,67,23.372093023255815,1505.4546268656718,19.465671641791044,0.7313432835820896,0.1044776119402985,0.7313432835820896,0.2537313432835821,100865.46,Commuter
2450,14,4.719101123595506,2462.4764285714286,51.07857142857143,0.07142857142857142,0.0,0.0,0.35714285714285715,34474.67,Thrifty
2451,53,17.865168539325843,1518.7909433962263,21.68679245283019,0.6792452830188679,0.1509433962264151,0.7924528301886793,0.3018867924528302,80495.92,Commuter
2452,41,13.820224719101123,1155.9282926829267,15.360975609756096,0.4146341463414634,0.12195121951219512,0.0,0.2682926829268293,47393.06,Shopper
2453,22,8.25,2002.1699999999998,42.0,0.4090909090909091,0.36363636363636365,0.09090909090909091,0.2727272727272727,44047.74,Weekend
2454,11,3.928571428571429,2531.610909090909,47.43636363636363,0.09090909090909091,0.18181818181818182,0.0,0.18181818181818182,27847.72,Thrifty
2455,26,9.069767441860465,2002.0011538461538,40.176923076923075,0.2692307692307692,0.19230769230769232,0.11538461538461539,0.19230769230769232,52052.03,Weekend
2456,82,28.6046511627907,1524.2489024390245,20.632926829268293,0.5975609756097561,0.07317073170731707,0.8536585365853658,0.23170731707317074,124988.41,Commuter
2457,12,4.5,2580.4649999999997,50.166666666666664,0.08333333333333333,0.0,0.0,0.4166666666666667,30965.579999999998,Thrifty
2458,16,5.714285714285714,2003.11,43.81875,0.5,0.3125,0.0625,0.25,32049.76,Weekend
2459,14,5.0602409638554215,2460.9164285714287,50.964285714285715,0.07142857142857142,0.07142857142857142,0.0,0.35714285714285715,34452.83,Thrifty
2460,15,6.081081081081081,2478.0406666666668,51.46,0.06666666666666667,0.0,0.0,0.2,37170.61,Thrifty
2461,40,13.953488372093023,1199.46425,14.65,0.65,0.2,0.0,0.15,47978.57,Shopper
2462,34,11.333333333333334,1193.1388235294119,16.626470588235293,0.47058823529411764,0.17647058823529413,0.0,0.20588235294117646,40566.72,Shopper
2463,24,8.78048780487805,2003.2829166666668,40.229166666666664,0.375,0.20833333333333334,0.08333333333333333,0.3333333333333333,48078.79,Weekend
2464,15,5.844155844155844,1969.7033333333334,40.79333333333333,0.5333333333333333,0.3333333333333333,0.13333333333333333,0.4,29545.55,Weekend
2465,20,7.0588235294117645,1978.587,40.725,0.3,0.2,0.1,0.35,39571.74,Weekend
2466,56,19.310344827586206,1502.869107142857,19.7375,0.6785714285714286,0.14285714285714285,0.8035714285714286,0.26785714285714285,84160.67,Commuter
2467,10,4.918032786885246,2537.621,50.33,0.0,0.0,0.0,0.6,25376.21,Thrifty
2468,66,23.023255813953487,1510.234393939394,20.283333333333335,0.6818181818181818,0.09090909090909091,0.7424242424242424,0.22727272727272727,99675.47,Commuter
2469,14,5.25,2430.3728571428574,51.06428571428571,0.07142857142857142,0.07142857142857142,0.0,0.42857142857142855,34025.22,Thrifty
2470,16,5.647058823529411,2467.813125,47.38125,0.0625,0.125,0.0,0.1875,39485.01,Thrifty
2471,67,23.92857142857143,1513.0325373134328,20.371641791044777,0.6865671641791045,0.1791044776119403,0.8955223880597015,0.31343283582089554,101373.18,Commuter
2472,34,11.86046511627907,1199.4891176470587,15.261764705882353,0.6176470588235294,0.20588235294117646,0.0,0.23529411764705882,40782.63,Shopper
2473,35,13.461538461538462,1195.001142857143,14.125714285714285,0.5714285714285714,0.22857142857142856,0.0,0.11428571428571428,41825.04,Shopper
2474,21,7.590361445783133,2022.7442857142855,37.476190476190474,0.2857142857142857,0.42857142857142855,0.19047619047619047,0.38095238095238093,42477.63,Weekend
2475,12,4.736842105263158,2465.005,49.416666666666664,0.16666666666666666,0.0,0.0,0.4166666666666667,29580.06,Thrifty
2476,39,13.448275862068966,1218.3866666666668,16.34871794871795,0.46153846153846156,0.28205128205128205,0.0,0.358974358974359,47517.08,Shopper
2477,63,21.235955056179776,1508.3990476190477,21.36031746031746,0.746031746031746,0.14285714285714285,0.7936507936507936,0.38095238095238093,95029.14,Commuter
2478,13,6.09375,1995.783846153846,46.80769230769231,0.38461538461538464,0.15384615384615385,0.0,0.15384615384615385,25945.19,Weekend
2479,69,23.0,1483.254347826087,19.930434782608696,0.782608695652174,0.043478260869565216,0.7971014492753623,0.30434782608695654,102344.55,Commuter
2480,18,6.506024096385542,1986.7216666666666,41.577777777777776,0.3888888888888889,0.16666666666666666,0.05555555555555555,0.2777777777777778,35760.99,Weekend
2481,73,24.886363636363637,1496.2957534246575,19.2013698630137,0.6438356164383562,0.1232876712328767,0.7397260273972602,0.2054794520547945,109229.59,Commuter
2482,43,14.494382022471909,1196.306511627907,15.623255813953488,0.5813953488372093,0.3023255813953488,0.0,0.27906976744186046,51441.18,Shopper
2483,38,14.430379746835444,1209.1928947368422,16.423684210526318,0.39473684210526316,0.2631578947368421,0.0,0.3684210526315789,45949.33,Shopper
2484,70,23.863636363636367,1485.9598571428571,19.9,0.6428571428571429,0.11428571428571428,0.8142857142857143,0.2857142857142857,104017.19,Commuter
2485,12,4.390243902439025,2490.2658333333334,52.40833333333333,0.08333333333333333,0.08333333333333333,0.0,0.08333333333333333,29883.19,Thrifty
2486,35,12.068965517241379,1186.7348571428572,14.242857142857142,0.6,0.2,0.0,0.2857142857142857,41535.72,Shopper
2487,11,4.125,2516.453636363636,46.63636363636363,0.0,0.0,0.0,0.2727272727272727,27680.989999999998,Thrifty
2488,33,11.123595505617978,1206.070303030303,16.09090909090909,0.5454545454545454,0.30303030303030304,0.0,0.2727272727272727,39800.32,Shopper
2489,27,9.310344827586206,2044.8707407407408,37.08148148148148,0.4074074074074074,0.2962962962962963,0.1111111111111111,0.2222222222222222,55211.51,Weekend
2490,14,5.121951219512195,2411.6114285714284,45.9,0.14285714285714285,0.0,0.0,0.2857142857142857,33762.56,Thrifty
2491,66,22.5,1525.261212121212,19.87121212121212,0.6666666666666666,0.10606060606060606,0.803030303030303,0.2878787878787879,100667.24,Commuter
2492,70,25.609756097560975,1534.8921428571427,19.310000000000002,0.5857142857142857,0.1,0.7285714285714285,0.2714285714285714,107442.45,Commuter
2493,25,8.42696629213483,2026.9796,39.352,0.44,0.36,0.04,0.12,50674.49,Weekend
2494,14,5.0602409638554215,2500.628571428572,53.957142857142856,0.07142857142857142,0.0,0.0,0.35714285714285715,35008.8,Thrifty
2495,13,5.909090909090908,2591.2746153846156,53.53846153846154,0.0,0.0,0.0,0.07692307692307693,33686.57,Thrifty
2496,16,6.486486486486486,2509.820625,50.44375,0.0,0.0625,0.0,0.25,40157.13,Thrifty
2497,25,9.146341463414634,1994.3536000000001,42.276,0.36,0.2,0.16,0.32,49858.840000000004,Weekend
2498,40,13.636363636363637,1209.25775,14.367500000000001,0.55,0.275,0.0,0.25,48370.31,Shopper
2499,38,13.10344827586207,1165.715789473684,15.1,0.4473684210526316,0.18421052631578946,0.0,0.15789473684210525,44297.2,Shopper
2500,15,5.232558139534883,2537.472,49.76,0.06666666666666667,0.06666666666666667,0.0,0.4,38062.08,Thrifty
2501,39,14.096385542168674,1222.6484615384616,14.74102564102564,0.5384615384615384,0.15384615384615385,0.0,0.3333333333333333,47683.29,Shopper
2502,20,6.818181818181818,2003.5065,38.72,0.3,0.25,0.25,0.3,40070.13,Weekend
2503,15,5.921052631578948,1874.2453333333333,38.46666666666667,0.4,0.4666666666666667,0.0,0.06666666666666667,28113.68,Weekend
2504,44,14.831460674157302,1190.9645454545455,15.195454545454545,0.4318181818181818,0.20454545454545456,0.0,0.29545454545454547,52402.44,Shopper
2505,67,22.333333333333332,1491.7419402985076,20.616417910447762,0.6865671641791045,0.08955223880597014,0.8507462686567164,0.22388059701492538,99946.71,Commuter
2506,70,23.333333333333332,1460.1032857142857,20.05,0.7,0.12857142857142856,0.8714285714285714,0.22857142857142856,102207.23,Commuter
2507,43,15.357142857142858,1208.0634883720932,14.706976744186045,0.46511627906976744,0.20930232558139536,0.0,0.2558139534883721,51946.73,Shopper
2508,9,3.292682926829268,2621.742222222222,53.400000000000006,0.0,0.1111111111111111,0.0,0.4444444444444444,23595.68,Thrifty
2509,42,14.651162790697674,1186.8661904761905,14.435714285714285,0.5714285714285714,0.2619047619047619,0.0,0.23809523809523808,49848.38,Shopper
2510,30,10.227272727272728,1205.0456666666666,14.16,0.4666666666666667,0.3,0.0,0.23333333333333334,36151.37,Shopper
2511,64,21.573033707865168,1500.711875,20.8140625,0.71875,0.15625,0.796875,0.265625,96045.56,Commuter
2512,53,18.06818181818182,1193.5550943396227,13.845283018867924,0.4339622641509434,0.24528301886792453,0.0,0.32075471698113206,63258.42,Shopper
2513,13,5.735294117647059,2458.293076923077,52.41538461538461,0.0,0.0,0.0,0.3076923076923077,31957.81,Thrifty
2514,9,3.13953488372093,2482.3244444444445,49.888888888888886,0.1111111111111111,0.1111111111111111,0.0,0.4444444444444444,22340.92,Thrifty
2515,18,6.206896551724138,1949.0277777777778,38.266666666666666,0.3888888888888889,0.3888888888888889,0.1111111111111111,0.3333333333333333,35082.5,Weekend
2516,30,10.843373493975903,1157.8266666666668,14.603333333333333,0.5,0.06666666666666667,0.0,0.2,34734.8,Shopper
2517,61,20.795454545454547,1508.8600000000001,19.82622950819672,0.6721311475409836,0.08196721311475409,0.7868852459016393,0.3442622950819672,92040.46,Commuter
2518,15,5.172413793103448,2541.5173333333337,51.04,0.06666666666666667,0.0,0.0,0.2,38122.76,Thrifty
2519,32,10.90909090909091,2054.95125,39.746875,0.46875,0.28125,0.21875,0.25,65758.44,Weekend
2520,17,6.0,2027.9335294117648,38.63529411764706,0.4117647058823529,0.23529411764705882,0.058823529411764705,0.23529411764705882,34474.87,Weekend
2521,22,7.951807228915663,1934.8613636363634,42.45909090909091,0.36363636363636365,0.18181818181818182,0.13636363636363635,0.3181818181818182,42566.95,Weekend
2522,67,24.216867469879517,1471.2641791044775,19.28507462686567,0.6865671641791045,0.11940298507462686,0.8507462686567164,0.23880597014925373,98574.7,Commuter
2523,49,16.896551724137932,1514.6157142857141,20.834693877551018,0.7755102040816326,0.12244897959183673,0.8571428571428571,0.2653061224489796,74216.17,Commuter
2524,9,3.6986301369863015,2474.737777777778,45.8,0.0,0.1111111111111111,0.0,0.3333333333333333,22272.64,Thrifty
2525,35,11.931818181818183,1198.1280000000002,15.354285714285714,0.5428571428571428,0.2,0.0,0.17142857142857143,41934.48,Shopper
2526,66,22.0,1493.3242424242424,19.55,0.696969696969697,0.12121212121212122,0.9090909090909091,0.30303030303030304,98559.4,Commuter
2527,70,23.595505617977526,1489.661,19.585714285714285,0.6714285714285714,0.15714285714285714,0.8,0.32857142857142857,104276.27,Commuter
2528,35,11.797752808988763,1168.3625714285715,14.565714285714286,0.6285714285714286,0.17142857142857143,0.0,0.3142857142857143,40892.69,Shopper
2529,66,22.0,1462.1971212121211,20.527272727272727,0.7121212121212122,0.07575757575757576,0.8484848484848485,0.3333333333333333,96505.01,Commuter
2530,40,13.636363636363637,1229.02175,14.834999999999999,0.575,0.15,0.0,0.325,49160.87,Shopper
2531,14,5.121951219512195,1901.4842857142855,40.09285714285714,0.5714285714285714,0.35714285714285715,0.14285714285714285,0.2857142857142857,26620.78,Weekend
2532,35,12.068965517241379,1201.6934285714285,16.31142857142857,0.6285714285714286,0.2,0.0,0.37142857142857144,42059.27,Shopper
2533,77,25.666666666666668,1504.8528571428571,19.709090909090907,0.6883116883116883,0.16883116883116883,0.8441558441558441,0.3116883116883117,115873.67,Commuter
2534,73,24.333333333333332,1521.704383561644,19.442465753424656,0.7123287671232876,0.1643835616438356,0.7945205479452054,0.2876712328767123,111084.42,Commuter
2535,18,6.206896551724138,2048.472777777778,40.40555555555555,0.3333333333333333,0.16666666666666666,0.1111111111111111,0.2777777777777778,36872.51,Weekend
2536,43,15.176470588235293,1194.5590697674418,14.311627906976744,0.3488372093023256,0.20930232558139536,0.0,0.18604651162790697,51366.04,Shopper
2537,25,9.036144578313253,2041.3824,36.22,0.52,0.36,0.16,0.28,51034.56,Weekend
2538,75,26.162790697674417,1493.6998666666668,20.729333333333333,0.76,0.08,0.76,0.29333333333333333,112027.49,Commuter
2539,21,8.181818181818182,2054.0590476190473,37.38095238095238,0.23809523809523808,0.2857142857142857,0.09523809523809523,0.3333333333333333,43135.24,Weekend
2540,16,5.714285714285714,1878.4575,38.66875,0.5625,0.25,0.0625,0.1875,30055.32,Weekend
2541,16,5.853658536585366,1951.8049999999998,37.10625,0.4375,0.0625,0.25,0.4375,31228.879999999997,Weekend
2542,19,6.333333333333333,1988.7136842105263,42.02105263157895,0.21052631578947367,0.3157894736842105,0.05263157894736842,0.3684210526315789,37785.56,Weekend
2543,33,12.857142857142856,1210.7039393939392,15.709090909090909,0.5757575757575758,0.21212121212121213,0.0,0.18181818181818182,39953.229999999996,Shopper
2544,20,8.0,1977.413,39.63,0.5,0.4,0.2,0.4,39548.26,Weekend
2545,65,22.15909090909091,1501.6616923076922,19.935384615384613,0.6461538461538462,0.09230769230769231,0.8153846153846154,0.26153846153846155,97608.01,Commuter
2546,15,7.03125,2333.688666666667,49.059999999999995,0.06666666666666667,0.0,0.0,0.26666666666666666,35005.33,Thrifty
2547,66,23.294117647058822,1515.7084848484847,20.137878787878787,0.7575757575757576,0.10606060606060606,0.7575757575757576,0.3333333333333333,100036.76,Commuter
2548,17,6.296296296296296,2444.454117647059,48.83529411764705,0.058823529411764705,0.0,0.0,0.23529411764705882,41555.72,Thrifty
2549,12,4.8,2562.7533333333336,48.28333333333333,0.0,0.08333333333333333,0.0,0.25,30753.04,Thrifty
2550,68,22.92134831460674,1497.7072058823528,19.804411764705883,0.6764705882352942,0.08823529411764706,0.8088235294117647,0.3235294117647059,101844.09,Commuter
2551,9,3.4177215189873418,2411.258888888889,52.62222222222223,0.1111111111111111,0.0,0.0,0.1111111111111111,21701.33,Thrifty
2552,69,23.522727272727273,1479.39,19.81159420289855,0.6666666666666666,0.15942028985507245,0.7971014492753623,0.2463768115942029,102077.91,Commuter
2553,29,11.153846153846153,1216.7144827586208,14.048275862068964,0.5862068965517241,0.10344827586206896,0.0,0.20689655172413793,35284.72,Shopper
2554,32,11.428571428571429,1216.21,15.74375,0.3125,0.25,0.0,0.21875,38918.72,Shopper
2555,59,20.113636363636363,1490.2925423728814,19.23728813559322,0.6779661016949152,0.23728813559322035,0.8813559322033898,0.3050847457627119,87927.26,Commuter
2556,40,13.636363636363637,1225.626,14.895,0.4,0.2,0.0,0.2,49025.04,Shopper
2557,10,3.6144578313253013,2554.641,52.660000000000004,0.1,0.1,0.0,0.3,25546.41,Thrifty
2558,68,22.92134831460674,1499.924705882353,20.529411764705884,0.6617647058823529,0.1323529411764706,0.7941176470588235,0.23529411764705882,101994.88,Commuter
2559,73,25.17241379310345,1506.5393150684931,19.735616438356164,0.7671232876712328,0.0547945205479452,0.7808219178082192,0.1643835616438356,109977.37,Commuter
2560,17,5.795454545454546,2567.3123529411764,51.34705882352941,0.058823529411764705,0.0,0.0,0.23529411764705882,43644.31,Thrifty
2561,25,9.146341463414634,2004.9384,40.232,0.52,0.16,0.12,0.36,50123.46,Weekend
2562,27,9.204545454545455,1979.5611111111111,39.44444444444444,0.2962962962962963,0.37037037037037035,0.037037037037037035,0.18518518518518517,53448.15,Weekend
2563,70,23.595505617977526,1517.5958571428573,19.68285714285714,0.7142857142857143,0.08571428571428572,0.8142857142857143,0.32857142857142857,106231.71,Commuter
2564,64,21.81818181818182,1469.13296875,20.04375,0.734375,0.0625,0.71875,0.375,94024.51,Commuter
2565,7,3.0434782608695654,2518.027142857143,46.57142857142857,0.14285714285714285,0.14285714285714285,0.0,0.2857142857142857,17626.190000000002,Thrifty
2566,66,22.758620689655174,1489.0939393939393,19.948484848484846,0.7575757575757576,0.09090909090909091,0.803030303030303,0.19696969696969696,98280.2,Commuter
2567,61,20.333333333333332,1520.3075409836065,19.595081967213115,0.6229508196721312,0.18032786885245902,0.7704918032786885,0.26229508196721313,92738.76,Commuter
2568,71,23.93258426966292,1482.5901408450704,20.61830985915493,0.704225352112676,0.11267605633802817,0.7746478873239436,0.352112676056338,105263.9,Commuter
2569,52,17.333333333333332,1204.2024999999999,15.11153846153846,0.4807692307692308,0.15384615384615385,0.0,0.25,62618.53,Shopper
2570,36,12.134831460674157,1202.3625000000002,14.541666666666666,0.5555555555555556,0.1111111111111111,0.0,0.3611111111111111,43285.05,Shopper
2571,14,5.3164556962025316,2466.707142857143,47.692857142857136,0.0,0.07142857142857142,0.0,0.14285714285714285,34533.9,Thrifty
2572,31,10.44943820224719,1188.0774193548389,15.248387096774193,0.5161290322580645,0.3225806451612903,0.0,0.25806451612903225,36830.4,Shopper
2573,9,3.506493506493506,2580.0644444444447,56.4,0.0,0.0,0.0,0.5555555555555556,23220.58,Thrifty
2574,13,4.698795180722891,2478.743846153846,48.08461538461539,0.15384615384615385,0.0,0.0,0.3076923076923077,32223.67,Thrifty
2575,66,23.294117647058822,1476.1345454545456,19.977272727272727,0.6212121212121212,0.13636363636363635,0.6818181818181818,0.30303030303030304,97424.88,Commuter
2576,13,4.936708860759493,1977.649230769231,37.57692307692308,0.46153846153846156,0.15384615384615385,0.15384615384615385,0.23076923076923078,25709.440000000002,Weekend
2577,26,9.069767441860465,1204.8661538461538,15.046153846153846,0.4230769230769231,0.23076923076923078,0.0,0.19230769230769232,31326.52,Shopper
2578,25,8.928571428571429,1964.4868,40.768,0.44,0.28,0.2,0.12,49112.17,Weekend
2579,11,3.7078651685393256,2612.338181818182,53.945454545454545,0.0,0.0,0.0,0.18181818181818182,28735.72,Thrifty
2580,17,5.930232558139535,1918.8517647058823,41.08235294117647,0.35294117647058826,0.29411764705882354,0.058823529411764705,0.11764705882352941,32620.48,Weekend
2581,58,19.333333333333332,1523.7594827586208,19.386206896551727,0.6551724137931034,0.1206896551724138,0.8103448275862069,0.3793103448275862,88378.05,Commuter
2582,45,15.517241379310345,1215.7511111111112,15.926666666666668,0.5555555555555556,0.2,0.0,0.3111111111111111,54708.8,Shopper
2583,15,5.113636363636364,2505.838666666667,52.1,0.06666666666666667,0.06666666666666667,0.0,0.13333333333333333,37587.58,Thrifty
2584,10,3.8961038961038956,2376.185,47.769999999999996,0.0,0.2,0.0,0.5,23761.85,Thrifty
2585,23,8.313253012048193,2079.5034782608695,41.11739130434783,0.43478260869565216,0.21739130434782608,0.043478260869565216,0.30434782608695654,47828.58,Weekend
2586,17,6.623376623376623,1909.3211764705882,37.87647058823529,0.4117647058823529,0.17647058823529413,0.11764705882352941,0.4117647058823529,32458.46,Weekend
2587,49,16.51685393258427,1432.7263265306121,20.099999999999998,0.6530612244897959,0.04081632653061224,0.8571428571428571,0.2653061224489796,70203.59,Commuter
2588,19,6.867469879518072,1962.403157894737,36.921052631578945,0.47368421052631576,0.21052631578947367,0.15789473684210525,0.15789473684210525,37285.66,Weekend
2589,64,21.81818181818182,1502.26234375,19.31875,0.828125,0.109375,0.859375,0.296875,96144.79,Commuter
2590,12,4.675324675324675,1953.5008333333333,42.06666666666667,0.5833333333333334,0.25,0.16666666666666666,0.25,23442.01,Weekend
2591,39,13.76470588235294,1166.224871794872,12.882051282051282,0.4358974358974359,0.10256410256410256,0.0,0.28205128205128205,45482.770000000004,Shopper
2592,37,13.373493975903616,1183.2113513513514,16.0,0.3783783783783784,0.13513513513513514,0.0,0.1891891891891892,43778.82,Shopper
2593,23,8.414634146341463,1953.817391304348,40.69130434782608,0.43478260869565216,0.13043478260869565,0.21739130434782608,0.43478260869565216,44937.8,Weekend
2594,11,3.928571428571429,2438.4081818181817,50.627272727272725,0.0,0.18181818181818182,0.0,0.45454545454545453,26822.489999999998,Thrifty
2595,72,24.0,1491.3188888888888,19.194444444444443,0.7638888888888888,0.09722222222222222,0.7638888888888888,0.2916666666666667,107374.95999999999,Commuter
2596,12,4.285714285714286,1988.8091666666667,41.108333333333334,0.25,0.3333333333333333,0.25,0.08333333333333333,23865.71,Weekend
2597,67,22.840909090909093,1509.7417910447762,19.70597014925373,0.5522388059701493,0.1044776119402985,0.8208955223880597,0.1791044776119403,101152.7,Commuter
2598,8,3.582089552238806,2723.86,49.2,0.0,0.25,0.0,0.125,21790.88,Thrifty
2599,67,22.333333333333332,1502.1794029850746,20.25671641791045,0.6716417910447762,0.05970149253731343,0.835820895522388,0.23880597014925373,100646.02,Commuter
2600,76,25.617977528089888,1508.7830263157894,19.74473684210526,0.7894736842105263,0.14473684210526316,0.881578947368421,0.2631578947368421,114667.51,Commuter
2601,11,4.714285714285714,2166.223636363636,37.836363636363636,0.36363636363636365,0.45454545454545453,0.09090909090909091,0.18181818181818182,23828.46,Weekend
2602,65,22.15909090909091,1507.024,19.986153846153844,0.7846153846153846,0.1076923076923077,0.8153846153846154,0.5230769230769231,97956.56,Commuter
2603,24,8.372093023255815,1917.3100000000002,39.237500000000004,0.375,0.041666666666666664,0.041666666666666664,0.16666666666666666,46015.44,Weekend
2604,15,6.61764705882353,2544.782,48.18,0.0,0.0,0.0,0.5333333333333333,38171.73,Thrifty
2605,69,23.79310344827586,1508.292463768116,20.83478260869565,0.7391304347826086,0.08695652173913043,0.7246376811594203,0.2898550724637681,104072.18000000001,Commuter
2606,7,3.68421052631579,2568.5299999999997,45.957142857142856,0.0,0.14285714285714285,0.0,0.5714285714285714,17979.71,Thrifty
2607,68,24.57831325301205,1473.2195588235293,20.0,0.7647058823529411,0.14705882352941177,0.8235294117647058,0.23529411764705882,100178.93,Commuter
2608,64,21.81818181818182,1490.86703125,20.2375,0.796875,0.09375,0.734375,0.359375,95415.49,Commuter
2609,12,4.5,2028.3291666666667,40.050000000000004,0.4166666666666667,0.5,0.08333333333333333,0.25,24339.95,Weekend
2610,64,21.573033707865168,1496.2621875,19.95,0.609375,0.0625,0.765625,0.25,95760.78,Commuter
2611,37,12.333333333333334,1184.1367567567568,14.716216216216216,0.43243243243243246,0.21621621621621623,0.0,0.32432432432432434,43813.06,Shopper
2612,73,24.606741573033705,1475.6531506849315,21.054794520547944,0.7397260273972602,0.1232876712328767,0.8767123287671232,0.3150684931506849,107722.68,Commuter
2613,65,22.15909090909091,1515.6387692307692,20.54,0.6923076923076923,0.1076923076923077,0.7538461538461538,0.24615384615384617,98516.52,Commuter
2614,28,9.88235294117647,1992.339642857143,38.378571428571426,0.5,0.25,0.07142857142857142,0.25,55785.51,Weekend
2615,11,4.52054794520548,2468.6945454545453,54.39090909090908,0.2727272727272727,0.0,0.0,0.36363636363636365,27155.64,Thrifty
2616,60,20.224719101123593,1473.8636666666669,20.466666666666665,0.65,0.1,0.7833333333333333,0.31666666666666665,88431.82,Commuter
2617,14,4.719101123595506,2590.9314285714286,51.535714285714285,0.0,0.07142857142857142,0.0,0.14285714285714285,36273.04,Thrifty
2618,56,19.090909090909093,1475.8607142857143,22.26607142857143,0.6964285714285714,0.07142857142857142,0.7321428571428571,0.14285714285714285,82648.2,Commuter
2619,40,14.634146341463415,1210.23225,16.155,0.45,0.15,0.0,0.3,48409.29,Shopper
2620,9,4.354838709677419,2487.408888888889,50.388888888888886,0.1111111111111111,0.2222222222222222,0.0,0.3333333333333333,22386.68,Thrifty
2621,31,11.204819277108435,1998.4848387096774,38.61290322580645,0.45161290322580644,0.3225806451612903,0.0967741935483871,0.3548387096774194,61953.03,Weekend
2622,36,12.272727272727273,1207.8383333333334,15.461111111111112,0.4166666666666667,0.1388888888888889,0.0,0.25,43482.18,Shopper
2623,13,4.588235294117647,2434.136923076923,54.75384615384615,0.0,0.07692307692307693,0.0,0.23076923076923078,31643.78,Thrifty
2624,38,12.808988764044944,1207.8492105263158,15.902631578947368,0.5,0.13157894736842105,0.0,0.18421052631578946,45898.27,Shopper
2625,18,6.206896551724138,2519.0177777777776,50.41111111111111,0.0,0.05555555555555555,0.0,0.3333333333333333,45342.32,Thrifty
2626,40,13.793103448275863,1205.4,16.69,0.4,0.3,0.0,0.325,48216.0,Shopper
2627,74,25.22727272727273,1517.2933783783785,19.217567567567567,0.7702702702702703,0.10810810810810811,0.7972972972972973,0.25675675675675674,112279.71,Commuter
2628,17,6.710526315789474,2010.974705882353,39.38235294117647,0.4117647058823529,0.29411764705882354,0.058823529411764705,0.47058823529411764,34186.57,Weekend
2629,16,5.925925925925926,2540.676875,50.4625,0.0,0.125,0.0,0.0625,40650.83,Thrifty
2630,13,4.7560975609756095,2431.9615384615386,51.53846153846154,0.07692307692307693,0.0,0.0,0.15384615384615385,31615.5,Thrifty
2631,19,6.4772727272727275,1985.1636842105263,36.42631578947368,0.47368421052631576,0.21052631578947367,0.0,0.21052631578947367,37718.11,Weekend
2632,23,8.625,1998.3826086956524,38.369565217391305,0.391304347826087,0.2608695652173913,0.391304347826087,0.34782608695652173,45962.8,Weekend
2633,53,17.865168539325843,1463.3418867924527,20.400000000000002,0.7735849056603774,0.07547169811320754,0.8679245283018868,0.3018867924528302,77557.12,Commuter
2634,64,22.06896551724138,1487.68875,18.9453125,0.671875,0.015625,0.75,0.28125,95212.08,Commuter
2635,14,5.185185185185185,1998.27,35.357142857142854,0.21428571428571427,0.21428571428571427,0.14285714285714285,0.2857142857142857,27975.78,Weekend
2636,18,7.105263157894737,2034.8644444444444,41.166666666666664,0.3333333333333333,0.2777777777777778,0.1111111111111111,0.4444444444444444,36627.56,Weekend
2637,29,10.235294117647058,1232.135172413793,14.158620689655173,0.5862068965517241,0.13793103448275862,0.0,0.3793103448275862,35731.92,Shopper
2638,14,5.0,2096.8564285714288,40.464285714285715,0.42857142857142855,0.42857142857142855,0.07142857142857142,0.14285714285714285,29355.99,Weekend
2639,47,15.842696629213483,1232.5951063829787,15.442553191489361,0.46808510638297873,0.2127659574468085,0.0,0.3617021276595745,57931.97,Shopper
2640,14,5.384615384615384,2062.5735714285715,38.17857142857143,0.5714285714285714,0.21428571428571427,0.14285714285714285,0.35714285714285715,28876.03,Weekend
2641,62,20.666666666666668,1512.8840322580645,19.753225806451614,0.6935483870967742,0.0967741935483871,0.8709677419354839,0.3064516129032258,93798.81,Commuter
2642,56,19.310344827586206,1482.964642857143,20.144642857142856,0.6428571428571429,0.16071428571428573,0.8571428571428571,0.26785714285714285,83046.02,Commuter
2643,17,6.375,1930.0876470588234,37.45294117647058,0.4117647058823529,0.17647058823529413,0.058823529411764705,0.17647058823529413,32811.49,Weekend
2644,10,4.109589041095891,2059.985,42.040000000000006,0.2,0.3,0.0,0.1,20599.850000000002,Weekend
2645,66,22.0,1498.3760606060607,19.766666666666666,0.7575757575757576,0.07575757575757576,0.7727272727272727,0.3484848484848485,98892.82,Commuter
2646,19,6.705882352941176,2531.0563157894735,52.757894736842104,0.10526315789473684,0.05263157894736842,0.0,0.2631578947368421,48090.07,Thrifty
2647,34,11.724137931034484,1237.1720588235294,14.888235294117647,0.5588235294117647,0.17647058823529413,0.0,0.20588235294117646,42063.85,Shopper
2648,13,5.571428571428571,2420.743846153846,53.84615384615385,0.0,0.0,0.0,0.3076923076923077,31469.67,Thrifty
2649,13,4.642857142857143,2446.616153846154,49.2,0.0,0.0,0.0,0.15384615384615385,31806.010000000002,Thrifty
2650,8,3.1168831168831166,2471.56,50.575,0.25,0.0,0.0,0.625,19772.48,Thrifty
2651,64,21.333333333333332,1507.07734375,20.0453125,0.6875,0.09375,0.796875,0.34375,96452.95,Commuter
2652,13,6.39344262295082,2532.587692307692,53.815384615384616,0.0,0.0,0.0,0.07692307692307693,32923.64,Thrifty
2653,7,3.4426229508196724,2543.092857142857,57.68571428571429,0.14285714285714285,0.0,0.0,0.5714285714285714,17801.65,Thrifty
2654,66,22.758620689655174,1514.165909090909,20.46060606060606,0.6363636363636364,0.06060606060606061,0.7727272727272727,0.25757575757575757,99934.95,Commuter
2655,13,5.571428571428571,2035.0515384615383,38.3,0.3076923076923077,0.23076923076923078,0.15384615384615385,0.3076923076923077,26455.67,Weekend
2656,14,4.719101123595506,2534.122142857143,47.864285714285714,0.07142857142857142,0.07142857142857142,0.0,0.14285714285714285,35477.71,Thrifty
2657,25,9.146341463414634,1175.8355999999999,14.975999999999999,0.32,0.16,0.0,0.24,29395.89,Shopper
2658,52,17.72727272727273,1202.583076923077,15.444230769230769,0.4230769230769231,0.1346153846153846,0.0,0.25,62534.32,Shopper
2659,67,22.840909090909093,1507.7637313432836,20.317910447761193,0.7164179104477612,0.05970149253731343,0.8955223880597015,0.2835820895522388,101020.17,Commuter
2660,22,7.951807228915663,1972.0836363636363,37.48636363636364,0.3181818181818182,0.18181818181818182,0.045454545454545456,0.3181818181818182,43385.84,Weekend
2661,12,4.0,2521.5741666666668,49.275,0.0,0.08333333333333333,0.0,0.3333333333333333,30258.89,Thrifty
2662,29,12.608695652173914,1224.8920689655174,15.506896551724138,0.5862068965517241,0.13793103448275862,0.0,0.20689655172413793,35521.87,Shopper
2663,63,21.0,1517.2230158730158,20.24920634920635,0.7142857142857143,0.07936507936507936,0.873015873015873,0.19047619047619047,95585.05,Commuter
2664,19,7.215189873417722,1953.0673684210526,41.73157894736842,0.2631578947368421,0.21052631578947367,0.15789473684210525,0.3684210526315789,37108.28,Weekend
2665,17,6.071428571428572,1956.7729411764706,40.42941176470588,0.35294117647058826,0.11764705882352941,0.058823529411764705,0.4117647058823529,33265.14,Weekend
2666,58,19.772727272727273,1517.9158620689655,19.03965517241379,0.6551724137931034,0.034482758620689655,0.8620689655172413,0.15517241379310345,88039.12,Commuter
2667,46,16.046511627906977,1499.2967391304346,20.43913043478261,0.6304347826086957,0.10869565217391304,0.782608695652174,0.30434782608695654,68967.65,Commuter
2668,12,5.217391304347826,1925.8516666666667,42.125,0.5,0.25,0.0,0.4166666666666667,23110.22,Weekend
2669,14,5.454545454545454,1947.732142857143,40.4,0.5714285714285714,0.14285714285714285,0.07142857142857142,0.35714285714285715,27268.25,Weekend
2670,6,2.25,2603.0750000000003,48.76666666666667,0.0,0.0,0.0,0.0,15618.45,Thrifty
2671,18,7.397260273972603,2007.8666666666666,39.96666666666667,0.3333333333333333,0.16666666666666666,0.2222222222222222,0.3333333333333333,36141.6,Weekend
2672,16,6.666666666666667,2320.291875,45.425,0.125,0.0,0.0,0.5625,37124.67,Thrifty
2673,20,7.317073170731708,1994.9814999999999,39.864999999999995,0.35,0.2,0.15,0.3,39899.63,Weekend
2674,62,21.627906976744185,1479.4987096774194,20.506451612903227,0.7580645161290323,0.06451612903225806,0.7741935483870968,0.41935483870967744,91728.92,Commuter
2675,42,15.000000000000002,1214.522619047619,17.01904761904762,0.5238095238095238,0.21428571428571427,0.0,0.2857142857142857,51009.95,Shopper
2676,62,21.627906976744185,1480.391935483871,20.12741935483871,0.6774193548387096,0.16129032258064516,0.8064516129032258,0.3225806451612903,91784.3,Commuter
2677,7,4.11764705882353,2632.0214285714287,49.82857142857143,0.0,0.0,0.0,0.5714285714285714,18424.15,Thrifty
2678,62,21.88235294117647,1490.7883870967742,19.491935483870968,0.6612903225806451,0.12903225806451613,0.7741935483870968,0.3548387096774194,92428.88,Commuter
2679,61,21.27906976744186,1523.7129508196722,20.24426229508197,0.639344262295082,0.08196721311475409,0.8688524590163934,0.22950819672131148,92946.49,Commuter
2680,8,3.6923076923076925,2528.17375,51.3875,0.0,0.0,0.0,0.125,20225.39,Thrifty
2681,82,27.640449438202246,1494.841463414634,20.178048780487803,0.7317073170731707,0.12195121951219512,0.7926829268292683,0.17073170731707318,122577.0,Commuter
2682,44,14.831460674157302,1161.8822727272727,14.677272727272726,0.6136363636363636,0.20454545454545456,0.0,0.3409090909090909,51122.82,Shopper
2683,58,19.772727272727273,1495.2558620689654,19.925862068965518,0.6551724137931034,0.034482758620689655,0.7586206896551724,0.25862068965517243,86724.84,Commuter
2684,15,5.172413793103448,2513.7466666666664,54.89333333333333,0.13333333333333333,0.0,0.0,0.26666666666666666,37706.2,Thrifty
2685,24,8.275862068965518,2462.6366666666668,50.37916666666666,0.08333333333333333,0.08333333333333333,0.0,0.16666666666666666,59103.28,Thrifty
2686,68,22.666666666666668,1502.117205882353,20.15294117647059,0.6617647058823529,0.16176470588235295,0.7647058823529411,0.27941176470588236,102143.97,Commuter
2687,66,22.0,1467.1000000000001,19.828787878787878,0.6515151515151515,0.13636363636363635,0.7575757575757576,0.3181818181818182,96828.6,Commuter
2688,11,4.782608695652175,2600.6236363636363,49.32727272727273,0.0,0.0,0.0,0.18181818181818182,28606.86,Thrifty
2689,14,4.941176470588235,2490.7264285714286,50.74285714285714,0.0,0.0,0.0,0.35714285714285715,34870.17,Thrifty
2690,11,4.4,2492.9654545454546,45.800000000000004,0.0,0.0,0.0,0.18181818181818182,27422.62,Thrifty
2691,10,3.5714285714285716,2606.2760000000003,45.95,0.1,0.1,0.0,0.1,26062.760000000002,Thrifty
2692,17,6.144578313253012,2002.3117647058825,40.36470588235294,0.5294117647058824,0.47058823529411764,0.058823529411764705,0.35294117647058826,34039.3,Weekend
2693,73,24.333333333333332,1498.5157534246575,20.315068493150687,0.726027397260274,0.1095890410958904,0.7671232876712328,0.3561643835616438,109391.65,Commuter
2694,5,5.172413793103448,2495.9139999999998,57.760000000000005,0.2,0.0,0.0,0.0,12479.57,Thrifty
2695,42,14.482758620689655,1170.645,15.792857142857141,0.5238095238095238,0.23809523809523808,0.0,0.3333333333333333,49167.09,Shopper
2696,10,4.109589041095891,2577.2400000000002,51.239999999999995,0.0,0.0,0.0,0.1,25772.4,Thrifty
2697,17,5.795454545454546,2031.9788235294118,34.411764705882355,0.35294117647058826,0.29411764705882354,0.17647058823529413,0.17647058823529413,34543.64,Weekend
2698,14,6.176470588235294,2364.503571428572,50.528571428571425,0.07142857142857142,0.0,0.0,0.42857142857142855,33103.05,Thrifty
2699,18,6.428571428571429,2006.6372222222224,40.50555555555556,0.3888888888888889,0.2777777777777778,0.0,0.4444444444444444,36119.47,Weekend
2700,21,7.411764705882352,1948.1814285714286,38.73809523809524,0.2857142857142857,0.19047619047619047,0.047619047619047616,0.23809523809523808,40911.81,Weekend
2701,8,3.8709677419354835,2264.1075,55.8125,0.0,0.125,0.0,0.0,18112.86,Thrifty
2702,31,10.941176470588236,1193.2316129032258,15.119354838709677,0.5806451612903226,0.0967741935483871,0.0,0.41935483870967744,36990.18,Shopper
2703,59,19.666666666666668,1510.032372881356,19.97457627118644,0.6440677966101694,0.1016949152542373,0.8135593220338984,0.23728813559322035,89091.91,Commuter
2704,72,24.269662921348313,1511.8191666666667,20.18472222222222,0.7361111111111112,0.1111111111111111,0.7638888888888888,0.375,108850.98,Commuter
2705,16,5.517241379310345,1975.2862499999999,40.6375,0.3125,0.25,0.0625,0.25,31604.579999999998,Weekend
2706,36,12.705882352941176,1215.9647222222222,15.780555555555557,0.3333333333333333,0.1388888888888889,0.0,0.2222222222222222,43774.73,Shopper
2707,54,18.620689655172413,1499.5274074074073,21.15,0.7037037037037037,0.037037037037037035,0.7962962962962963,0.2962962962962963,80974.48,Commuter
2708,60,20.224719101123593,1518.2153333333333,20.8,0.6,0.11666666666666667,0.7666666666666667,0.26666666666666666,91092.92,Commuter
2709,74,24.9438202247191,1489.998783783784,19.956756756756757,0.8243243243243243,0.10810810810810811,0.7432432432432432,0.3918918918918919,110259.91,Commuter
2710,64,21.573033707865168,1501.55484375,20.515625,0.8125,0.09375,0.796875,0.265625,96099.51,Commuter
2711,24,9.0,1977.4954166666666,41.579166666666666,0.3333333333333333,0.25,0.2916666666666667,0.20833333333333334,47459.89,Weekend
2712,17,6.144578313253012,2563.185294117647,47.82941176470588,0.23529411764705882,0.0,0.0,0.35294117647058826,43574.15,Thrifty
2713,20,7.317073170731708,2535.0165,52.61,0.05,0.05,0.0,0.15,50700.33,Thrifty
2714,8,3.6923076923076925,2607.8475,50.5,0.0,0.0,0.0,0.0,20862.78,Thrifty
2715,64,22.06896551724138,1512.20640625,19.7671875,0.703125,0.03125,0.890625,0.21875,96781.21,Commuter
2716,65,21.91011235955056,1489.5083076923077,20.03230769230769,0.6307692307692307,0.09230769230769231,0.7692307692307693,0.3230769230769231,96818.04,Commuter
2717,21,7.777777777777778,1967.9600000000003,40.923809523809524,0.38095238095238093,0.38095238095238093,0.09523809523809523,0.2857142857142857,41327.16,Weekend
2718,50,16.85393258426966,1170.1598,14.466,0.52,0.2,0.0,0.26,58507.99,Shopper
2719,32,11.428571428571429,1186.5796875,13.834375,0.4375,0.0625,0.0,0.34375,37970.55,Shopper
2720,73,24.606741573033705,1502.746712328767,18.55890410958904,0.7123287671232876,0.0547945205479452,0.821917808219178,0.2602739726027397,109700.51,Commuter
2721,39,13.448275862068966,1189.9833333333333,14.148717948717948,0.358974358974359,0.1794871794871795,0.0,0.358974358974359,46409.35,Shopper
2722,15,5.844155844155844,1949.6393333333333,38.233333333333334,0.26666666666666666,0.2,0.13333333333333333,0.2,29244.59,Weekend
2723,17,7.083333333333334,2042.0952941176472,39.36470588235294,0.4117647058823529,0.23529411764705882,0.11764705882352941,0.35294117647058826,34715.62,Weekend
2724,11,4.177215189873418,2458.656363636364,45.599999999999994,0.0,0.09090909090909091,0.0,0.45454545454545453,27045.22,Thrifty
2725,11,3.8372093023255816,2487.1690909090908,52.42727272727273,0.09090909090909091,0.09090909090909091,0.0,0.18181818181818182,27358.86,Thrifty
2726,12,4.444444444444444,2479.539166666667,53.00833333333333,0.16666666666666666,0.08333333333333333,0.0,0.3333333333333333,29754.47,Thrifty
2727,58,19.55056179775281,1475.6455172413794,20.7,0.7413793103448276,0.06896551724137931,0.8275862068965517,0.3103448275862069,85587.44,Commuter
2728,50,16.666666666666668,1482.3988,20.186,0.64,0.12,0.7,0.34,74119.94,Commuter
2729,67,23.10344827586207,1521.9950746268657,19.58805970149254,0.6119402985074627,0.1044776119402985,0.746268656716418,0.2537313432835821,101973.67,Commuter
2730,16,5.517241379310345,2571.648125,45.55625,0.0625,0.0,0.0,0.3125,41146.37,Thrifty
2731,15,5.844155844155844,2035.786,38.86,0.6,0.3333333333333333,0.2,0.2,30536.79,Weekend
2732,15,5.769230769230769,2584.463333333333,46.266666666666666,0.13333333333333333,0.0,0.0,0.3333333333333333,38766.95,Thrifty
2733,72,24.82758620689655,1504.5281944444444,20.67638888888889,0.6805555555555556,0.041666666666666664,0.8333333333333334,0.18055555555555555,108326.03,Commuter
2734,46,16.235294117647058,1206.9917391304348,14.826086956521738,0.5217391304347826,0.13043478260869565,0.0,0.17391304347826086,55521.62,Shopper
2735,34,11.86046511627907,1202.9258823529412,15.244117647058822,0.4411764705882353,0.2647058823529412,0.0,0.23529411764705882,40899.48,Shopper
2736,18,6.136363636363637,2039.4638888888887,42.38333333333333,0.5,0.2222222222222222,0.1111111111111111,0.2222222222222222,36710.35,Weekend
2737,40,13.793103448275863,1213.23125,15.877500000000001,0.575,0.225,0.0,0.225,48529.25,Shopper
2738,16,6.233766233766233,2436.186875,51.76875,0.0625,0.125,0.0,0.1875,38978.99,Thrifty
2739,34,12.0,1178.7923529411764,15.373529411764707,0.5,0.20588235294117646,0.0,0.20588235294117646,40078.94,Shopper
2740,73,24.606741573033705,1492.4050684931508,20.995890410958904,0.6575342465753424,0.0958904109589041,0.863013698630137,0.2328767123287671,108945.57,Commuter
2741,20,7.5,2623.161,48.745,0.05,0.05,0.0,0.4,52463.22,Thrifty
2742,72,25.41176470588235,1491.5079166666665,19.383333333333333,0.7083333333333334,0.1388888888888889,0.7916666666666666,0.4027777777777778,107388.56999999999,Commuter
2743,73,24.333333333333332,1489.0753424657535,18.972602739726028,0.6986301369863014,0.0821917808219178,0.7808219178082192,0.410958904109589,108702.5,Commuter
2744,64,22.588235294117645,1517.17578125,20.4125,0.71875,0.09375,0.6875,0.3125,97099.25,Commuter
2745,19,7.125,2031.6494736842108,39.752631578947366,0.3157894736842105,0.3157894736842105,0.10526315789473684,0.15789473684210525,38601.340000000004,Weekend
2746,18,6.9230769230769225,1994.2794444444444,36.705555555555556,0.3888888888888889,0.2777777777777778,0.1111111111111111,0.3333333333333333,35897.03,Weekend
2747,18,6.27906976744186,2011.2594444444444,40.900000000000006,0.3888888888888889,0.2777777777777778,0.1111111111111111,0.3888888888888889,36202.67,Weekend
2748,60,22.5,1494.2861666666665,19.428333333333335,0.6833333333333333,0.15,0.85,0.18333333333333332,89657.17,Commuter
2749,27,9.101123595505618,1208.2366666666667,15.774074074074074,0.2962962962962963,0.25925925925925924,0.0,0.2962962962962963,32622.39,Shopper
2750,17,6.455696202531645,1997.639411764706,37.517647058823535,0.35294117647058826,0.6470588235294118,0.17647058823529413,0.17647058823529413,33959.87,Weekend
2751,15,5.48780487804878,2560.174666666667,48.36,0.06666666666666667,0.0,0.0,0.2,38402.62,Thrifty
2752,13,5.064935064935065,2028.9284615384615,41.91538461538461,0.3076923076923077,0.38461538461538464,0.15384615384615385,0.15384615384615385,26376.07,Weekend
2753,67,23.10344827586207,1519.5123880597016,20.388059701492537,0.6417910447761194,0.14925373134328357,0.7014925373134329,0.2835820895522388,101807.33,Commuter
2754,11,4.852941176470589,2301.177272727273,52.53636363636363,0.09090909090909091,0.0,0.0,0.36363636363636365,25312.95,Thrifty
2755,48,16.363636363636363,1193.3310416666666,15.11875,0.375,0.16666666666666666,0.0,0.22916666666666666,57279.89,Shopper
2756,73,24.333333333333332,1497.614383561644,20.054794520547944,0.7808219178082192,0.0821917808219178,0.821917808219178,0.2876712328767123,109325.85,Commuter
2757,22,7.333333333333333,2407.7145454545457,51.622727272727275,0.045454545454545456,0.045454545454545456,0.0,0.22727272727272727,52969.72,Thrifty
2758,37,12.906976744186046,1227.882162162162,15.043243243243245,0.6216216216216216,0.1891891891891892,0.0,0.21621621621621623,45431.64,Shopper
2759,21,7.411764705882352,2051.377619047619,40.27619047619047,0.3333333333333333,0.3333333333333333,0.14285714285714285,0.23809523809523808,43078.93,Weekend
2760,66,22.5,1520.7536363636364,20.51969696969697,0.696969696969697,0.15151515151515152,0.7878787878787878,0.25757575757575757,100369.74,Commuter
2761,61,21.03448275862069,1485.890819672131,20.32950819672131,0.7049180327868853,0.13114754098360656,0.8524590163934426,0.3114754098360656,90639.34,Commuter
2762,60,20.224719101123593,1484.6454999999999,19.9,0.6833333333333333,0.1,0.75,0.21666666666666667,89078.73,Commuter
2763,19,7.215189873417722,1943.3426315789475,36.72105263157895,0.21052631578947367,0.3684210526315789,0.21052631578947367,0.3157894736842105,36923.51,Weekend
2764,14,5.384615384615384,2337.9871428571428,46.66428571428571,0.0,0.14285714285714285,0.0,0.14285714285714285,32731.82,Thrifty
2765,68,23.448275862068968,1514.7261764705884,20.572058823529414,0.7205882352941176,0.07352941176470588,0.6176470588235294,0.3382352941176471,103001.38,Commuter
2766,40,13.793103448275863,1157.0922500000001,15.940000000000001,0.25,0.15,0.0,0.25,46283.69,Shopper
2767,12,4.8,2496.8816666666667,49.89166666666667,0.0,0.0,0.0,0.3333333333333333,29962.58,Thrifty
2768,73,24.333333333333332,1504.5805479452056,19.71095890410959,0.684931506849315,0.0821917808219178,0.7397260273972602,0.2191780821917808,109834.38,Commuter
2769,22,7.764705882352941,2504.5745454545454,50.440909090909095,0.045454545454545456,0.045454545454545456,0.0,0.36363636363636365,55100.64,Thrifty
2770,20,6.818181818181818,1901.7345,42.64,0.4,0.25,0.1,0.35,38034.69,Weekend
2771,67,22.333333333333332,1509.2964179104479,19.98955223880597,0.6417910447761194,0.07462686567164178,0.835820895522388,0.29850746268656714,101122.86,Commuter
2772,77,25.95505617977528,1473.1674025974025,20.557142857142857,0.6233766233766234,0.1038961038961039,0.7402597402597403,0.2987012987012987,113433.89,Commuter
2773,52,17.72727272727273,1189.6319230769232,15.715384615384616,0.4423076923076923,0.1346153846153846,0.0,0.3269230769230769,61860.86,Shopper
2774,10,3.8961038961038956,2627.6099999999997,50.480000000000004,0.0,0.1,0.0,0.2,26276.1,Thrifty
2775,9,3.2142857142857144,2658.928888888889,50.81111111111111,0.0,0.0,0.0,0.1111111111111111,23930.36,Thrifty
2776,9,3.2142857142857144,2360.438888888889,50.82222222222222,0.1111111111111111,0.1111111111111111,0.0,0.3333333333333333,21243.95,Thrifty
2777,52,17.528089887640448,1474.4915384615383,20.36346153846154,0.5961538461538461,0.09615384615384616,0.8846153846153846,0.17307692307692307,76673.56,Commuter
2778,70,23.595505617977526,1482.4624285714285,19.944285714285712,0.7571428571428571,0.12857142857142856,0.7142857142857143,0.21428571428571427,103772.37,Commuter
2779,11,4.177215189873418,2588.9836363636364,47.17272727272727,0.0,0.0,0.0,0.36363636363636365,28478.82,Thrifty
2780,73,24.886363636363637,1496.7160273972604,19.44109589041096,0.7123287671232876,0.0958904109589041,0.8082191780821918,0.3561643835616438,109260.27,Commuter
2781,66,22.758620689655174,1484.556515151515,19.972727272727273,0.8181818181818182,0.09090909090909091,0.803030303030303,0.15151515151515152,97980.73,Commuter
2782,35,12.804878048780488,1222.1857142857143,13.708571428571428,0.34285714285714286,0.2571428571428571,0.0,0.17142857142857143,42776.5,Shopper
2783,48,16.0,1191.8414583333333,15.545833333333334,0.4791666666666667,0.08333333333333333,0.0,0.3125,57208.39,Shopper
2784,14,5.0602409638554215,1963.72,41.885714285714286,0.5714285714285714,0.5,0.35714285714285715,0.2857142857142857,27492.08,Weekend
2785,39,13.0,1228.5235897435898,14.961538461538462,0.5384615384615384,0.20512820512820512,0.0,0.2564102564102564,47912.42,Shopper
2786,54,19.058823529411764,1487.312037037037,19.85,0.6666666666666666,0.14814814814814814,0.8148148148148148,0.25925925925925924,80314.85,Commuter
2787,39,13.928571428571429,1174.9510256410256,15.233333333333334,0.5384615384615384,0.15384615384615385,0.0,0.4358974358974359,45823.09,Shopper
2788,54,18.40909090909091,1530.635925925926,20.314814814814813,0.7407407407407407,0.018518518518518517,0.7592592592592593,0.3148148148148148,82654.34,Commuter
2789,38,12.954545454545455,1193.9402631578948,14.799999999999999,0.5789473684210527,0.13157894736842105,0.0,0.3157894736842105,45369.73,Shopper
2790,44,15.714285714285715,1207.7247727272727,16.956818181818182,0.5681818181818182,0.29545454545454547,0.0,0.22727272727272727,53139.89,Shopper
2791,20,6.8965517241379315,1999.8404999999998,38.195,0.2,0.35,0.0,0.2,39996.81,Weekend
2792,42,14.318181818181818,1219.8859523809524,13.72142857142857,0.35714285714285715,0.14285714285714285,0.0,0.35714285714285715,51235.21,Shopper
2793,23,7.840909090909092,1984.6347826086956,41.35217391304348,0.391304347826087,0.21739130434782608,0.17391304347826086,0.21739130434782608,45646.6,Weekend
2794,63,21.47727272727273,1522.017619047619,20.525396825396825,0.6984126984126984,0.015873015873015872,0.7777777777777778,0.23809523809523808,95887.11,Commuter
2795,10,3.488372093023256,2597.212,49.510000000000005,0.0,0.0,0.0,0.2,25972.12,Thrifty
2796,30,10.714285714285715,1921.7193333333335,40.28,0.4666666666666667,0.26666666666666666,0.26666666666666666,0.16666666666666666,57651.58,Weekend
2797,62,20.89887640449438,1502.7556451612904,19.403225806451612,0.8064516129032258,0.12903225806451613,0.8064516129032258,0.3709677419354839,93170.85,Commuter
2798,13,4.875,2097.080769230769,42.03076923076923,0.46153846153846156,0.23076923076923078,0.0,0.15384615384615385,27262.05,Weekend
2799,32,11.03448275862069,1245.8675,14.965625,0.46875,0.09375,0.0,0.28125,39867.76,Shopper
2800,57,19.213483146067414,1468.2240350877194,20.598245614035086,0.7017543859649122,0.08771929824561403,0.8947368421052632,0.2631578947368421,83688.77,Commuter
2801,17,6.623376623376623,2019.134705882353,39.241176470588236,0.47058823529411764,0.17647058823529413,0.17647058823529413,0.35294117647058826,34325.29,Weekend
2802,27,9.101123595505618,1214.3666666666668,15.35925925925926,0.5555555555555556,0.18518518518518517,0.0,0.4074074074074074,32787.9,Shopper
2803,41,14.13793103448276,1216.0219512195122,14.558536585365854,0.5121951219512195,0.21951219512195122,0.0,0.1951219512195122,49856.9,Shopper
2804,29,10.609756097560975,1139.6358620689657,14.83448275862069,0.41379310344827586,0.2413793103448276,0.0,0.3448275862068966,33049.44,Shopper
2805,12,4.931506849315069,2434.7425,50.48333333333333,0.08333333333333333,0.0,0.0,0.4166666666666667,29216.91,Thrifty
2806,40,13.793103448275863,1183.06875,14.4575,0.45,0.1,0.0,0.275,47322.75,Shopper
2807,26,9.176470588235293,1953.006153846154,39.246153846153845,0.34615384615384615,0.2692307692307692,0.15384615384615385,0.19230769230769232,50778.16,Weekend
2808,66,22.0,1487.9674242424244,18.525757575757577,0.7575757575757576,0.13636363636363635,0.7575757575757576,0.3181818181818182,98205.85,Commuter
2809,9,3.4177215189873418,2443.1188888888887,48.666666666666664,0.0,0.1111111111111111,0.0,0.2222222222222222,21988.07,Thrifty
2810,15,5.421686746987952,2053.7613333333334,40.973333333333336,0.3333333333333333,0.2,0.06666666666666667,0.4666666666666667,30806.42,Weekend
2811,71,23.93258426966292,1490.4369014084507,19.743661971830985,0.7323943661971831,0.11267605633802817,0.8028169014084507,0.28169014084507044,105821.02,Commuter
2812,14,4.772727272727273,1879.6871428571428,36.84285714285714,0.42857142857142855,0.2857142857142857,0.07142857142857142,0.2857142857142857,26315.62,Weekend
2813,28,9.88235294117647,1985.8092857142858,40.36071428571428,0.5,0.21428571428571427,0.03571428571428571,0.07142857142857142,55602.66,Weekend
2814,61,20.333333333333332,1505.6652459016393,20.370491803278686,0.5901639344262295,0.13114754098360656,0.8032786885245902,0.2459016393442623,91845.58,Commuter
2815,21,7.159090909090909,1980.651904761905,40.714285714285715,0.42857142857142855,0.19047619047619047,0.14285714285714285,0.2857142857142857,41593.69,Weekend
2816,23,8.625,1947.41,40.38695652173913,0.34782608695652173,0.21739130434782608,0.08695652173913043,0.2608695652173913,44790.43,Weekend
2817,9,4.21875,2480.25,54.56666666666667,0.0,0.0,0.0,0.1111111111111111,22322.25,Thrifty
2818,79,26.333333333333332,1507.856582278481,19.356962025316456,0.6455696202531646,0.11392405063291139,0.7088607594936709,0.3037974683544304,119120.67,Commuter
2819,80,26.96629213483146,1509.006125,19.755000000000003,0.7125,0.1,0.875,0.25,120720.49,Commuter
2820,13,4.936708860759493,2543.789230769231,51.25384615384615,0.0,0.0,0.0,0.3076923076923077,33069.26,Thrifty
2821,38,12.954545454545455,1171.5968421052632,14.85,0.5789473684210527,0.18421052631578946,0.0,0.3684210526315789,44520.68,Shopper
2822,60,20.454545454545457,1485.3631666666665,19.861666666666668,0.8166666666666667,0.06666666666666667,0.8833333333333333,0.21666666666666667,89121.79,Commuter
2823,20,6.8965517241379315,1934.4634999999998,40.485,0.55,0.4,0.2,0.15,38689.27,Weekend
2824,69,23.522727272727273,1522.4431884057972,19.402898550724636,0.7101449275362319,0.07246376811594203,0.8260869565217391,0.30434782608695654,105048.58,Commuter
2825,15,6.164383561643836,2537.448666666666,44.626666666666665,0.06666666666666667,0.06666666666666667,0.0,0.13333333333333333,38061.729999999996,Thrifty
2826,42,14.318181818181818,1186.1095238095238,15.688095238095238,0.5952380952380952,0.07142857142857142,0.0,0.3333333333333333,49816.6,Shopper
2827,23,8.414634146341463,2032.4565217391305,39.547826086956526,0.391304347826087,0.13043478260869565,0.08695652173913043,0.21739130434782608,46746.5,Weekend
2828,61,20.333333333333332,1515.4249180327868,19.688524590163933,0.6721311475409836,0.08196721311475409,0.7377049180327869,0.3114754098360656,92440.92,Commuter
2829,17,5.862068965517242,2479.0623529411764,46.26470588235294,0.11764705882352941,0.11764705882352941,0.0,0.17647058823529413,42144.06,Thrifty
2830,63,21.47727272727273,1499.1898412698413,19.839682539682542,0.6984126984126984,0.07936507936507936,0.7301587301587301,0.12698412698412698,94448.96,Commuter
2831,14,5.454545454545454,2500.218571428571,51.15,0.21428571428571427,0.0,0.0,0.2857142857142857,35003.06,Thrifty
2832,17,6.0,2035.1294117647058,43.28823529411765,0.5294117647058824,0.23529411764705882,0.23529411764705882,0.17647058823529413,34597.2,Weekend
2833,70,23.595505617977526,1461.2188571428571,19.058571428571426,0.7142857142857143,0.05714285714285714,0.8285714285714286,0.37142857142857144,102285.32,Commuter
2834,66,22.247191011235955,1501.5728787878788,19.61060606060606,0.6666666666666666,0.10606060606060606,0.8181818181818182,0.19696969696969696,99103.81,Commuter
2835,6,3.0,2623.2683333333334,48.88333333333333,0.0,0.0,0.0,0.5,15739.61,Thrifty
2836,37,12.758620689655173,1246.0472972972973,14.54054054054054,0.5405405405405406,0.35135135135135137,0.0,0.1891891891891892,46103.75,Shopper
2837,38,12.954545454545455,1208.001052631579,14.936842105263159,0.5,0.18421052631578946,0.0,0.2631578947368421,45904.04,Shopper
2838,68,24.0,1505.3057352941175,20.610294117647058,0.75,0.07352941176470588,0.8088235294117647,0.23529411764705882,102360.79,Commuter
2839,10,3.7037037037037033,1870.7510000000002,38.56,0.6,0.4,0.0,0.4,18707.510000000002,Weekend
2840,17,5.930232558139535,2491.0635294117646,51.84705882352941,0.058823529411764705,0.0,0.0,0.23529411764705882,42348.08,Thrifty
2841,15,5.69620253164557,2546.0326666666665,49.18,0.06666666666666667,0.06666666666666667,0.0,0.3333333333333333,38190.49,Thrifty
2842,20,6.976744186046512,1978.1345000000001,38.25,0.35,0.3,0.1,0.3,39562.69,Weekend
2843,34,11.724137931034484,1201.7070588235295,14.594117647058823,0.5,0.11764705882352941,0.0,0.3235294117647059,40858.04,Shopper
2844,48,16.0,1216.3372916666667,15.772916666666667,0.4791666666666667,0.22916666666666666,0.0,0.375,58384.19,Shopper
2845,12,4.736842105263158,1969.4791666666667,39.11666666666667,0.4166666666666667,0.0,0.0,0.25,23633.75,Weekend
2846,8,2.7906976744186047,2549.34125,46.5375,0.0,0.0,0.0,0.25,20394.73,Thrifty
2847,19,7.702702702702703,2040.0452631578949,38.22631578947368,0.47368421052631576,0.15789473684210525,0.15789473684210525,0.2631578947368421,38760.86,Weekend
2848,64,22.325581395348838,1515.31953125,19.6671875,0.703125,0.09375,0.796875,0.171875,96980.45,Commuter
2849,24,8.372093023255815,2026.0475,39.045833333333334,0.25,0.125,0.08333333333333333,0.375,48625.14,Weekend
2850,12,4.137931034482759,2343.4516666666664,52.14166666666667,0.0,0.08333333333333333,0.0,0.4166666666666667,28121.42,Thrifty
2851,20,7.5,2031.5044999999998,40.144999999999996,0.5,0.35,0.05,0.35,40630.09,Weekend
2852,49,16.896551724137932,1521.1226530612244,19.914285714285715,0.7755102040816326,0.12244897959183673,0.7142857142857143,0.20408163265306123,74535.01,Commuter
2853,64,22.325581395348838,1511.85359375,19.9328125,0.75,0.0625,0.890625,0.28125,96758.63,Commuter
2854,39,13.295454545454547,1171.5448717948718,14.102564102564102,0.46153846153846156,0.1794871794871795,0.0,0.28205128205128205,45690.25,Shopper
2855,70,23.333333333333332,1488.979857142857,19.84285714285714,0.6714285714285714,0.18571428571428572,0.7714285714285715,0.34285714285714286,104228.59,Commuter
2856,7,2.8378378378378377,2386.1314285714284,50.17142857142857,0.0,0.0,0.0,0.2857142857142857,16702.92,Thrifty
2857,64,21.81818181818182,1500.65109375,19.7359375,0.71875,0.09375,0.796875,0.265625,96041.67,Commuter
2858,63,21.235955056179776,1478.6492063492062,20.534920634920635,0.6507936507936508,0.1111111111111111,0.7936507936507936,0.30158730158730157,93154.9,Commuter
2859,54,18.40909090909091,1504.6827777777778,20.80185185185185,0.6666666666666666,0.14814814814814814,0.7592592592592593,0.2962962962962963,81252.87,Commuter
2860,58,19.333333333333332,1484.978275862069,20.155172413793103,0.7586206896551724,0.1724137931034483,0.8103448275862069,0.20689655172413793,86128.74,Commuter
2861,33,12.692307692307692,1217.7033333333334,15.645454545454545,0.5454545454545454,0.21212121212121213,0.0,0.3333333333333333,40184.21,Shopper
2862,58,21.48148148148148,1512.361551724138,19.23793103448276,0.6896551724137931,0.10344827586206896,0.7931034482758621,0.20689655172413793,87716.97,Commuter
2863,33,11.785714285714286,1213.87,16.015151515151516,0.5151515151515151,0.24242424242424243,0.0,0.15151515151515152,40057.71,Shopper
2864,14,5.3164556962025316,1985.6542857142856,41.464285714285715,0.42857142857142855,0.42857142857142855,0.21428571428571427,0.2857142857142857,27799.16,Weekend
2865,14,5.121951219512195,2503.5214285714287,45.871428571428574,0.21428571428571427,0.0,0.0,0.42857142857142855,35049.3,Thrifty
2866,18,6.136363636363637,1958.8516666666667,36.44444444444444,0.2777777777777778,0.2222222222222222,0.05555555555555555,0.3888888888888889,35259.33,Weekend
2867,8,5.714285714285714,2393.3675,45.35,0.0,0.125,0.0,0.25,19146.94,Thrifty
2868,18,6.506024096385542,1990.2083333333333,38.18333333333333,0.5,0.16666666666666666,0.16666666666666666,0.16666666666666666,35823.75,Weekend
2869,55,18.539325842696627,1509.5687272727273,20.16,0.6363636363636364,0.14545454545454545,0.8181818181818182,0.3090909090909091,83026.28,Commuter
2870,8,2.926829268292683,2526.965,53.6,0.0,0.125,0.0,0.25,20215.72,Thrifty
2871,37,13.875,1230.9272972972972,15.045945945945947,0.4864864864864865,0.05405405405405406,0.0,0.35135135135135137,45544.31,Shopper
2872,32,12.151898734177216,1228.9053125,15.396875,0.59375,0.0625,0.0,0.375,39324.97,Shopper
2873,28,10.120481927710843,1224.9978571428571,14.6,0.4642857142857143,0.2857142857142857,0.0,0.35714285714285715,34299.94,Shopper
2874,13,4.875,2556.046923076923,48.176923076923075,0.07692307692307693,0.0,0.0,0.15384615384615385,33228.61,Thrifty
2875,20,7.792207792207791,1976.3384999999998,39.964999999999996,0.35,0.25,0.05,0.25,39526.77,Weekend
2876,20,6.741573033707865,2438.3990000000003,45.235,0.05,0.05,0.0,0.4,48767.98,Thrifty
2877,13,4.4318181818181825,2495.000769230769,48.392307692307696,0.0,0.0,0.0,0.23076923076923078,32435.01,Thrifty
2878,60,20.0,1506.4375,20.348333333333336,0.7333333333333333,0.08333333333333333,0.8,0.2,90386.25,Commuter
2879,20,7.0588235294117645,2016.4235,38.585,0.4,0.15,0.2,0.2,40328.47,Weekend
2880,58,19.333333333333332,1472.0086206896551,20.624137931034483,0.6206896551724138,0.13793103448275862,0.7413793103448276,0.22413793103448276,85376.5,Commuter
2881,13,4.814814814814815,2447.113846153846,54.361538461538466,0.0,0.07692307692307693,0.0,0.38461538461538464,31812.48,Thrifty
2882,34,12.0,1173.990294117647,14.967647058823529,0.5294117647058824,0.23529411764705882,0.0,0.35294117647058826,39915.67,Shopper
2883,58,19.772727272727273,1476.2777586206896,21.301724137931036,0.6551724137931034,0.13793103448275862,0.8275862068965517,0.3448275862068966,85624.11,Commuter
2884,63,21.235955056179776,1492.9279365079367,20.97142857142857,0.6666666666666666,0.14285714285714285,0.7936507936507936,0.31746031746031744,94054.46,Commuter
2885,57,19.88372093023256,1494.8038596491228,19.164912280701756,0.7192982456140351,0.07017543859649122,0.8771929824561403,0.17543859649122806,85203.82,Commuter
2886,40,13.793103448275863,1195.434,16.294999999999998,0.4,0.3,0.0,0.2,47817.36,Shopper
2887,15,5.555555555555555,2518.19,47.77333333333333,0.06666666666666667,0.06666666666666667,0.0,0.13333333333333333,37772.85,Thrifty
2888,13,4.534883720930233,2458.690769230769,50.74615384615385,0.0,0.0,0.0,0.3076923076923077,31962.98,Thrifty
2889,56,19.76470588235294,1199.702142857143,14.907142857142857,0.5,0.30357142857142855,0.0,0.26785714285714285,67183.32,Shopper
2890,34,12.142857142857144,1207.219411764706,14.91470588235294,0.5882352941176471,0.23529411764705882,0.0,0.3235294117647059,41045.46,Shopper
2891,13,4.534883720930233,2562.0338461538463,48.07692307692308,0.07692307692307693,0.0,0.0,0.38461538461538464,33306.44,Thrifty
2892,25,8.720930232558139,2021.924,40.711999999999996,0.4,0.44,0.12,0.28,50548.1,Weekend
2893,25,8.522727272727273,1990.96,40.468,0.28,0.28,0.16,0.2,49774.0,Weekend
2894,14,5.185185185185185,2014.7385714285715,40.82142857142857,0.5,0.21428571428571427,0.07142857142857142,0.14285714285714285,28206.34,Weekend
2895,61,20.795454545454547,1487.014918032787,19.89016393442623,0.7049180327868853,0.04918032786885246,0.819672131147541,0.29508196721311475,90707.91,Commuter
2896,43,14.827586206896552,1219.5027906976745,14.506976744186046,0.5813953488372093,0.16279069767441862,0.0,0.2558139534883721,52438.62,Shopper
2897,14,4.827586206896552,2565.344285714286,51.357142857142854,0.07142857142857142,0.0,0.0,0.5,35914.82,Thrifty
2898,74,26.11764705882353,1486.5385135135136,19.863513513513514,0.6756756756756757,0.10810810810810811,0.7027027027027027,0.36486486486486486,110003.85,Commuter
2899,14,5.0,2478.011428571429,46.90714285714285,0.07142857142857142,0.14285714285714285,0.0,0.5,34692.16,Thrifty
2900,70,23.595505617977526,1487.622,20.037142857142857,0.6285714285714286,0.08571428571428572,0.8714285714285714,0.2714285714285714,104133.54000000001,Commuter
2901,55,18.539325842696627,1534.1376363636366,20.34181818181818,0.7454545454545455,0.10909090909090909,0.8181818181818182,0.23636363636363636,84377.57,Commuter
2902,15,5.48780487804878,1967.2540000000001,37.05333333333333,0.4,0.2,0.13333333333333333,0.06666666666666667,29508.81,Weekend
2903,71,24.204545454545457,1535.335352112676,20.642253521126758,0.7464788732394366,0.056338028169014086,0.7746478873239436,0.28169014084507044,109008.81,Commuter
2904,14,5.833333333333334,2484.54,47.542857142857144,0.07142857142857142,0.0,0.0,0.5,34783.56,Thrifty
2905,9,3.292682926829268,2557.8055555555557,50.58888888888889,0.1111111111111111,0.0,0.0,0.3333333333333333,23020.25,Thrifty
2906,62,20.89887640449438,1494.1835483870968,19.59193548387097,0.6774193548387096,0.11290322580645161,0.7741935483870968,0.43548387096774194,92639.38,Commuter
2907,43,14.65909090909091,1204.4648837209302,14.397674418604652,0.5813953488372093,0.16279069767441862,0.0,0.3488372093023256,51791.99,Shopper
2908,60,20.930232558139533,1483.9771666666668,18.871666666666666,0.7333333333333333,0.13333333333333333,0.7666666666666667,0.31666666666666665,89038.63,Commuter
2909,9,3.6486486486486487,2625.354444444444,49.08888888888889,0.0,0.0,0.0,0.2222222222222222,23628.19,Thrifty
2910,17,6.144578313253012,2368.7182352941177,47.03529411764706,0.0,0.11764705882352941,0.0,0.29411764705882354,40268.21,Thrifty
2911,69,23.522727272727273,1517.7794202898551,19.043478260869566,0.7391304347826086,0.10144927536231885,0.7681159420289855,0.391304347826087,104726.78,Commuter
2912,63,21.47727272727273,1511.691111111111,19.544444444444444,0.6825396825396826,0.031746031746031744,0.746031746031746,0.2857142857142857,95236.54,Commuter
2913,15,5.113636363636364,1969.3146666666667,41.26,0.6666666666666666,0.13333333333333333,0.26666666666666666,0.13333333333333333,29539.72,Weekend
2914,33,11.379310344827587,1189.858484848485,15.433333333333334,0.6060606060606061,0.21212121212121213,0.0,0.2727272727272727,39265.33,Shopper
2915,61,20.333333333333332,1522.4383606557378,19.47049180327869,0.7704918032786885,0.09836065573770492,0.8852459016393442,0.22950819672131148,92868.74,Commuter
2916,19,7.125,2018.1915789473685,40.98947368421052,0.5789473684210527,0.10526315789473684,0.05263157894736842,0.42105263157894735,38345.64,Weekend
2917,20,8.0,1990.2060000000001,38.585,0.35,0.25,0.0,0.2,39804.12,Weekend
2918,35,12.5,1219.7788571428573,15.231428571428571,0.45714285714285713,0.11428571428571428,0.0,0.37142857142857144,42692.26,Shopper
2919,11,6.0,2565.8245454545454,52.93636363636363,0.0,0.0,0.0,0.2727272727272727,28224.07,Thrifty
2920,14,5.25,2522.3264285714286,46.66428571428571,0.0,0.07142857142857142,0.0,0.21428571428571427,35312.57,Thrifty
2921,12,4.5,2501.555,48.93333333333333,0.0,0.0,0.0,0.08333333333333333,30018.66,Thrifty
2922,16,6.486486486486486,2103.709375,38.43125,0.3125,0.25,0.125,0.3125,33659.35,Weekend
2923,37,13.058823529411764,1233.1472972972972,14.92972972972973,0.5405405405405406,0.16216216216216217,0.0,0.1891891891891892,45626.45,Shopper
2924,67,22.333333333333332,1482.9888059701493,20.56417910447761,0.7164179104477612,0.08955223880597014,0.8059701492537313,0.2835820895522388,99360.25,Commuter
2925,17,6.8,2336.15,50.311764705882354,0.058823529411764705,0.0,0.0,0.29411764705882354,39714.55,Thrifty
2926,39,13.146067415730336,1225.0666666666666,15.779487179487178,0.717948717948718,0.20512820512820512,0.0,0.23076923076923078,47777.6,Shopper
2927,35,12.352941176470587,1209.0708571428572,16.8,0.6571428571428571,0.2571428571428571,0.0,0.3142857142857143,42317.48,Shopper
2928,46,15.50561797752809,1194.8754347826089,13.095652173913043,0.4782608695652174,0.08695652173913043,0.0,0.2826086956521739,54964.270000000004,Shopper
2929,20,7.792207792207791,2116.5975,40.839999999999996,0.45,0.15,0.1,0.3,42331.95,Weekend
2930,12,4.931506849315069,2510.8250000000003,47.63333333333333,0.08333333333333333,0.25,0.0,0.25,30129.9,Thrifty
2931,21,7.500000000000001,1975.3833333333334,40.55714285714286,0.6666666666666666,0.23809523809523808,0.23809523809523808,0.2857142857142857,41483.05,Weekend
2932,28,10.24390243902439,1978.7667857142858,39.03214285714286,0.32142857142857145,0.35714285714285715,0.14285714285714285,0.21428571428571427,55405.47,Weekend
2933,79,26.333333333333332,1489.2179746835443,19.626582278481013,0.6835443037974683,0.08860759493670886,0.8354430379746836,0.4050632911392405,117648.22,Commuter
2934,9,3.75,2503.81,51.12222222222223,0.1111111111111111,0.0,0.0,0.1111111111111111,22534.29,Thrifty
2935,21,7.078651685393258,2031.8799999999999,36.404761904761905,0.5238095238095238,0.14285714285714285,0.14285714285714285,0.23809523809523808,42669.479999999996,Weekend
2936,55,18.75,1491.2532727272726,20.84181818181818,0.6545454545454545,0.18181818181818182,0.8545454545454545,0.2727272727272727,82018.93,Commuter
2937,18,6.352941176470588,1954.843888888889,36.87222222222223,0.3333333333333333,0.4444444444444444,0.05555555555555555,0.2222222222222222,35187.19,Weekend
2938,16,7.384615384615385,2065.775625,36.11875,0.25,0.125,0.0625,0.375,33052.41,Weekend
2939,33,11.25,1198.5927272727272,15.166666666666666,0.3939393939393939,0.30303030303030304,0.0,0.3333333333333333,39553.56,Shopper
2940,49,18.148148148148145,1503.0287755102042,21.120408163265306,0.7346938775510204,0.061224489795918366,0.8775510204081632,0.24489795918367346,73648.41,Commuter
2941,62,21.379310344827587,1492.0093548387097,18.411290322580644,0.6774193548387096,0.06451612903225806,0.7903225806451613,0.27419354838709675,92504.58,Commuter
2942,20,7.142857142857143,1948.592,41.065,0.7,0.4,0.05,0.2,38971.840000000004,Weekend
2943,57,19.0,1547.8164912280702,20.596491228070175,0.7719298245614035,0.12280701754385964,0.7543859649122807,0.22807017543859648,88225.54,Commuter
2944,17,7.727272727272727,1983.6888235294118,41.48235294117647,0.4117647058823529,0.29411764705882354,0.11764705882352941,0.5294117647058824,33722.71,Weekend
2945,12,4.186046511627907,1996.3316666666667,41.949999999999996,0.3333333333333333,0.3333333333333333,0.08333333333333333,0.16666666666666666,23955.98,Weekend
2946,70,23.863636363636367,1455.610857142857,20.731428571428573,0.7142857142857143,0.08571428571428572,0.7285714285714285,0.3142857142857143,101892.76,Commuter
2947,10,3.7037037037037033,2337.134,46.92,0.0,0.0,0.0,0.3,23371.34,Thrifty
2948,11,3.8823529411764706,2443.002727272727,53.190909090909095,0.18181818181818182,0.18181818181818182,0.0,0.2727272727272727,26873.03,Thrifty
2949,9,3.75,2511.726666666667,47.91111111111111,0.2222222222222222,0.1111111111111111,0.0,0.3333333333333333,22605.54,Thrifty
2950,36,13.170731707317072,1185.4080555555556,15.488888888888889,0.2777777777777778,0.25,0.0,0.2777777777777778,42674.69,Shopper
2951,47,16.20689655172414,1201.9406382978723,14.261702127659573,0.425531914893617,0.3191489361702128,0.0,0.3404255319148936,56491.21,Shopper
2952,18,6.666666666666666,2059.358888888889,43.22222222222222,0.3333333333333333,0.2222222222222222,0.16666666666666666,0.2777777777777778,37068.46,Weekend
2953,16,6.075949367088608,1896.695,42.78125,0.375,0.625,0.0625,0.3125,30347.12,Weekend
2954,13,4.482758620689656,2385.6523076923077,52.815384615384616,0.07692307692307693,0.0,0.0,0.46153846153846156,31013.48,Thrifty
2955,37,12.758620689655173,1225.013243243243,13.716216216216216,0.5945945945945946,0.35135135135135137,0.0,0.24324324324324326,45325.49,Shopper
2956,16,5.714285714285714,1998.9950000000001,33.7375,0.5625,0.5,0.0625,0.4375,31983.920000000002,Weekend
2957,15,5.357142857142858,2041.1526666666666,41.473333333333336,0.4666666666666667,0.4,0.0,0.26666666666666666,30617.29,Weekend
2958,32,11.566265060240964,1183.56375,14.959375,0.40625,0.25,0.0,0.125,37874.04,Shopper
2959,69,23.258426966292134,1502.4957971014494,20.317391304347826,0.7246376811594203,0.08695652173913043,0.7246376811594203,0.2463768115942029,103672.21,Commuter
2960,41,15.375,1200.7853658536585,13.814634146341463,0.43902439024390244,0.2926829268292683,0.0,0.1951219512195122,49232.2,Shopper
2961,61,20.333333333333332,1567.7409836065574,19.695081967213117,0.819672131147541,0.11475409836065574,0.7868852459016393,0.32786885245901637,95632.2,Commuter
2962,12,4.444444444444444,2477.0941666666668,55.28333333333333,0.0,0.0,0.0,0.08333333333333333,29725.13,Thrifty
2963,11,5.409836065573771,2498.22,50.654545454545456,0.09090909090909091,0.0,0.0,0.45454545454545453,27480.42,Thrifty
2964,45,15.88235294117647,1219.2753333333333,16.364444444444445,0.5777777777777777,0.2222222222222222,0.0,0.26666666666666666,54867.39,Shopper
2965,35,12.068965517241379,1220.6645714285714,15.228571428571428,0.6285714285714286,0.17142857142857143,0.0,0.22857142857142856,42723.26,Shopper
2966,33,11.123595505617978,2062.9521212121213,39.43030303030303,0.36363636363636365,0.36363636363636365,0.09090909090909091,0.36363636363636365,68077.42,Weekend
2967,21,7.777777777777778,2090.436190476191,40.72857142857143,0.2857142857142857,0.09523809523809523,0.14285714285714285,0.2857142857142857,43899.16,Weekend
2968,18,6.067415730337078,1891.6977777777777,43.72222222222222,0.4444444444444444,0.3333333333333333,0.05555555555555555,0.2777777777777778,34050.56,Weekend
2969,35,12.650602409638555,1183.0182857142856,14.528571428571428,0.4857142857142857,0.14285714285714285,0.0,0.2857142857142857,41405.64,Shopper
2970,6,5.294117647058823,2477.108333333333,46.5,0.0,0.0,0.0,0.3333333333333333,14862.65,Thrifty
2971,13,5.131578947368421,2542.8276923076924,49.03076923076923,0.0,0.0,0.0,0.07692307692307693,33056.76,Thrifty
2972,59,19.8876404494382,1522.635254237288,19.90169491525424,0.7288135593220338,0.0847457627118644,0.7966101694915254,0.2711864406779661,89835.48,Commuter
2973,20,6.976744186046512,1975.2295,39.955,0.35,0.25,0.05,0.25,39504.59,Weekend
2974,20,6.8965517241379315,2002.7115000000001,38.375,0.4,0.15,0.1,0.25,40054.23,Weekend
2975,16,6.0,2458.006875,50.21875,0.125,0.0,0.0,0.3125,39328.11,Thrifty
2976,64,21.333333333333332,1506.58,19.2921875,0.734375,0.078125,0.90625,0.265625,96421.12,Commuter
2977,42,14.318181818181818,1200.2807142857143,15.683333333333334,0.4523809523809524,0.07142857142857142,0.0,0.2857142857142857,50411.79,Shopper
2978,64,21.573033707865168,1487.528125,19.953125,0.640625,0.109375,0.8125,0.3125,95201.8,Commuter
2979,22,8.048780487804878,2034.625,42.04545454545455,0.36363636363636365,0.18181818181818182,0.13636363636363635,0.18181818181818182,44761.75,Weekend
2980,42,14.482758620689655,1239.8909523809523,15.399999999999999,0.5714285714285714,0.19047619047619047,0.0,0.2857142857142857,52075.42,Shopper
2981,8,3.4285714285714284,2610.79875,48.0625,0.0,0.125,0.0,0.125,20886.39,Thrifty
2982,58,20.0,1498.6689655172415,18.770689655172415,0.6379310344827587,0.05172413793103448,0.6896551724137931,0.3103448275862069,86922.8,Commuter
2983,21,7.875,1902.1909523809525,38.44761904761905,0.3333333333333333,0.23809523809523808,0.14285714285714285,0.14285714285714285,39946.01,Weekend
2984,45,16.463414634146343,1213.5577777777778,14.844444444444445,0.5777777777777777,0.13333333333333333,0.0,0.35555555555555557,54610.1,Shopper
2985,13,5.416666666666667,2508.459230769231,51.34615384615385,0.07692307692307693,0.07692307692307693,0.0,0.38461538461538464,32609.97,Thrifty
2986,35,12.209302325581396,1194.4728571428573,13.911428571428571,0.34285714285714286,0.4,0.0,0.2857142857142857,41806.55,Shopper
2987,58,20.0,1510.7199999999998,19.627586206896552,0.7931034482758621,0.1206896551724138,0.7413793103448276,0.27586206896551724,87621.76,Commuter
2988,14,4.883720930232558,2416.8535714285713,50.1,0.07142857142857142,0.0,0.0,0.35714285714285715,33835.95,Thrifty
2989,22,8.048780487804878,2035.0136363636366,39.95909090909091,0.36363636363636365,0.45454545454545453,0.09090909090909091,0.36363636363636365,44770.3,Weekend
2990,36,12.413793103448276,1216.0772222222222,15.191666666666666,0.5277777777777778,0.2222222222222222,0.0,0.16666666666666666,43778.78,Shopper
2991,56,19.53488372093023,1542.069107142857,19.807142857142857,0.6785714285714286,0.05357142857142857,0.7142857142857143,0.26785714285714285,86355.87,Commuter
2992,46,16.235294117647058,1174.291304347826,14.180434782608694,0.5,0.30434782608695654,0.0,0.17391304347826086,54017.4,Shopper
2993,30,10.344827586206897,1939.3243333333335,37.89333333333333,0.4,0.3,0.1,0.36666666666666664,58179.73,Weekend
2994,17,6.623376623376623,2467.242941176471,49.6764705882353,0.0,0.0,0.0,0.29411764705882354,41943.130000000005,Thrifty
2995,70,23.863636363636367,1465.9214285714286,20.835714285714285,0.7,0.11428571428571428,0.9,0.38571428571428573,102614.5,Commuter
2996,26,9.285714285714286,1172.1292307692308,15.696153846153846,0.5384615384615384,0.3076923076923077,0.0,0.23076923076923078,30475.36,Shopper
2997,53,18.06818181818182,1505.521886792453,18.89056603773585,0.6792452830188679,0.1320754716981132,0.8113207547169812,0.2830188679245283,79792.66,Commuter
2998,10,3.6144578313253013,2560.025,47.510000000000005,0.0,0.0,0.0,0.3,25600.25,Thrifty
2999,63,21.235955056179776,1496.1249206349205,19.523809523809526,0.7936507936507936,0.1111111111111111,0.8095238095238095,0.2857142857142857,94255.87,Commuter
3000,39,13.295454545454547,1182.5935897435897,13.343589743589742,0.6410256410256411,0.23076923076923078,0.0,0.28205128205128205,46121.15,Shopper
